PT08.S1(CO),PT08.S2(NMHC),PT08.S3(NOx),PT08.S4(NO2),PT08.S5(O3),Cluster_Assignment
1360.0,1046.0,1056.0,1692.0,1268.0,2
1292.0,955.0,1174.0,1559.0,972.0,2
1402.0,939.0,1140.0,1555.0,1074.0,2
1376.0,948.0,1092.0,1584.0,1203.0,2
1272.0,836.0,1205.0,1490.0,1110.0,2
1197.0,750.0,1337.0,1393.0,949.0,0
1185.0,690.0,1462.0,1333.0,733.0,0
1136.0,672.0,1453.0,1333.0,730.0,0
1094.0,609.0,1579.0,1276.0,620.0,0
1010.0,561.0,1705.0,1235.0,501.0,0
1011.0,527.0,1818.0,1197.0,445.0,0
1066.0,512.0,1918.0,1182.0,422.0,0
1052.0,553.0,1738.0,1221.0,472.0,0
1144.0,667.0,1490.0,1339.0,730.0,0
1333.0,900.0,1136.0,1517.0,1102.0,2
1351.0,960.0,1079.0,1583.0,1028.0,2
1233.0,827.0,1218.0,1446.0,860.0,2
1179.0,762.0,1328.0,1362.0,671.0,0
1236.0,774.0,1301.0,1401.0,664.0,0
1286.0,869.0,1162.0,1537.0,799.0,2
1371.0,1034.0,983.0,1730.0,1037.0,2
1310.0,933.0,1082.0,1647.0,946.0,2
1292.0,912.0,1103.0,1591.0,957.0,2
1383.0,1020.0,1008.0,1719.0,1104.0,2
1581.0,1319.0,799.0,2083.0,1409.0,1
1776.0,1488.0,702.0,2333.0,1704.0,1
1640.0,1404.0,743.0,2191.0,1654.0,1
1313.0,1076.0,957.0,1707.0,1285.0,2
965.0,749.0,1325.0,1333.0,821.0,0
913.0,629.0,1565.0,1252.0,552.0,0
1080.0,805.0,1254.0,1375.0,816.0,0
1044.0,829.0,1247.0,1378.0,832.0,0
988.0,718.0,1396.0,1304.0,692.0,0
889.0,574.0,1680.0,1187.0,512.0,0
831.0,506.0,1893.0,1134.0,384.0,0
847.0,501.0,1895.0,1155.0,394.0,0
927.0,571.0,1685.0,1223.0,487.0,0
1091.0,730.0,1387.0,1361.0,748.0,0
1587.0,1236.0,897.0,1900.0,1400.0,1
1545.0,1353.0,767.0,2058.0,1588.0,1
1350.0,1118.0,912.0,1712.0,1237.0,2
1263.0,1037.0,969.0,1598.0,1167.0,2
1206.0,986.0,1035.0,1537.0,959.0,2
1252.0,1016.0,1008.0,1593.0,983.0,2
1287.0,1078.0,949.0,1660.0,1061.0,2
1353.0,1122.0,922.0,1740.0,1139.0,2
1309.0,1073.0,954.0,1657.0,1112.0,2
1274.0,1041.0,1006.0,1610.0,994.0,2
1510.0,1277.0,812.0,1910.0,1410.0,1
1525.0,1246.0,821.0,1847.0,1448.0,1
1843.0,1610.0,624.0,2390.0,1887.0,1
1598.0,1299.0,752.0,1941.0,1627.0,1
1484.0,1127.0,839.0,1723.0,1491.0,1
1677.0,1346.0,741.0,2062.0,1657.0,1
1280.0,964.0,963.0,1544.0,1285.0,2
1196.0,873.0,1071.0,1463.0,1144.0,2
1184.0,782.0,1176.0,1365.0,1043.0,2
1172.0,783.0,1179.0,1380.0,996.0,2
1147.0,821.0,1132.0,1412.0,992.0,2
978.0,625.0,1420.0,1274.0,819.0,0
1100.0,646.0,1406.0,1268.0,835.0,0
1112.0,770.0,1228.0,1409.0,940.0,0
1336.0,1043.0,935.0,1678.0,1192.0,2
1408.0,1153.0,830.0,1777.0,1411.0,1
1447.0,1081.0,869.0,1667.0,1465.0,1
1542.0,1184.0,808.0,1780.0,1583.0,1
1451.0,1117.0,875.0,1679.0,1387.0,1
1328.0,1059.0,987.0,1600.0,1101.0,2
1207.0,924.0,1088.0,1488.0,850.0,2
1240.0,947.0,1049.0,1532.0,947.0,2
1306.0,987.0,1004.0,1554.0,1078.0,2
1326.0,1000.0,976.0,1602.0,1084.0,2
1473.0,1163.0,831.0,1779.0,1395.0,1
1609.0,1286.0,758.0,1922.0,1612.0,1
1611.0,1274.0,754.0,1915.0,1697.0,1
1621.0,1247.0,762.0,1860.0,1886.0,1
1444.0,1089.0,844.0,1748.0,1624.0,1
1418.0,1010.0,892.0,1603.0,1536.0,1
1534.0,1013.0,889.0,1611.0,1535.0,1
1484.0,1045.0,880.0,1624.0,1530.0,1
1367.0,925.0,953.0,1543.0,1337.0,2
1344.0,968.0,921.0,1620.0,1278.0,2
1130.0,773.0,1130.0,1452.0,1051.0,2
1062.0,691.0,1272.0,1377.0,929.0,0
1076.0,618.0,1395.0,1333.0,872.0,0
1028.0,615.0,1384.0,1340.0,853.0,0
1155.0,722.0,1225.0,1414.0,959.0,0
1235.0,828.0,1055.0,1527.0,1093.0,2
1332.0,923.0,952.0,1614.0,1225.0,2
1445.0,1009.0,878.0,1696.0,1355.0,1
1416.0,1002.0,907.0,1677.0,1262.0,2
1281.0,880.0,1084.0,1525.0,980.0,2
1207.0,879.0,1104.0,1490.0,872.0,2
1258.0,906.0,1081.0,1511.0,900.0,2
1458.0,1045.0,974.0,1646.0,1099.0,2
1438.0,1051.0,943.0,1668.0,1206.0,2
1478.0,1055.0,929.0,1671.0,1262.0,1
1808.0,1312.0,753.0,1993.0,1698.0,1
1898.0,1381.0,681.0,2103.0,1905.0,1
1560.0,1140.0,784.0,1818.0,1648.0,1
1324.0,940.0,924.0,1587.0,1423.0,2
1349.0,933.0,933.0,1617.0,1349.0,2
1239.0,872.0,985.0,1547.0,1250.0,2
1239.0,853.0,1010.0,1543.0,1174.0,2
1224.0,855.0,998.0,1566.0,1149.0,2
1078.0,734.0,1128.0,1487.0,1021.0,2
1078.0,711.0,1150.0,1468.0,1013.0,0
1075.0,703.0,1156.0,1464.0,1010.0,0
1157.0,830.0,1030.0,1584.0,1083.0,2
1314.0,966.0,897.0,1710.0,1235.0,2
1797.0,1451.0,652.0,2323.0,1680.0,1
1961.0,1701.0,537.0,2665.0,2184.0,1
1771.0,1470.0,622.0,2262.0,1973.0,1
1564.0,1300.0,710.0,2029.0,1798.0,1
1430.0,1120.0,831.0,1783.0,1522.0,1
1417.0,1146.0,830.0,1831.0,1404.0,1
1400.0,1162.0,838.0,1829.0,1263.0,1
1317.0,1053.0,926.0,1707.0,1137.0,2
1318.0,1033.0,950.0,1675.0,1068.0,2
1445.0,1141.0,857.0,1824.0,1252.0,1
1917.0,1601.0,631.0,2447.0,1843.0,1
2040.0,1754.0,542.0,2679.0,2122.0,1
1895.0,1573.0,565.0,2443.0,1992.0,1
1595.0,1294.0,678.0,2058.0,1707.0,1
1439.0,1159.0,764.0,1856.0,1494.0,1
1142.0,852.0,1008.0,1547.0,1164.0,2
1304.0,1019.0,852.0,1731.0,1272.0,2
1074.0,784.0,1098.0,1483.0,1040.0,2
968.0,640.0,1320.0,1386.0,867.0,0
929.0,608.0,1376.0,1364.0,826.0,0
941.0,626.0,1316.0,1373.0,840.0,0
937.0,585.0,1412.0,1348.0,793.0,0
1017.0,681.0,1246.0,1418.0,870.0,0
1171.0,770.0,1162.0,1467.0,930.0,2
1541.0,1185.0,770.0,1889.0,1407.0,1
1539.0,1287.0,698.0,2055.0,1507.0,1
1735.0,1431.0,628.0,2211.0,1843.0,1
1571.0,1297.0,730.0,1973.0,1729.0,1
1452.0,1250.0,776.0,1868.0,1583.0,1
1579.0,1359.0,724.0,1998.0,1671.0,1
1466.0,1309.0,773.0,1897.0,1491.0,1
1280.0,1136.0,893.0,1675.0,1240.0,2
1407.0,1197.0,905.0,1759.0,1313.0,1
1389.0,1173.0,898.0,1739.0,1363.0,1
1447.0,1235.0,859.0,1778.0,1296.0,1
1551.0,1271.0,800.0,1875.0,1432.0,1
1474.0,1173.0,854.0,1776.0,1432.0,1
1800.0,1426.0,700.0,2106.0,2034.0,1
1379.0,1101.0,818.0,1710.0,1602.0,1
1201.0,943.0,935.0,1560.0,1362.0,2
1205.0,925.0,922.0,1547.0,1314.0,2
1072.0,784.0,1066.0,1442.0,1114.0,2
998.0,714.0,1169.0,1383.0,992.0,0
933.0,625.0,1292.0,1332.0,884.0,0
883.0,577.0,1396.0,1303.0,808.0,0
869.0,554.0,1460.0,1268.0,667.0,0
891.0,576.0,1417.0,1289.0,733.0,0
1173.0,878.0,1038.0,1556.0,1052.0,2
1587.0,1334.0,702.0,1999.0,1534.0,1
1852.0,1696.0,553.0,2535.0,1931.0,1
1522.0,1331.0,703.0,2026.0,1734.0,1
1438.0,1161.0,819.0,1782.0,1595.0,1
1393.0,1067.0,905.0,1654.0,1490.0,1
1452.0,1152.0,861.0,1747.0,1508.0,1
1389.0,1108.0,887.0,1712.0,1334.0,1
1207.0,994.0,1013.0,1520.0,1045.0,2
1365.0,1154.0,940.0,1679.0,1221.0,2
1247.0,1060.0,1032.0,1525.0,1069.0,2
1557.0,1478.0,793.0,1981.0,1569.0,1
1973.0,1737.0,617.0,2414.0,2306.0,1
1975.0,1667.0,597.0,2416.0,2359.0,1
1795.0,1485.0,653.0,2174.0,2050.0,1
1444.0,1150.0,770.0,1727.0,1727.0,1
1488.0,1171.0,731.0,1778.0,1705.0,1
1371.0,1083.0,796.0,1669.0,1551.0,1
1161.0,904.0,947.0,1502.0,1240.0,2
1064.0,787.0,1057.0,1407.0,1115.0,2
970.0,687.0,1196.0,1351.0,969.0,0
954.0,645.0,1260.0,1334.0,925.0,0
931.0,623.0,1293.0,1307.0,828.0,0
938.0,650.0,1251.0,1333.0,893.0,0
1166.0,885.0,1005.0,1551.0,1075.0,2
1643.0,1384.0,667.0,2094.0,1610.0,1
1934.0,1682.0,541.0,2468.0,2051.0,1
1617.0,1333.0,686.0,2010.0,1819.0,1
1473.0,1127.0,831.0,1752.0,1568.0,1
1379.0,1068.0,899.0,1663.0,1374.0,1
1385.0,1056.0,891.0,1648.0,1268.0,2
1379.0,1087.0,901.0,1660.0,1144.0,2
1322.0,1129.0,934.0,1639.0,1109.0,2
1496.0,1205.0,822.0,1767.0,1347.0,1
1409.0,1131.0,873.0,1689.0,1206.0,1
1513.0,1338.0,764.0,1957.0,1397.0,1
1667.0,1464.0,683.0,2118.0,1588.0,1
1667.0,1453.0,684.0,2051.0,1569.0,1
1430.0,1121.0,814.0,1732.0,1322.0,1
1333.0,989.0,885.0,1621.0,1194.0,2
1262.0,911.0,948.0,1545.0,1062.0,2
1287.0,936.0,918.0,1606.0,1040.0,2
1134.0,840.0,1021.0,1501.0,917.0,2
999.0,688.0,1229.0,1380.0,594.0,0
961.0,622.0,1382.0,1301.0,430.0,0
934.0,569.0,1440.0,1280.0,397.0,0
913.0,525.0,1620.0,1260.0,370.0,0
969.0,607.0,1373.0,1324.0,438.0,0
1182.0,845.0,1054.0,1539.0,704.0,2
1740.0,1372.0,671.0,2144.0,1476.0,1
1819.0,1582.0,575.0,2456.0,1716.0,1
1427.0,1275.0,701.0,1980.0,1398.0,1
1390.0,1191.0,759.0,1879.0,1268.0,1
1283.0,1117.0,813.0,1751.0,1188.0,2
1304.0,1157.0,793.0,1801.0,1171.0,1
1364.0,1202.0,771.0,1875.0,1250.0,1
1410.0,1268.0,724.0,1957.0,1344.0,1
1476.0,1280.0,708.0,1955.0,1378.0,1
1522.0,1320.0,690.0,2005.0,1435.0,1
1442.0,1301.0,704.0,1952.0,1372.0,1
1469.0,1344.0,677.0,1997.0,1471.0,1
1467.0,1292.0,698.0,1942.0,1439.0,1
1421.0,1202.0,748.0,1854.0,1429.0,1
1175.0,945.0,904.0,1604.0,1081.0,2
1215.0,912.0,948.0,1547.0,993.0,2
1127.0,802.0,1064.0,1447.0,837.0,2
1090.0,773.0,1105.0,1429.0,761.0,0
1017.0,718.0,1182.0,1382.0,650.0,0
997.0,677.0,1252.0,1359.0,591.0,0
945.0,646.0,1308.0,1332.0,505.0,0
956.0,661.0,1260.0,1351.0,518.0,0
966.0,622.0,1317.0,1342.0,571.0,0
1064.0,728.0,1161.0,1461.0,842.0,0
1300.0,935.0,902.0,1623.0,1145.0,2
1348.0,998.0,834.0,1689.0,1218.0,2
1425.0,1068.0,776.0,1764.0,1341.0,1
1474.0,1061.0,768.0,1768.0,1406.0,1
1490.0,1039.0,782.0,1757.0,1422.0,1
1495.0,1040.0,809.0,1735.0,1373.0,1
1376.0,953.0,900.0,1636.0,1153.0,2
1305.0,884.0,980.0,1573.0,927.0,2
1283.0,844.0,1036.0,1539.0,766.0,2
1392.0,967.0,930.0,1649.0,941.0,2
1452.0,1063.0,856.0,1774.0,1146.0,1
1633.0,1199.0,734.0,1919.0,1417.0,1
1625.0,1191.0,733.0,1885.0,1442.0,1
1535.0,1108.0,785.0,1820.0,1323.0,1
1323.0,973.0,864.0,1712.0,1125.0,2
1309.0,937.0,905.0,1672.0,1036.0,2
1456.0,999.0,835.0,1714.0,1202.0,1
1300.0,872.0,941.0,1577.0,1054.0,2
1203.0,823.0,1004.0,1526.0,903.0,2
1195.0,836.0,987.0,1554.0,885.0,2
1117.0,802.0,1029.0,1539.0,818.0,2
1062.0,711.0,1136.0,1461.0,700.0,0
947.0,594.0,1300.0,1390.0,580.0,0
1065.0,687.0,1143.0,1492.0,815.0,0
1155.0,734.0,1062.0,1528.0,1035.0,2
1220.0,782.0,996.0,1560.0,1067.0,2
1301.0,862.0,914.0,1633.0,1114.0,2
1279.0,870.0,911.0,1646.0,1000.0,2
1267.0,883.0,953.0,1617.0,906.0,2
1239.0,848.0,981.0,1568.0,822.0,2
1128.0,742.0,1144.0,1507.0,610.0,0
1243.0,916.0,962.0,1669.0,657.0,2
1208.0,853.0,1060.0,1506.0,647.0,2
1306.0,938.0,961.0,1607.0,762.0,2
1546.0,1151.0,769.0,1874.0,1122.0,1
1501.0,1071.0,823.0,1744.0,1130.0,1
1605.0,1153.0,769.0,1840.0,1637.0,1
1316.0,974.0,883.0,1673.0,1272.0,2
1195.0,898.0,933.0,1594.0,1098.0,2
1211.0,896.0,920.0,1624.0,1066.0,2
1161.0,815.0,995.0,1582.0,909.0,2
1095.0,767.0,1050.0,1547.0,818.0,2
897.0,563.0,1417.0,1355.0,472.0,0
842.0,468.0,1813.0,1274.0,394.0,0
854.0,481.0,1756.0,1304.0,396.0,0
845.0,472.0,1786.0,1278.0,378.0,0
942.0,586.0,1480.0,1373.0,432.0,0
1090.0,768.0,1072.0,1538.0,699.0,0
1514.0,1230.0,732.0,1996.0,1252.0,1
1379.0,1252.0,711.0,1962.0,1237.0,1
1074.0,854.0,1032.0,1484.0,772.0,2
1090.0,868.0,1026.0,1509.0,766.0,2
1110.0,964.0,947.0,1577.0,829.0,2
1102.0,994.0,955.0,1599.0,783.0,2
1100.0,1021.0,952.0,1607.0,822.0,2
1094.0,1003.0,965.0,1574.0,813.0,2
1076.0,1034.0,964.0,1544.0,813.0,2
1152.0,1062.0,928.0,1606.0,850.0,2
1407.0,1249.0,720.0,1932.0,1276.0,1
1438.0,1325.0,678.0,1993.0,1401.0,1
1425.0,1325.0,678.0,1965.0,1356.0,1
1279.0,1131.0,775.0,1758.0,1243.0,2
1132.0,916.0,920.0,1561.0,1083.0,2
1006.0,729.0,1142.0,1370.0,795.0,0
982.0,700.0,1204.0,1359.0,735.0,0
969.0,636.0,1271.0,1309.0,684.0,0
941.0,621.0,1298.0,1330.0,714.0,0
892.0,522.0,1522.0,1285.0,456.0,0
855.0,478.0,1701.0,1261.0,401.0,0
834.0,459.0,1908.0,1212.0,361.0,0
909.0,567.0,1542.0,1287.0,418.0,0
1061.0,745.0,1178.0,1429.0,616.0,0
1441.0,1124.0,851.0,1829.0,1089.0,1
1498.0,1325.0,684.0,2095.0,1329.0,1
1343.0,1185.0,760.0,1857.0,1311.0,1
1308.0,1166.0,792.0,1794.0,1236.0,1
1209.0,1097.0,837.0,1746.0,1147.0,2
1310.0,1207.0,770.0,1847.0,1301.0,1
1171.0,1064.0,881.0,1639.0,1097.0,2
1112.0,980.0,924.0,1589.0,900.0,2
1132.0,927.0,944.0,1570.0,781.0,2
1225.0,1111.0,818.0,1719.0,1013.0,2
1065.0,953.0,962.0,1514.0,790.0,2
1236.0,1084.0,854.0,1688.0,1059.0,2
1309.0,1126.0,812.0,1722.0,1205.0,2
1089.0,884.0,1006.0,1487.0,975.0,2
1000.0,776.0,1141.0,1375.0,896.0,0
1041.0,782.0,1105.0,1425.0,911.0,0
1045.0,756.0,1137.0,1411.0,902.0,0
997.0,744.0,1151.0,1405.0,832.0,0
948.0,634.0,1320.0,1326.0,715.0,0
878.0,551.0,1493.0,1272.0,683.0,0
908.0,559.0,1477.0,1287.0,721.0,0
892.0,522.0,1572.0,1255.0,648.0,0
954.0,561.0,1496.0,1255.0,612.0,0
1045.0,751.0,1186.0,1403.0,800.0,0
1383.0,1109.0,832.0,1706.0,1173.0,2
1597.0,1395.0,652.0,2080.0,1519.0,1
1318.0,1124.0,762.0,1770.0,1287.0,1
1138.0,898.0,950.0,1505.0,966.0,2
1098.0,842.0,1012.0,1440.0,828.0,2
1118.0,927.0,959.0,1477.0,825.0,2
1170.0,1009.0,879.0,1566.0,872.0,2
1112.0,842.0,1015.0,1494.0,680.0,2
1390.0,1028.0,829.0,1730.0,1002.0,2
1353.0,1096.0,774.0,1783.0,1159.0,1
1260.0,1050.0,828.0,1722.0,979.0,2
1501.0,1302.0,681.0,2008.0,1311.0,1
1273.0,1130.0,795.0,1744.0,1071.0,2
1179.0,955.0,928.0,1571.0,899.0,2
1047.0,809.0,1064.0,1435.0,766.0,0
973.0,739.0,1186.0,1354.0,589.0,0
997.0,737.0,1168.0,1341.0,631.0,0
970.0,621.0,1400.0,1249.0,479.0,0
902.0,568.0,1450.0,1253.0,479.0,0
921.0,538.0,1564.0,1224.0,417.0,0
858.0,490.0,1707.0,1212.0,378.0,0
878.0,457.0,1935.0,1158.0,344.0,0
893.0,540.0,1604.0,1268.0,413.0,0
1038.0,697.0,1260.0,1383.0,605.0,0
1320.0,1035.0,902.0,1721.0,991.0,2
1353.0,1235.0,740.0,1937.0,1175.0,1
1133.0,933.0,969.0,1552.0,923.0,2
1066.0,849.0,1039.0,1468.0,829.0,2
1027.0,809.0,1081.0,1442.0,733.0,0
1106.0,935.0,958.0,1570.0,819.0,2
1038.0,907.0,976.0,1492.0,723.0,2
1084.0,924.0,986.0,1501.0,786.0,2
1105.0,982.0,939.0,1545.0,850.0,2
1102.0,957.0,968.0,1527.0,820.0,2
1240.0,1137.0,836.0,1748.0,991.0,2
1443.0,1418.0,666.0,2060.0,1454.0,1
1389.0,1341.0,692.0,1982.0,1488.0,1
1183.0,989.0,904.0,1539.0,1205.0,2
1014.0,798.0,1083.0,1376.0,909.0,0
979.0,736.0,1154.0,1324.0,769.0,0
1048.0,787.0,1098.0,1373.0,835.0,0
1024.0,753.0,1131.0,1357.0,793.0,0
974.0,690.0,1208.0,1313.0,733.0,0
862.0,561.0,1449.0,1219.0,502.0,0
925.0,602.0,1398.0,1263.0,562.0,0
952.0,654.0,1210.0,1312.0,832.0,0
1005.0,713.0,1130.0,1363.0,924.0,0
1122.0,842.0,1015.0,1438.0,974.0,2
1351.0,1201.0,783.0,1828.0,1307.0,1
1408.0,1278.0,682.0,1928.0,1481.0,1
1304.0,1142.0,772.0,1747.0,1405.0,1
1207.0,1098.0,826.0,1664.0,1195.0,2
1099.0,1014.0,948.0,1503.0,868.0,2
1106.0,1068.0,915.0,1535.0,874.0,2
1009.0,916.0,1015.0,1391.0,738.0,2
962.0,776.0,1152.0,1279.0,550.0,0
1093.0,933.0,976.0,1454.0,777.0,2
1180.0,1023.0,886.0,1588.0,966.0,2
1168.0,1037.0,868.0,1580.0,990.0,2
1168.0,1063.0,876.0,1540.0,944.0,2
1140.0,1000.0,916.0,1490.0,962.0,2
1001.0,811.0,1097.0,1308.0,778.0,0
953.0,743.0,1185.0,1252.0,690.0,0
972.0,715.0,1237.0,1258.0,644.0,0
1021.0,776.0,1144.0,1307.0,753.0,0
940.0,664.0,1290.0,1232.0,646.0,0
1046.0,736.0,1142.0,1312.0,838.0,0
1026.0,699.0,1191.0,1292.0,851.0,0
983.0,698.0,1209.0,1296.0,801.0,0
915.0,578.0,1417.0,1212.0,665.0,0
935.0,615.0,1373.0,1250.0,717.0,0
976.0,669.0,1270.0,1266.0,795.0,0
1124.0,842.0,1050.0,1418.0,936.0,2
1163.0,919.0,922.0,1530.0,1076.0,2
1167.0,966.0,942.0,1520.0,1016.0,2
1121.0,955.0,992.0,1451.0,834.0,2
1071.0,940.0,994.0,1449.0,756.0,2
1065.0,979.0,950.0,1467.0,766.0,2
1157.0,1072.0,888.0,1596.0,905.0,2
1046.0,883.0,1051.0,1357.0,765.0,0
1147.0,1042.0,934.0,1538.0,830.0,2
1119.0,1022.0,916.0,1508.0,853.0,2
1210.0,1062.0,886.0,1586.0,981.0,2
1306.0,1079.0,827.0,1621.0,1286.0,2
1258.0,1057.0,841.0,1633.0,1244.0,2
1148.0,930.0,948.0,1475.0,1056.0,2
1108.0,848.0,1023.0,1421.0,1003.0,2
1231.0,924.0,906.0,1483.0,1245.0,2
1293.0,937.0,930.0,1464.0,1200.0,2
1274.0,912.0,939.0,1451.0,1188.0,2
1135.0,827.0,1013.0,1395.0,1070.0,2
1151.0,911.0,935.0,1501.0,1075.0,2
1010.0,769.0,1110.0,1396.0,895.0,0
870.0,626.0,1325.0,1284.0,755.0,0
983.0,688.0,1251.0,1342.0,806.0,0
995.0,691.0,1219.0,1321.0,836.0,0
1024.0,747.0,1136.0,1382.0,897.0,0
1163.0,880.0,959.0,1486.0,1073.0,2
1218.0,938.0,918.0,1501.0,1088.0,2
1210.0,958.0,933.0,1514.0,1036.0,2
1114.0,887.0,1020.0,1438.0,768.0,2
995.0,796.0,1159.0,1287.0,587.0,0
927.0,700.0,1285.0,1189.0,452.0,0
1002.0,754.0,1189.0,1260.0,470.0,0
987.0,727.0,1213.0,1244.0,502.0,0
993.0,714.0,1217.0,1238.0,516.0,0
1012.0,746.0,1174.0,1301.0,555.0,0
1114.0,823.0,1068.0,1357.0,671.0,0
1093.0,789.0,1102.0,1329.0,788.0,0
968.0,669.0,1261.0,1246.0,538.0,0
960.0,666.0,1266.0,1224.0,544.0,0
942.0,648.0,1300.0,1204.0,500.0,0
888.0,598.0,1396.0,1156.0,417.0,0
818.0,524.0,1588.0,1071.0,341.0,0
840.0,509.0,1643.0,1076.0,352.0,0
894.0,524.0,1557.0,1095.0,397.0,0
864.0,516.0,1496.0,1153.0,502.0,0
898.0,559.0,1441.0,1180.0,648.0,0
946.0,643.0,1309.0,1232.0,760.0,0
1309.0,1125.0,844.0,1687.0,1183.0,2
1326.0,1289.0,714.0,1806.0,1431.0,1
966.0,786.0,1111.0,1258.0,705.0,0
975.0,793.0,1133.0,1254.0,637.0,0
988.0,803.0,1105.0,1293.0,658.0,0
971.0,786.0,1129.0,1272.0,546.0,0
1010.0,833.0,1070.0,1332.0,561.0,0
984.0,790.0,1131.0,1268.0,532.0,0
962.0,776.0,1131.0,1247.0,535.0,0
1012.0,801.0,1098.0,1289.0,525.0,0
1058.0,896.0,996.0,1358.0,603.0,0
1173.0,985.0,905.0,1477.0,802.0,2
1127.0,907.0,957.0,1404.0,796.0,2
1020.0,797.0,1066.0,1302.0,689.0,0
949.0,700.0,1221.0,1178.0,553.0,0
930.0,710.0,1278.0,1137.0,509.0,0
900.0,643.0,1339.0,1089.0,455.0,0
899.0,630.0,1418.0,1050.0,425.0,0
866.0,569.0,1468.0,1055.0,436.0,0
900.0,563.0,1402.0,1130.0,618.0,0
949.0,540.0,1457.0,1104.0,747.0,0
897.0,529.0,1462.0,1101.0,693.0,0
956.0,605.0,1341.0,1117.0,691.0,0
1054.0,779.0,1080.0,1266.0,1013.0,0
1343.0,1096.0,839.0,1587.0,1311.0,2
1584.0,1399.0,642.0,1947.0,1675.0,1
1556.0,1337.0,674.0,1852.0,1689.0,1
1565.0,1324.0,695.0,1872.0,1688.0,1
1429.0,1251.0,734.0,1754.0,1548.0,1
1419.0,1267.0,742.0,1763.0,1490.0,1
1373.0,1213.0,791.0,1711.0,1354.0,1
1185.0,992.0,942.0,1448.0,1014.0,2
1122.0,897.0,991.0,1372.0,831.0,2
1085.0,820.0,1060.0,1325.0,699.0,0
1249.0,968.0,874.0,1527.0,926.0,2
1236.0,962.0,853.0,1532.0,928.0,2
1334.0,1047.0,815.0,1638.0,1038.0,2
1264.0,928.0,884.0,1534.0,1035.0,2
1073.0,746.0,1072.0,1360.0,789.0,0
1053.0,701.0,1147.0,1323.0,692.0,0
1098.0,747.0,1094.0,1360.0,764.0,0
1029.0,702.0,1180.0,1287.0,639.0,0
973.0,631.0,1287.0,1240.0,541.0,0
972.0,639.0,1222.0,1256.0,678.0,0
832.0,496.0,1613.0,1066.0,381.0,0
851.0,477.0,1699.0,1064.0,343.0,0
909.0,545.0,1473.0,1131.0,436.0,0
1038.0,684.0,1220.0,1279.0,688.0,0
1636.0,1168.0,721.0,1926.0,1438.0,1
1580.0,1295.0,639.0,1957.0,1489.0,1
1262.0,924.0,872.0,1576.0,1093.0,2
1197.0,837.0,957.0,1498.0,965.0,2
1277.0,886.0,902.0,1579.0,1004.0,2
1430.0,1025.0,779.0,1772.0,1166.0,1
1242.0,944.0,846.0,1638.0,991.0,2
1349.0,1023.0,804.0,1748.0,1054.0,2
1390.0,1100.0,755.0,1799.0,1192.0,1
1224.0,980.0,850.0,1637.0,1055.0,2
1253.0,1026.0,810.0,1681.0,1048.0,2
1312.0,1041.0,821.0,1712.0,1073.0,2
1254.0,1033.0,819.0,1669.0,1068.0,2
1198.0,953.0,882.0,1588.0,1019.0,2
1060.0,787.0,1044.0,1418.0,833.0,0
1050.0,769.0,1078.0,1409.0,759.0,0
1029.0,754.0,1098.0,1395.0,749.0,0
1143.0,825.0,986.0,1477.0,978.0,2
1044.0,770.0,1031.0,1425.0,944.0,2
1034.0,716.0,1085.0,1405.0,891.0,0
956.0,713.0,1099.0,1422.0,849.0,0
909.0,615.0,1237.0,1322.0,790.0,0
996.0,648.0,1176.0,1340.0,852.0,0
1154.0,876.0,1002.0,1561.0,987.0,2
1510.0,1291.0,675.0,1949.0,1435.0,1
1722.0,1595.0,539.0,2439.0,1798.0,1
1512.0,1323.0,631.0,2001.0,1677.0,1
1258.0,1040.0,800.0,1701.0,1282.0,2
1094.0,850.0,970.0,1489.0,871.0,2
1129.0,875.0,974.0,1524.0,759.0,2
1125.0,924.0,937.0,1542.0,790.0,2
1308.0,1193.0,793.0,1193.0,1187.0,2
1529.0,1331.0,700.0,2028.0,1399.0,1
1592.0,1429.0,624.0,2089.0,1644.0,1
1536.0,1302.0,666.0,1922.0,1599.0,1
1192.0,1007.0,827.0,1604.0,1223.0,2
1186.0,976.0,844.0,1570.0,1200.0,2
1203.0,920.0,898.0,1529.0,1118.0,2
1139.0,899.0,921.0,1514.0,1067.0,2
1072.0,795.0,986.0,1442.0,1048.0,2
954.0,667.0,1180.0,1350.0,718.0,0
951.0,673.0,1137.0,1381.0,797.0,0
926.0,638.0,1195.0,1342.0,749.0,0
968.0,628.0,1197.0,1372.0,737.0,0
1067.0,727.0,1055.0,1448.0,903.0,0
1386.0,1083.0,798.0,1833.0,1159.0,1
1474.0,1306.0,634.0,2060.0,1365.0,1
1569.0,1316.0,634.0,2054.0,1510.0,1
1375.0,1177.0,706.0,1898.0,1386.0,1
1328.0,1123.0,738.0,1821.0,1368.0,1
1341.0,1176.0,748.0,1825.0,1347.0,1
1297.0,1183.0,765.0,1773.0,1242.0,1
1303.0,1139.0,790.0,1761.0,1138.0,2
1281.0,1116.0,809.0,1703.0,1080.0,2
1248.0,1103.0,872.0,1632.0,1002.0,2
1382.0,1288.0,778.0,1799.0,1212.0,1
1491.0,1385.0,685.0,1915.0,1486.0,1
1620.0,1407.0,641.0,2052.0,1567.0,1
1693.0,1439.0,618.0,2083.0,1723.0,1
1374.0,1121.0,771.0,1685.0,1399.0,1
1287.0,982.0,841.0,1582.0,1291.0,2
1408.0,1052.0,761.0,1684.0,1443.0,1
1254.0,941.0,828.0,1566.0,1270.0,2
1141.0,827.0,936.0,1488.0,1110.0,2
1141.0,777.0,986.0,1455.0,1060.0,2
1042.0,697.0,1056.0,1410.0,965.0,0
986.0,651.0,1145.0,1380.0,891.0,0
1005.0,673.0,1103.0,1387.0,905.0,0
1041.0,683.0,1112.0,1398.0,899.0,0
1272.0,959.0,846.0,1660.0,1136.0,2
1436.0,1154.0,704.0,1872.0,1391.0,1
1472.0,1126.0,720.0,1816.0,1460.0,1
1418.0,1023.0,785.0,1720.0,1410.0,1
1410.0,1030.0,781.0,1743.0,1372.0,1
1438.0,1096.0,781.0,1779.0,1266.0,1
1278.0,1000.0,866.0,1621.0,1014.0,2
1257.0,1006.0,915.0,1573.0,870.0,2
1331.0,1046.0,882.0,1635.0,905.0,2
1361.0,1102.0,834.0,1704.0,991.0,2
1398.0,1156.0,812.0,1722.0,1076.0,1
1483.0,1213.0,764.0,1798.0,1249.0,1
1697.0,1471.0,625.0,2153.0,1548.0,1
1459.0,1124.0,736.0,1823.0,1300.0,1
1268.0,918.0,873.0,1602.0,1029.0,2
1469.0,1128.0,762.0,1870.0,1207.0,1
1316.0,952.0,847.0,1644.0,1047.0,2
1224.0,892.0,884.0,1580.0,923.0,2
1215.0,843.0,929.0,1551.0,862.0,2
1115.0,782.0,980.0,1500.0,752.0,2
1124.0,793.0,965.0,1521.0,791.0,2
1028.0,682.0,1090.0,1448.0,697.0,0
1010.0,650.0,1171.0,1434.0,664.0,0
1074.0,731.0,1020.0,1488.0,891.0,2
1034.0,684.0,1110.0,1423.0,813.0,0
1130.0,720.0,1063.0,1461.0,828.0,0
1275.0,900.0,868.0,1634.0,1057.0,2
1324.0,939.0,846.0,1658.0,1011.0,2
1268.0,902.0,906.0,1589.0,932.0,2
1272.0,924.0,895.0,1603.0,881.0,2
1160.0,860.0,969.0,1531.0,646.0,2
1136.0,792.0,1057.0,1476.0,536.0,0
1296.0,977.0,863.0,1642.0,746.0,2
1345.0,996.0,841.0,1678.0,833.0,2
1296.0,983.0,845.0,1626.0,802.0,2
1258.0,977.0,838.0,1636.0,838.0,2
1420.0,1085.0,755.0,1756.0,1051.0,1
1366.0,997.0,830.0,1673.0,1041.0,2
1113.0,772.0,989.0,1493.0,646.0,2
1196.0,853.0,909.0,1556.0,769.0,2
1188.0,829.0,930.0,1540.0,785.0,2
1102.0,750.0,1007.0,1470.0,613.0,0
969.0,611.0,1239.0,1330.0,430.0,0
983.0,600.0,1233.0,1375.0,485.0,0
876.0,505.0,1456.0,1294.0,467.0,0
884.0,489.0,1536.0,1278.0,436.0,0
1024.0,658.0,1175.0,1417.0,682.0,0
1126.0,822.0,945.0,1541.0,927.0,2
1415.0,1089.0,767.0,1795.0,1192.0,1
1631.0,1449.0,570.0,2299.0,1615.0,1
1499.0,1247.0,647.0,1972.0,1505.0,1
1461.0,1127.0,703.0,1836.0,1451.0,1
1430.0,1107.0,713.0,1853.0,1409.0,1
1498.0,1171.0,684.0,1942.0,1434.0,1
1454.0,1162.0,682.0,1915.0,1457.0,1
1402.0,1069.0,733.0,1793.0,1325.0,1
1327.0,971.0,803.0,1705.0,1120.0,2
1273.0,963.0,832.0,1662.0,931.0,2
1457.0,1190.0,678.0,1877.0,1212.0,1
1543.0,1290.0,631.0,2011.0,1353.0,1
1499.0,1239.0,651.0,1957.0,1359.0,1
1378.0,1102.0,742.0,1796.0,1273.0,1
1243.0,928.0,852.0,1622.0,1079.0,2
1196.0,885.0,884.0,1589.0,973.0,2
1137.0,869.0,890.0,1554.0,951.0,2
1015.0,718.0,1065.0,1428.0,714.0,0
978.0,635.0,1188.0,1382.0,579.0,0
933.0,547.0,1357.0,1336.0,542.0,0
927.0,579.0,1267.0,1370.0,562.0,0
908.0,569.0,1303.0,1360.0,526.0,0
980.0,677.0,1141.0,1435.0,659.0,0
1236.0,920.0,880.0,1641.0,1012.0,2
1664.0,1407.0,594.0,2198.0,1564.0,1
1757.0,1636.0,494.0,2560.0,1806.0,1
1524.0,1350.0,588.0,2096.0,1604.0,1
1329.0,1119.0,707.0,1823.0,1288.0,1
1167.0,884.0,881.0,1580.0,931.0,2
1369.0,1132.0,715.0,1818.0,1162.0,1
1284.0,1103.0,755.0,1704.0,1064.0,2
1221.0,1032.0,811.0,1630.0,913.0,2
1096.0,947.0,872.0,1519.0,684.0,2
1143.0,988.0,849.0,1590.0,710.0,2
1251.0,1116.0,760.0,1716.0,923.0,2
1268.0,1148.0,728.0,1776.0,1006.0,2
1314.0,1150.0,726.0,1784.0,1083.0,2
1315.0,1142.0,724.0,1807.0,1161.0,1
1095.0,918.0,896.0,1527.0,800.0,2
1027.0,808.0,996.0,1458.0,647.0,0
1012.0,752.0,1053.0,1393.0,649.0,0
948.0,710.0,1127.0,1352.0,575.0,0
889.0,603.0,1308.0,1271.0,455.0,0
830.0,538.0,1475.0,1214.0,392.0,0
801.0,464.0,1749.0,1154.0,340.0,0
804.0,468.0,1826.0,1166.0,320.0,0
824.0,478.0,1705.0,1200.0,331.0,0
1000.0,688.0,1257.0,1398.0,426.0,0
1307.0,1082.0,777.0,1769.0,830.0,2
1286.0,1171.0,716.0,1821.0,1006.0,2
1150.0,925.0,865.0,1576.0,820.0,2
1087.0,876.0,911.0,1554.0,737.0,2
1016.0,839.0,991.0,1448.0,790.0,2
1029.0,892.0,937.0,1474.0,760.0,2
1109.0,943.0,883.0,1604.0,767.0,2
997.0,817.0,1030.0,1426.0,626.0,0
1177.0,880.0,927.0,1552.0,776.0,2
1045.0,808.0,1038.0,1421.0,589.0,0
1171.0,1073.0,847.0,1623.0,872.0,2
1221.0,1101.0,799.0,1700.0,996.0,2
1262.0,1133.0,774.0,1748.0,1033.0,2
1207.0,1013.0,876.0,1632.0,982.0,2
956.0,666.0,1235.0,1282.0,518.0,0
1020.0,727.0,1153.0,1391.0,631.0,0
1107.0,861.0,957.0,1510.0,879.0,2
1020.0,752.0,1074.0,1398.0,839.0,0
1051.0,798.0,1016.0,1455.0,876.0,2
965.0,716.0,1087.0,1383.0,827.0,0
890.0,672.0,1183.0,1338.0,781.0,0
823.0,568.0,1366.0,1263.0,699.0,0
869.0,642.0,1291.0,1288.0,723.0,0
939.0,754.0,1169.0,1384.0,797.0,0
1274.0,1109.0,820.0,1723.0,1138.0,2
1512.0,1482.0,596.0,2189.0,1605.0,1
1435.0,1271.0,676.0,1885.0,1569.0,1
1207.0,1041.0,813.0,1620.0,1319.0,2
1223.0,1075.0,818.0,1678.0,1198.0,2
1121.0,1026.0,865.0,1541.0,958.0,2
1176.0,1123.0,816.0,1609.0,1068.0,2
1144.0,1114.0,845.0,1551.0,1010.0,2
1136.0,1089.0,856.0,1552.0,928.0,2
1085.0,1004.0,888.0,1454.0,816.0,2
1297.0,1287.0,723.0,1798.0,1216.0,1
1408.0,1404.0,646.0,1972.0,1463.0,1
1618.0,1530.0,579.0,2167.0,1791.0,1
1319.0,1172.0,746.0,1699.0,1425.0,1
1045.0,857.0,968.0,1410.0,922.0,2
1058.0,824.0,993.0,1411.0,971.0,2
1176.0,917.0,866.0,1560.0,1151.0,2
1047.0,783.0,1014.0,1449.0,975.0,2
1116.0,854.0,929.0,1533.0,1034.0,2
1074.0,832.0,951.0,1507.0,980.0,2
922.0,687.0,1142.0,1390.0,825.0,0
898.0,669.0,1163.0,1386.0,807.0,0
970.0,708.0,1121.0,1435.0,842.0,0
1073.0,812.0,988.0,1500.0,950.0,2
1081.0,906.0,895.0,1591.0,1024.0,2
1159.0,976.0,837.0,1663.0,1098.0,2
1112.0,931.0,869.0,1588.0,1011.0,2
1112.0,917.0,897.0,1542.0,931.0,2
1063.0,877.0,971.0,1481.0,811.0,2
1032.0,892.0,973.0,1457.0,756.0,2
936.0,829.0,1054.0,1336.0,607.0,0
883.0,766.0,1152.0,1238.0,498.0,0
942.0,852.0,1055.0,1318.0,540.0,0
943.0,850.0,1084.0,1296.0,544.0,0
1007.0,875.0,1027.0,1357.0,620.0,0
1037.0,927.0,949.0,1426.0,740.0,2
1127.0,1022.0,871.0,1534.0,921.0,2
1123.0,996.0,861.0,1551.0,1033.0,2
1110.0,909.0,916.0,1487.0,984.0,2
1247.0,1037.0,812.0,1618.0,1193.0,2
1220.0,967.0,844.0,1545.0,1219.0,2
1028.0,770.0,1047.0,1326.0,913.0,0
978.0,711.0,1144.0,1304.0,750.0,0
949.0,694.0,1160.0,1310.0,772.0,0
910.0,709.0,1162.0,1329.0,712.0,0
863.0,651.0,1224.0,1286.0,712.0,0
836.0,643.0,1244.0,1306.0,727.0,0
856.0,644.0,1259.0,1301.0,746.0,0
888.0,651.0,1240.0,1298.0,733.0,0
912.0,694.0,1196.0,1343.0,727.0,0
938.0,706.0,1177.0,1320.0,642.0,0
1053.0,823.0,1040.0,1386.0,810.0,0
1087.0,870.0,1014.0,1412.0,851.0,2
1153.0,945.0,969.0,1425.0,911.0,2
894.0,710.0,1209.0,1200.0,611.0,0
797.0,606.0,1452.0,1076.0,368.0,0
854.0,658.0,1409.0,1108.0,369.0,0
892.0,665.0,1348.0,1150.0,394.0,0
935.0,672.0,1299.0,1183.0,415.0,0
989.0,709.0,1225.0,1233.0,469.0,0
1063.0,797.0,1079.0,1285.0,607.0,0
922.0,674.0,1220.0,1205.0,498.0,0
925.0,680.0,1223.0,1217.0,481.0,0
924.0,648.0,1272.0,1186.0,465.0,0
914.0,661.0,1256.0,1187.0,478.0,0
840.0,556.0,1474.0,1094.0,366.0,0
799.0,514.0,1615.0,1036.0,332.0,0
856.0,581.0,1448.0,1111.0,346.0,0
830.0,560.0,1452.0,1066.0,350.0,0
753.0,462.0,1822.0,955.0,274.0,0
785.0,448.0,1923.0,1003.0,263.0,0
835.0,472.0,1756.0,1117.0,314.0,0
865.0,494.0,1613.0,1185.0,367.0,0
922.0,541.0,1453.0,1246.0,432.0,0
975.0,598.0,1268.0,1293.0,536.0,0
1040.0,646.0,1210.0,1325.0,555.0,0
1115.0,707.0,1105.0,1384.0,677.0,0
1004.0,641.0,1201.0,1305.0,557.0,0
895.0,536.0,1415.0,1229.0,421.0,0
917.0,563.0,1415.0,1257.0,423.0,0
1025.0,689.0,1189.0,1325.0,519.0,0
1035.0,660.0,1222.0,1301.0,533.0,0
1025.0,682.0,1197.0,1313.0,537.0,0
1040.0,705.0,1149.0,1324.0,612.0,0
1070.0,776.0,1065.0,1369.0,697.0,0
964.0,692.0,1176.0,1292.0,573.0,0
904.0,635.0,1269.0,1233.0,489.0,0
913.0,626.0,1271.0,1234.0,474.0,0
914.0,610.0,1322.0,1230.0,455.0,0
893.0,587.0,1368.0,1219.0,433.0,0
844.0,532.0,1499.0,1176.0,376.0,0
837.0,518.0,1581.0,1182.0,360.0,0
868.0,530.0,1482.0,1215.0,384.0,0
825.0,489.0,1565.0,1171.0,363.0,0
956.0,656.0,1251.0,1356.0,525.0,0
1124.0,853.0,960.0,1531.0,873.0,2
1496.0,1272.0,667.0,2011.0,1399.0,1
1452.0,1354.0,620.0,2057.0,1501.0,1
1172.0,1042.0,797.0,1641.0,1186.0,2
1020.0,871.0,956.0,1426.0,911.0,2
1044.0,900.0,934.0,1471.0,919.0,2
1020.0,866.0,972.0,1429.0,791.0,2
1009.0,885.0,994.0,1439.0,751.0,2
1073.0,966.0,935.0,1537.0,805.0,2
1098.0,971.0,877.0,1527.0,966.0,2
1061.0,887.0,920.0,1462.0,869.0,2
1289.0,1158.0,755.0,1791.0,1196.0,1
1442.0,1337.0,630.0,2004.0,1523.0,1
1479.0,1343.0,631.0,1995.0,1579.0,1
1266.0,1138.0,726.0,1747.0,1370.0,1
1149.0,952.0,845.0,1577.0,1204.0,2
1168.0,954.0,843.0,1586.0,1201.0,2
1079.0,847.0,925.0,1463.0,1122.0,2
1047.0,760.0,1032.0,1379.0,1003.0,2
936.0,705.0,1086.0,1364.0,918.0,0
900.0,635.0,1207.0,1307.0,836.0,0
839.0,576.0,1325.0,1285.0,759.0,0
840.0,563.0,1349.0,1275.0,755.0,0
905.0,670.0,1191.0,1346.0,820.0,0
1079.0,875.0,947.0,1535.0,998.0,2
1417.0,1246.0,669.0,1921.0,1403.0,1
1529.0,1497.0,569.0,2278.0,1641.0,1
1397.0,1248.0,659.0,1906.0,1534.0,1
1214.0,1061.0,780.0,1662.0,1257.0,2
1109.0,935.0,882.0,1518.0,1026.0,2
1122.0,993.0,859.0,1571.0,993.0,2
1094.0,966.0,877.0,1519.0,919.0,2
1164.0,1076.0,788.0,1653.0,1032.0,2
1188.0,1082.0,790.0,1653.0,1077.0,2
1098.0,934.0,895.0,1497.0,883.0,2
1180.0,1014.0,826.0,1595.0,1036.0,2
1195.0,1072.0,799.0,1609.0,1144.0,2
1234.0,1095.0,789.0,1638.0,1212.0,2
1425.0,1242.0,675.0,1858.0,1486.0,1
1320.0,1085.0,730.0,1689.0,1440.0,1
1158.0,892.0,870.0,1494.0,1242.0,2
1060.0,805.0,964.0,1418.0,1089.0,2
1036.0,746.0,1034.0,1364.0,993.0,0
943.0,660.0,1163.0,1297.0,862.0,0
899.0,591.0,1243.0,1259.0,815.0,0
889.0,559.0,1331.0,1241.0,714.0,0
847.0,527.0,1416.0,1216.0,682.0,0
918.0,625.0,1255.0,1298.0,744.0,0
1105.0,897.0,906.0,1510.0,1050.0,2
1491.0,1335.0,625.0,2001.0,1522.0,1
1508.0,1355.0,609.0,2034.0,1623.0,1
1489.0,1270.0,633.0,1889.0,1638.0,1
1451.0,1219.0,661.0,1804.0,1633.0,1
1454.0,1225.0,661.0,1809.0,1654.0,1
1392.0,1210.0,689.0,1792.0,1559.0,1
1351.0,1210.0,709.0,1783.0,1374.0,1
1418.0,1282.0,681.0,1890.0,1418.0,1
1303.0,1143.0,748.0,1734.0,1228.0,1
1292.0,1116.0,746.0,1676.0,1293.0,1
1560.0,1413.0,594.0,2046.0,1642.0,1
1765.0,1507.0,533.0,2271.0,1895.0,1
1875.0,1637.0,482.0,2446.0,2086.0,1
1746.0,1409.0,553.0,2119.0,1898.0,1
1607.0,1290.0,587.0,1960.0,1758.0,1
1277.0,952.0,802.0,1607.0,1284.0,2
1207.0,868.0,877.0,1532.0,1075.0,2
1209.0,863.0,882.0,1547.0,1084.0,2
1189.0,844.0,887.0,1566.0,1049.0,2
1132.0,810.0,899.0,1532.0,1021.0,2
974.0,635.0,1159.0,1387.0,778.0,0
1033.0,686.0,1030.0,1420.0,948.0,0
1075.0,782.0,941.0,1505.0,988.0,2
1242.0,978.0,778.0,1686.0,1184.0,2
1657.0,1384.0,579.0,2176.0,1600.0,1
1406.0,1258.0,636.0,1890.0,1495.0,1
1150.0,973.0,827.0,1590.0,1188.0,2
1184.0,983.0,823.0,1604.0,1166.0,2
1223.0,1014.0,781.0,1666.0,1219.0,2
1196.0,997.0,802.0,1644.0,1128.0,2
1559.0,1267.0,653.0,2047.0,1373.0,1
1544.0,1266.0,613.0,2066.0,1415.0,1
1485.0,1223.0,650.0,1980.0,1302.0,1
1498.0,1230.0,649.0,1963.0,1308.0,1
1593.0,1378.0,582.0,2159.0,1449.0,1
1529.0,1309.0,627.0,2083.0,1385.0,1
1689.0,1474.0,560.0,2298.0,1492.0,1
1535.0,1295.0,627.0,2039.0,1380.0,1
1304.0,1067.0,737.0,1811.0,1167.0,2
1235.0,963.0,803.0,1680.0,1095.0,2
1281.0,977.0,794.0,1695.0,1105.0,2
1167.0,904.0,846.0,1627.0,1051.0,2
1134.0,863.0,869.0,1599.0,1009.0,2
1100.0,829.0,887.0,1565.0,972.0,2
1057.0,768.0,958.0,1527.0,884.0,2
902.0,652.0,1158.0,1437.0,661.0,0
982.0,724.0,1055.0,1508.0,774.0,0
997.0,769.0,1002.0,1524.0,868.0,2
1141.0,902.0,905.0,1672.0,965.0,2
1163.0,930.0,849.0,1691.0,985.0,2
1107.0,864.0,911.0,1604.0,963.0,2
1228.0,949.0,838.0,1706.0,1069.0,2
1033.0,810.0,969.0,1526.0,864.0,2
984.0,763.0,1054.0,1472.0,641.0,0
1066.0,879.0,939.0,1536.0,740.0,2
926.0,707.0,1130.0,1429.0,532.0,0
979.0,764.0,1054.0,1462.0,572.0,0
993.0,783.0,1033.0,1482.0,630.0,0
970.0,763.0,1043.0,1462.0,608.0,0
997.0,788.0,1014.0,1482.0,644.0,0
1097.0,892.0,909.0,1594.0,833.0,2
1105.0,908.0,900.0,1566.0,923.0,2
993.0,777.0,1022.0,1482.0,790.0,0
1136.0,896.0,919.0,1623.0,961.0,2
1297.0,1003.0,798.0,1700.0,1177.0,2
1110.0,855.0,897.0,1568.0,943.0,2
1027.0,827.0,942.0,1529.0,742.0,2
1024.0,795.0,982.0,1501.0,705.0,2
992.0,783.0,988.0,1527.0,663.0,0
929.0,664.0,1144.0,1449.0,536.0,0
892.0,579.0,1309.0,1396.0,441.0,0
895.0,609.0,1268.0,1410.0,477.0,0
915.0,612.0,1266.0,1411.0,506.0,0
947.0,649.0,1154.0,1459.0,608.0,0
1032.0,721.0,1052.0,1546.0,663.0,0
1219.0,849.0,901.0,1664.0,912.0,2
1217.0,869.0,873.0,1660.0,963.0,2
1097.0,779.0,980.0,1565.0,803.0,2
938.0,674.0,1136.0,1433.0,564.0,0
944.0,677.0,1140.0,1436.0,501.0,0
1139.0,847.0,929.0,1604.0,701.0,2
1163.0,859.0,921.0,1603.0,783.0,2
1157.0,885.0,916.0,1590.0,784.0,2
1154.0,919.0,876.0,1623.0,861.0,2
1342.0,1102.0,744.0,1824.0,1156.0,1
1178.0,949.0,847.0,1653.0,1047.0,2
1152.0,926.0,854.0,1669.0,1034.0,2
1078.0,841.0,920.0,1595.0,962.0,2
1167.0,945.0,826.0,1702.0,1100.0,2
1111.0,890.0,871.0,1658.0,1047.0,2
988.0,722.0,1029.0,1500.0,874.0,0
917.0,677.0,1103.0,1494.0,747.0,0
850.0,562.0,1275.0,1407.0,589.0,0
885.0,589.0,1238.0,1443.0,635.0,0
888.0,597.0,1242.0,1428.0,671.0,0
1101.0,852.0,913.0,1655.0,992.0,2
1399.0,1195.0,680.0,1976.0,1308.0,1
1325.0,1260.0,652.0,1969.0,1303.0,1
1058.0,921.0,876.0,1594.0,893.0,2
990.0,846.0,947.0,1503.0,715.0,2
1018.0,879.0,950.0,1574.0,685.0,2
1105.0,1010.0,811.0,1709.0,947.0,2
1194.0,1097.0,743.0,1847.0,1049.0,2
1088.0,893.0,892.0,1565.0,741.0,2
1084.0,933.0,872.0,1602.0,801.0,2
1207.0,1032.0,797.0,1701.0,969.0,2
1186.0,1042.0,808.0,1684.0,1038.0,2
1053.0,911.0,916.0,1528.0,889.0,2
1032.0,895.0,921.0,1508.0,879.0,2
989.0,846.0,960.0,1476.0,846.0,2
930.0,745.0,1085.0,1391.0,712.0,0
951.0,766.0,1056.0,1431.0,747.0,0
985.0,780.0,1017.0,1444.0,791.0,0
937.0,703.0,1136.0,1377.0,637.0,0
887.0,648.0,1222.0,1357.0,553.0,0
806.0,544.0,1429.0,1290.0,449.0,0
771.0,483.0,1587.0,1277.0,485.0,0
802.0,519.0,1523.0,1315.0,540.0,0
878.0,644.0,1260.0,1410.0,685.0,0
1070.0,883.0,942.0,1625.0,925.0,2
1430.0,1316.0,638.0,2069.0,1382.0,1
1565.0,1549.0,540.0,2396.0,1645.0,1
1365.0,1299.0,637.0,1999.0,1514.0,1
1348.0,1214.0,678.0,1874.0,1509.0,1
1311.0,1279.0,648.0,1991.0,1520.0,1
1302.0,1260.0,658.0,1970.0,1471.0,1
1250.0,1173.0,720.0,1870.0,1282.0,1
1083.0,988.0,859.0,1643.0,1004.0,2
1005.0,894.0,956.0,1530.0,714.0,2
1129.0,1107.0,844.0,1742.0,940.0,2
1327.0,1289.0,712.0,1938.0,1272.0,1
1428.0,1437.0,599.0,2156.0,1526.0,1
1426.0,1400.0,612.0,2102.0,1488.0,1
1310.0,1313.0,663.0,1958.0,1475.0,1
1114.0,1059.0,792.0,1704.0,1182.0,2
991.0,889.0,932.0,1550.0,933.0,2
1089.0,940.0,866.0,1589.0,1001.0,2
911.0,740.0,1071.0,1412.0,756.0,0
1005.0,802.0,976.0,1474.0,952.0,2
863.0,664.0,1172.0,1381.0,808.0,0
857.0,653.0,1197.0,1375.0,779.0,0
804.0,585.0,1301.0,1319.0,717.0,0
871.0,694.0,1160.0,1421.0,779.0,0
1035.0,929.0,887.0,1599.0,1009.0,2
1513.0,1480.0,572.0,2249.0,1595.0,1
1726.0,1776.0,478.0,2684.0,1940.0,1
1396.0,1296.0,619.0,1991.0,1628.0,1
1333.0,1212.0,668.0,1854.0,1573.0,1
1161.0,1016.0,849.0,1642.0,1187.0,2
1081.0,1000.0,900.0,1561.0,900.0,2
1075.0,998.0,914.0,1574.0,800.0,2
1055.0,964.0,953.0,1513.0,770.0,2
1053.0,953.0,988.0,1483.0,758.0,2
1087.0,1075.0,944.0,1558.0,886.0,2
1304.0,1291.0,765.0,1838.0,1219.0,1
1625.0,1608.0,601.0,2271.0,1725.0,1
1649.0,1633.0,584.0,2328.0,1745.0,1
1443.0,1455.0,635.0,2073.0,1600.0,1
1209.0,1193.0,753.0,1737.0,1310.0,1
1105.0,1000.0,847.0,1573.0,1208.0,2
1020.0,863.0,933.0,1492.0,1074.0,2
991.0,828.0,973.0,1469.0,993.0,2
937.0,741.0,1058.0,1420.0,923.0,0
882.0,654.0,1141.0,1377.0,819.0,0
843.0,597.0,1242.0,1341.0,727.0,0
819.0,565.0,1295.0,1316.0,694.0,0
834.0,596.0,1276.0,1335.0,727.0,0
977.0,800.0,990.0,1474.0,926.0,2
1234.0,1109.0,767.0,1729.0,1194.0,2
1403.0,1340.0,623.0,2003.0,1502.0,1
1538.0,1458.0,593.0,2186.0,1743.0,1
1343.0,1299.0,694.0,1945.0,1542.0,1
1243.0,1162.0,766.0,1731.0,1354.0,1
1201.0,1102.0,814.0,1682.0,1175.0,2
1121.0,1020.0,893.0,1585.0,916.0,2
1087.0,1055.0,908.0,1562.0,818.0,2
1165.0,1225.0,824.0,1676.0,1028.0,2
1224.0,1270.0,806.0,1739.0,1113.0,2
1431.0,1482.0,679.0,2025.0,1431.0,1
1433.0,1510.0,661.0,2038.0,1503.0,1
1527.0,1664.0,587.0,2238.0,1775.0,1
1387.0,1361.0,701.0,1932.0,1505.0,1
1158.0,1100.0,835.0,1659.0,1211.0,2
1009.0,907.0,982.0,1466.0,872.0,2
1026.0,890.0,976.0,1467.0,855.0,2
1119.0,979.0,873.0,1593.0,1170.0,2
1000.0,839.0,958.0,1467.0,1024.0,2
866.0,675.0,1155.0,1337.0,841.0,0
848.0,642.0,1202.0,1325.0,760.0,0
844.0,608.0,1213.0,1314.0,803.0,0
852.0,646.0,1186.0,1321.0,793.0,0
923.0,757.0,1041.0,1418.0,906.0,0
1490.0,1368.0,627.0,2119.0,1541.0,1
1662.0,1576.0,523.0,2417.0,1861.0,1
1553.0,1354.0,621.0,2030.0,1895.0,1
1423.0,1247.0,706.0,1887.0,1684.0,1
1458.0,1350.0,677.0,1947.0,1731.0,1
1349.0,1299.0,728.0,1838.0,1402.0,1
1326.0,1265.0,757.0,1835.0,1246.0,1
1356.0,1312.0,729.0,1865.0,1342.0,1
1460.0,1438.0,680.0,1953.0,1489.0,1
1497.0,1449.0,679.0,1985.0,1532.0,1
1645.0,1566.0,599.0,2228.0,1909.0,1
1557.0,1483.0,615.0,2087.0,1757.0,1
1747.0,1608.0,557.0,2335.0,1983.0,1
1482.0,1319.0,660.0,1975.0,1703.0,1
1211.0,1010.0,816.0,1619.0,1246.0,2
1294.0,1083.0,770.0,1687.0,1321.0,2
1300.0,1043.0,777.0,1659.0,1375.0,2
1402.0,1098.0,736.0,1729.0,1456.0,1
1349.0,1097.0,707.0,1763.0,1442.0,1
1161.0,938.0,827.0,1597.0,1243.0,2
1022.0,802.0,916.0,1481.0,1078.0,2
948.0,700.0,1045.0,1430.0,939.0,0
933.0,697.0,1045.0,1403.0,937.0,0
1021.0,800.0,931.0,1483.0,1019.0,2
1134.0,979.0,794.0,1639.0,1140.0,2
1311.0,1147.0,681.0,1838.0,1351.0,1
1409.0,1169.0,685.0,1874.0,1459.0,1
1301.0,1059.0,787.0,1727.0,1297.0,2
1354.0,1130.0,765.0,1808.0,1291.0,1
1391.0,1136.0,738.0,1840.0,1296.0,1
1200.0,929.0,879.0,1623.0,972.0,2
1338.0,1016.0,798.0,1766.0,1194.0,2
1223.0,938.0,884.0,1610.0,880.0,2
1278.0,1003.0,845.0,1691.0,909.0,2
1257.0,973.0,860.0,1634.0,839.0,2
1497.0,1171.0,725.0,1899.0,1248.0,1
1567.0,1280.0,661.0,1970.0,1476.0,1
1503.0,1203.0,651.0,1863.0,1502.0,1
1169.0,850.0,906.0,1584.0,873.0,2
1007.0,650.0,1157.0,1404.0,528.0,0
1004.0,667.0,1157.0,1365.0,492.0,0
967.0,661.0,1181.0,1321.0,463.0,0
984.0,707.0,1131.0,1359.0,494.0,0
931.0,689.0,1161.0,1317.0,503.0,0
966.0,737.0,1083.0,1363.0,581.0,0
777.0,521.0,1535.0,1121.0,350.0,0
763.0,471.0,1783.0,1098.0,305.0,0
804.0,505.0,1718.0,1148.0,329.0,0
830.0,535.0,1496.0,1184.0,375.0,0
833.0,553.0,1476.0,1180.0,373.0,0
875.0,603.0,1370.0,1206.0,385.0,0
882.0,621.0,1346.0,1216.0,403.0,0
862.0,635.0,1320.0,1193.0,393.0,0
863.0,636.0,1290.0,1185.0,388.0,0
830.0,596.0,1389.0,1145.0,371.0,0
807.0,584.0,1488.0,1104.0,347.0,0
873.0,675.0,1343.0,1181.0,396.0,0
931.0,739.0,1274.0,1219.0,474.0,0
918.0,748.0,1228.0,1219.0,505.0,0
1001.0,811.0,1122.0,1344.0,625.0,0
1169.0,1039.0,883.0,1550.0,941.0,2
1085.0,907.0,976.0,1419.0,893.0,2
940.0,769.0,1103.0,1310.0,731.0,0
1126.0,1083.0,875.0,1654.0,955.0,2
978.0,858.0,1013.0,1379.0,761.0,0
893.0,703.0,1192.0,1283.0,515.0,0
838.0,601.0,1361.0,1220.0,434.0,0
803.0,527.0,1513.0,1152.0,369.0,0
775.0,477.0,1722.0,1115.0,335.0,0
767.0,454.0,1826.0,1091.0,319.0,0
809.0,521.0,1575.0,1158.0,378.0,0
898.0,676.0,1271.0,1307.0,517.0,0
1053.0,880.0,982.0,1464.0,786.0,2
1033.0,934.0,917.0,1490.0,844.0,2
941.0,780.0,1080.0,1343.0,720.0,0
941.0,782.0,1102.0,1328.0,668.0,0
917.0,772.0,1098.0,1311.0,605.0,0
977.0,837.0,1038.0,1413.0,646.0,0
994.0,851.0,1018.0,1436.0,640.0,0
942.0,785.0,1065.0,1365.0,571.0,0
981.0,810.0,1060.0,1395.0,605.0,0
984.0,832.0,1034.0,1410.0,636.0,0
1116.0,1003.0,864.0,1625.0,886.0,2
1181.0,1114.0,787.0,1685.0,1032.0,2
1163.0,1068.0,811.0,1616.0,977.0,2
1081.0,950.0,907.0,1496.0,924.0,2
1017.0,842.0,1000.0,1441.0,846.0,2
966.0,778.0,1057.0,1359.0,755.0,0
924.0,709.0,1158.0,1318.0,610.0,0
861.0,601.0,1351.0,1225.0,439.0,0
826.0,560.0,1424.0,1197.0,402.0,0
846.0,557.0,1385.0,1212.0,406.0,0
842.0,545.0,1423.0,1224.0,424.0,0
909.0,617.0,1236.0,1302.0,558.0,0
930.0,670.0,1143.0,1339.0,746.0,0
1120.0,935.0,843.0,1593.0,1126.0,2
1518.0,1389.0,589.0,2101.0,1703.0,1
1461.0,1398.0,630.0,2050.0,1628.0,1
1075.0,896.0,938.0,1487.0,936.0,2
1061.0,908.0,968.0,1455.0,890.0,2
1066.0,931.0,979.0,1474.0,757.0,2
1179.0,1137.0,829.0,1651.0,949.0,2
1251.0,1238.0,773.0,1779.0,1109.0,2
1120.0,1048.0,898.0,1560.0,870.0,2
1187.0,1142.0,840.0,1651.0,1011.0,2
1145.0,1066.0,903.0,1592.0,885.0,2
1215.0,1164.0,817.0,1689.0,1015.0,2
1317.0,1231.0,766.0,1798.0,1155.0,1
1388.0,1341.0,702.0,1955.0,1315.0,1
1295.0,1266.0,716.0,1849.0,1359.0,1
1153.0,1066.0,811.0,1651.0,1194.0,2
1078.0,932.0,905.0,1511.0,951.0,2
1133.0,1012.0,806.0,1608.0,1054.0,2
1055.0,899.0,880.0,1504.0,980.0,2
953.0,735.0,999.0,1396.0,898.0,0
892.0,639.0,1139.0,1359.0,803.0,0
895.0,632.0,1167.0,1347.0,684.0,0
859.0,602.0,1209.0,1321.0,644.0,0
856.0,619.0,1191.0,1345.0,677.0,0
1030.0,880.0,892.0,1539.0,996.0,2
1689.0,1560.0,529.0,2396.0,1736.0,1
1486.0,1351.0,571.0,2112.0,1692.0,1
1592.0,1423.0,577.0,2155.0,2108.0,1
1469.0,1252.0,692.0,1903.0,1807.0,1
1364.0,1205.0,723.0,1850.0,1566.0,1
1285.0,1123.0,755.0,1741.0,1293.0,1
1311.0,1170.0,748.0,1787.0,1219.0,1
1416.0,1348.0,684.0,1969.0,1330.0,1
1387.0,1318.0,701.0,1890.0,1299.0,1
1329.0,1185.0,768.0,1750.0,1111.0,1
1496.0,1292.0,680.0,1878.0,1300.0,1
1676.0,1525.0,567.0,2226.0,1653.0,1
1724.0,1510.0,562.0,2252.0,1716.0,1
1642.0,1426.0,597.0,2117.0,1720.0,1
1267.0,1088.0,764.0,1740.0,1339.0,1
1146.0,923.0,845.0,1575.0,1166.0,2
1216.0,960.0,788.0,1662.0,1256.0,2
1128.0,891.0,838.0,1574.0,1125.0,2
1042.0,772.0,923.0,1495.0,968.0,2
926.0,639.0,1115.0,1409.0,814.0,0
898.0,608.0,1154.0,1386.0,743.0,0
889.0,617.0,1168.0,1382.0,758.0,0
959.0,734.0,1038.0,1470.0,861.0,0
1097.0,956.0,827.0,1620.0,1047.0,2
1674.0,1547.0,539.0,2405.0,1665.0,1
1771.0,1690.0,461.0,2572.0,1982.0,1
1408.0,1241.0,648.0,1886.0,1711.0,1
1156.0,1009.0,875.0,1583.0,1204.0,2
1042.0,941.0,971.0,1491.0,871.0,2
1167.0,1128.0,829.0,1716.0,1040.0,2
1398.0,1360.0,656.0,2037.0,1439.0,1
1458.0,1321.0,654.0,2023.0,1516.0,1
1554.0,1379.0,614.0,2151.0,1693.0,1
1495.0,1331.0,615.0,2069.0,1635.0,1
1560.0,1424.0,579.0,2176.0,1688.0,1
1664.0,1519.0,553.0,2312.0,1820.0,1
1761.0,1610.0,502.0,2488.0,2006.0,1
1524.0,1275.0,608.0,2046.0,1740.0,1
1398.0,1189.0,646.0,1931.0,1577.0,1
1342.0,1106.0,694.0,1856.0,1443.0,1
1433.0,1104.0,681.0,1876.0,1411.0,1
1297.0,1019.0,733.0,1823.0,1217.0,2
1179.0,884.0,830.0,1696.0,1086.0,2
1097.0,809.0,897.0,1628.0,1050.0,2
1054.0,761.0,963.0,1598.0,965.0,2
1017.0,711.0,1009.0,1554.0,906.0,2
1005.0,738.0,1005.0,1563.0,917.0,2
1206.0,949.0,818.0,1771.0,1116.0,2
1458.0,1249.0,662.0,2033.0,1380.0,1
1405.0,1295.0,638.0,2065.0,1378.0,1
1381.0,1199.0,685.0,1970.0,1365.0,1
1315.0,1072.0,736.0,1833.0,1273.0,1
1332.0,1082.0,707.0,1889.0,1242.0,1
1362.0,1145.0,673.0,1973.0,1294.0,1
1399.0,1222.0,643.0,2061.0,1413.0,1
1310.0,1160.0,695.0,1939.0,1224.0,1
1399.0,1201.0,699.0,1971.0,1318.0,1
1524.0,1239.0,644.0,2139.0,1404.0,1
1487.0,1274.0,641.0,2133.0,1471.0,1
1480.0,1324.0,622.0,2162.0,1623.0,1
1626.0,1476.0,555.0,2356.0,1786.0,1
1449.0,1282.0,625.0,2100.0,1569.0,1
1363.0,1152.0,684.0,1951.0,1495.0,1
1371.0,1136.0,689.0,1927.0,1471.0,1
1406.0,1107.0,718.0,1872.0,1384.0,1
1425.0,1155.0,709.0,1936.0,1789.0,1
1179.0,951.0,826.0,1724.0,1323.0,2
1047.0,833.0,939.0,1647.0,1081.0,2
1009.0,825.0,950.0,1629.0,938.0,2
882.0,685.0,1134.0,1492.0,673.0,0
858.0,624.0,1205.0,1434.0,543.0,0
875.0,659.0,1180.0,1452.0,561.0,0
1012.0,833.0,916.0,1632.0,862.0,2
1049.0,836.0,926.0,1615.0,901.0,2
1131.0,932.0,854.0,1693.0,1048.0,2
1120.0,931.0,886.0,1652.0,971.0,2
1117.0,946.0,909.0,1657.0,915.0,2
1110.0,948.0,901.0,1632.0,891.0,2
962.0,816.0,1044.0,1489.0,628.0,0
963.0,835.0,1029.0,1495.0,556.0,0
1050.0,948.0,928.0,1584.0,652.0,2
1053.0,911.0,949.0,1603.0,683.0,2
1045.0,910.0,948.0,1598.0,624.0,2
1124.0,1013.0,849.0,1676.0,733.0,2
1330.0,1140.0,759.0,1780.0,1062.0,2
1171.0,1006.0,835.0,1674.0,988.0,2
1085.0,954.0,866.0,1656.0,871.0,2
1358.0,1144.0,727.0,1851.0,1243.0,1
1385.0,1094.0,765.0,1769.0,1175.0,1
1167.0,914.0,876.0,1599.0,1126.0,2
1072.0,894.0,893.0,1646.0,1118.0,2
938.0,789.0,989.0,1536.0,864.0,2
1000.0,838.0,910.0,1580.0,942.0,2
854.0,670.0,1141.0,1460.0,684.0,0
815.0,628.0,1212.0,1426.0,689.0,0
866.0,689.0,1138.0,1456.0,767.0,0
911.0,751.0,1036.0,1518.0,817.0,0
988.0,806.0,951.0,1568.0,940.0,2
1046.0,851.0,920.0,1595.0,908.0,2
1085.0,918.0,890.0,1639.0,871.0,2
1008.0,816.0,1015.0,1531.0,689.0,0
1004.0,821.0,1031.0,1510.0,629.0,0
948.0,754.0,1086.0,1436.0,602.0,0
1026.0,847.0,1010.0,1519.0,617.0,0
1047.0,859.0,948.0,1538.0,677.0,2
1018.0,790.0,1047.0,1443.0,580.0,0
1160.0,957.0,884.0,1637.0,861.0,2
1269.0,1047.0,809.0,1721.0,1080.0,2
1394.0,1111.0,736.0,1853.0,1288.0,1
1292.0,1003.0,789.0,1753.0,1163.0,2
1212.0,966.0,840.0,1691.0,1043.0,2
1137.0,985.0,858.0,1607.0,1045.0,2
1080.0,910.0,923.0,1548.0,929.0,2
1031.0,861.0,903.0,1534.0,825.0,2
917.0,654.0,1169.0,1414.0,545.0,0
888.0,598.0,1228.0,1397.0,500.0,0
872.0,564.0,1284.0,1385.0,494.0,0
876.0,547.0,1256.0,1351.0,505.0,0
964.0,697.0,1067.0,1516.0,717.0,0
1147.0,906.0,815.0,1687.0,1126.0,2
1493.0,1328.0,577.0,2193.0,1597.0,1
1597.0,1466.0,518.0,2400.0,1687.0,1
1483.0,1222.0,597.0,2054.0,1529.0,1
1222.0,1080.0,742.0,1755.0,1366.0,2
1060.0,1010.0,858.0,1623.0,1074.0,2
1048.0,1013.0,886.0,1584.0,940.0,2
1051.0,1008.0,911.0,1561.0,921.0,2
998.0,977.0,947.0,1496.0,695.0,2
1058.0,1023.0,896.0,1580.0,795.0,2
1203.0,1204.0,790.0,1744.0,1079.0,2
1491.0,1392.0,630.0,2149.0,1473.0,1
1467.0,1385.0,623.0,2084.0,1493.0,1
1407.0,1279.0,660.0,2009.0,1308.0,1
1324.0,1086.0,692.0,1903.0,1189.0,1
1214.0,970.0,777.0,1771.0,1076.0,2
1016.0,780.0,967.0,1566.0,806.0,2
1135.0,842.0,872.0,1653.0,973.0,2
1065.0,789.0,936.0,1620.0,929.0,2
999.0,692.0,1038.0,1588.0,778.0,0
911.0,599.0,1189.0,1517.0,633.0,0
873.0,545.0,1308.0,1471.0,497.0,0
881.0,546.0,1335.0,1465.0,458.0,0
967.0,646.0,1117.0,1552.0,579.0,0
1280.0,976.0,780.0,1912.0,1003.0,2
1564.0,1379.0,552.0,2306.0,1393.0,1
1505.0,1358.0,556.0,2248.0,1406.0,1
1309.0,1186.0,649.0,1973.0,1308.0,1
1035.0,895.0,898.0,1657.0,863.0,2
1148.0,1062.0,753.0,1825.0,1004.0,2
1152.0,1104.0,725.0,1860.0,1023.0,2
1131.0,1059.0,772.0,1784.0,978.0,2
1142.0,1053.0,753.0,1814.0,979.0,2
1197.0,1082.0,753.0,1851.0,971.0,2
960.0,828.0,971.0,1565.0,617.0,0
1077.0,1001.0,836.0,1764.0,717.0,2
1377.0,1313.0,612.0,2120.0,1220.0,1
1405.0,1353.0,602.0,2185.0,1296.0,1
1484.0,1319.0,591.0,2166.0,1413.0,1
1187.0,1042.0,766.0,1840.0,1093.0,2
870.0,729.0,1096.0,1475.0,586.0,0
932.0,765.0,1054.0,1543.0,575.0,0
830.0,608.0,1282.0,1370.0,441.0,0
778.0,534.0,1480.0,1294.0,358.0,0
820.0,541.0,1450.0,1360.0,377.0,0
842.0,565.0,1327.0,1399.0,437.0,0
867.0,589.0,1267.0,1439.0,468.0,0
927.0,682.0,1109.0,1526.0,580.0,0
1060.0,851.0,912.0,1673.0,805.0,2
1440.0,1271.0,630.0,2163.0,1273.0,1
1449.0,1350.0,571.0,2264.0,1452.0,1
1384.0,1265.0,620.0,2143.0,1307.0,1
1172.0,1085.0,737.0,1876.0,1102.0,2
1143.0,1083.0,735.0,1887.0,1083.0,2
1167.0,1134.0,709.0,1920.0,1083.0,2
1303.0,1288.0,618.0,2116.0,1236.0,1
1264.0,1279.0,631.0,2049.0,1223.0,1
1242.0,1193.0,684.0,1945.0,1175.0,1
1070.0,1022.0,824.0,1740.0,933.0,2
981.0,978.0,857.0,1682.0,835.0,2
1198.0,1136.0,717.0,1870.0,1291.0,1
1000.0,918.0,881.0,1661.0,802.0,2
1110.0,949.0,850.0,1733.0,842.0,2
1023.0,854.0,918.0,1637.0,744.0,2
861.0,695.0,1130.0,1438.0,500.0,0
969.0,760.0,1059.0,1518.0,560.0,0
898.0,741.0,1085.0,1468.0,589.0,0
835.0,674.0,1201.0,1416.0,488.0,0
766.0,523.0,1534.0,1310.0,387.0,0
743.0,502.0,1635.0,1292.0,355.0,0
758.0,517.0,1625.0,1294.0,351.0,0
804.0,604.0,1366.0,1357.0,420.0,0
948.0,817.0,1048.0,1546.0,695.0,0
1204.0,1205.0,729.0,1984.0,1139.0,1
1231.0,1304.0,652.0,2029.0,1315.0,1
1176.0,1191.0,705.0,1836.0,1217.0,2
1043.0,1066.0,789.0,1692.0,1014.0,2
992.0,970.0,869.0,1624.0,884.0,2
885.0,772.0,1035.0,1450.0,524.0,0
991.0,937.0,874.0,1581.0,644.0,2
1182.0,1119.0,733.0,1831.0,1032.0,2
1191.0,1074.0,741.0,1816.0,1038.0,2
1272.0,1136.0,730.0,1869.0,1077.0,2
1138.0,1063.0,804.0,1728.0,983.0,2
1008.0,954.0,892.0,1626.0,834.0,2
1075.0,1015.0,824.0,1722.0,949.0,2
1034.0,935.0,870.0,1605.0,941.0,2
934.0,841.0,973.0,1497.0,756.0,0
883.0,705.0,1133.0,1422.0,655.0,0
1021.0,871.0,938.0,1586.0,805.0,2
1059.0,907.0,879.0,1579.0,970.0,2
1023.0,878.0,896.0,1568.0,969.0,2
855.0,669.0,1160.0,1427.0,671.0,0
826.0,616.0,1227.0,1384.0,575.0,0
831.0,602.0,1269.0,1386.0,535.0,0
817.0,639.0,1260.0,1364.0,489.0,0
972.0,880.0,964.0,1590.0,689.0,2
1200.0,1290.0,657.0,2014.0,1196.0,1
1234.0,1355.0,621.0,2095.0,1266.0,1
1164.0,1148.0,741.0,1824.0,1130.0,2
976.0,952.0,878.0,1582.0,834.0,2
844.0,825.0,1027.0,1405.0,536.0,0
851.0,906.0,989.0,1418.0,545.0,0
926.0,1010.0,904.0,1526.0,720.0,2
890.0,950.0,940.0,1460.0,655.0,2
921.0,914.0,937.0,1481.0,614.0,2
1052.0,956.0,869.0,1600.0,725.0,2
1247.0,1238.0,691.0,1948.0,1036.0,1
1205.0,1222.0,684.0,1911.0,1127.0,1
1016.0,995.0,857.0,1642.0,854.0,2
984.0,879.0,940.0,1527.0,792.0,2
1041.0,898.0,922.0,1595.0,891.0,2
1027.0,887.0,927.0,1568.0,876.0,2
1025.0,869.0,954.0,1531.0,851.0,2
984.0,829.0,1003.0,1516.0,787.0,2
969.0,791.0,1084.0,1446.0,711.0,0
758.0,546.0,1483.0,1252.0,396.0,0
767.0,547.0,1482.0,1239.0,375.0,0
772.0,518.0,1544.0,1202.0,343.0,0
831.0,557.0,1480.0,1257.0,401.0,0
871.0,628.0,1243.0,1329.0,518.0,0
995.0,808.0,1028.0,1479.0,685.0,0
1093.0,918.0,857.0,1589.0,939.0,2
1079.0,885.0,884.0,1588.0,974.0,2
1084.0,852.0,910.0,1575.0,959.0,2
1204.0,982.0,791.0,1739.0,1067.0,2
1213.0,1018.0,760.0,1778.0,1061.0,2
1124.0,949.0,827.0,1671.0,1008.0,2
945.0,726.0,1053.0,1432.0,637.0,0
964.0,833.0,1003.0,1489.0,647.0,0
903.0,786.0,1073.0,1375.0,523.0,0
918.0,863.0,992.0,1408.0,539.0,0
1028.0,961.0,913.0,1502.0,649.0,2
1175.0,1209.0,720.0,1829.0,1071.0,2
1215.0,1161.0,714.0,1802.0,1237.0,1
1072.0,976.0,835.0,1603.0,1018.0,2
1070.0,952.0,858.0,1573.0,966.0,2
1021.0,853.0,979.0,1457.0,901.0,2
1063.0,859.0,952.0,1519.0,949.0,2
1068.0,938.0,862.0,1575.0,1057.0,2
993.0,913.0,879.0,1601.0,989.0,2
1034.0,928.0,848.0,1619.0,1005.0,2
1025.0,914.0,856.0,1605.0,1003.0,2
1036.0,902.0,825.0,1558.0,1087.0,2
924.0,774.0,987.0,1460.0,909.0,0
922.0,737.0,1050.0,1414.0,882.0,0
830.0,625.0,1266.0,1303.0,568.0,0
947.0,752.0,1068.0,1434.0,620.0,0
977.0,737.0,1025.0,1450.0,686.0,0
1025.0,761.0,1008.0,1476.0,700.0,0
1040.0,804.0,940.0,1502.0,780.0,2
1013.0,718.0,1041.0,1492.0,558.0,0
1035.0,755.0,997.0,1521.0,608.0,0
1086.0,859.0,892.0,1595.0,754.0,2
967.0,753.0,1048.0,1420.0,544.0,0
968.0,785.0,1011.0,1446.0,550.0,0
1004.0,827.0,972.0,1465.0,627.0,0
1132.0,981.0,850.0,1614.0,877.0,2
1121.0,985.0,833.0,1625.0,981.0,2
1068.0,917.0,889.0,1570.0,832.0,2
1123.0,937.0,866.0,1606.0,941.0,2
1101.0,933.0,845.0,1600.0,1022.0,2
997.0,835.0,951.0,1501.0,888.0,2
875.0,654.0,1172.0,1375.0,683.0,0
815.0,569.0,1361.0,1344.0,534.0,0
803.0,531.0,1462.0,1318.0,489.0,0
829.0,570.0,1304.0,1357.0,562.0,0
867.0,625.0,1213.0,1385.0,652.0,0
1118.0,970.0,837.0,1705.0,1019.0,2
1632.0,1587.0,523.0,2459.0,1678.0,1
1598.0,1668.0,490.0,2617.0,1749.0,1
1378.0,1303.0,633.0,2051.0,1494.0,1
1132.0,1096.0,731.0,1808.0,1186.0,2
1108.0,1040.0,767.0,1748.0,1051.0,2
1131.0,1097.0,735.0,1797.0,1027.0,2
1105.0,1080.0,751.0,1758.0,981.0,2
1120.0,1096.0,753.0,1767.0,976.0,2
1100.0,1108.0,800.0,1731.0,932.0,2
1098.0,1124.0,810.0,1716.0,871.0,2
1137.0,1234.0,749.0,1824.0,990.0,2
1267.0,1352.0,651.0,1961.0,1196.0,1
1319.0,1413.0,597.0,2050.0,1329.0,1
1160.0,1189.0,698.0,1824.0,1151.0,2
1084.0,1063.0,775.0,1703.0,1031.0,2
1025.0,963.0,842.0,1621.0,917.0,2
953.0,830.0,986.0,1521.0,860.0,2
959.0,812.0,961.0,1518.0,910.0,2
834.0,637.0,1187.0,1362.0,699.0,0
787.0,549.0,1366.0,1317.0,596.0,0
799.0,555.0,1327.0,1320.0,643.0,0
807.0,571.0,1305.0,1335.0,704.0,0
866.0,686.0,1135.0,1405.0,741.0,0
1035.0,917.0,882.0,1606.0,968.0,2
1469.0,1491.0,555.0,2301.0,1561.0,1
1553.0,1575.0,508.0,2423.0,1779.0,1
1513.0,1455.0,554.0,2182.0,1822.0,1
1395.0,1368.0,605.0,2032.0,1675.0,1
1209.0,1248.0,712.0,1891.0,1295.0,1
1142.0,1115.0,776.0,1735.0,1091.0,2
1140.0,1129.0,765.0,1728.0,1023.0,2
1105.0,1035.0,826.0,1643.0,877.0,2
1131.0,1058.0,824.0,1664.0,931.0,2
1162.0,1064.0,832.0,1675.0,913.0,2
1336.0,1326.0,674.0,1923.0,1255.0,1
1533.0,1549.0,573.0,2233.0,1571.0,1
1650.0,1649.0,528.0,2345.0,1779.0,1
1535.0,1458.0,568.0,2120.0,1735.0,1
1382.0,1243.0,632.0,1941.0,1511.0,1
1335.0,1122.0,673.0,1840.0,1424.0,1
1267.0,1064.0,706.0,1766.0,1348.0,1
1122.0,926.0,805.0,1619.0,1174.0,2
986.0,771.0,964.0,1518.0,947.0,2
966.0,744.0,967.0,1511.0,935.0,2
919.0,661.0,1089.0,1468.0,838.0,0
872.0,632.0,1132.0,1403.0,768.0,0
967.0,749.0,996.0,1517.0,881.0,0
1152.0,964.0,800.0,1705.0,1096.0,2
1500.0,1393.0,560.0,2163.0,1495.0,1
1754.0,1716.0,452.0,2667.0,1895.0,1
1558.0,1469.0,525.0,2281.0,1758.0,1
1446.0,1350.0,568.0,2140.0,1630.0,1
1349.0,1236.0,627.0,1964.0,1530.0,1
1452.0,1371.0,576.0,2138.0,1622.0,1
1676.0,1534.0,496.0,2413.0,1828.0,1
1327.0,1139.0,658.0,1894.0,1323.0,1
1248.0,1072.0,713.0,1797.0,1188.0,2
1250.0,1074.0,724.0,1806.0,1166.0,2
1222.0,1084.0,727.0,1797.0,1108.0,2
1159.0,1097.0,748.0,1709.0,995.0,2
1192.0,1143.0,740.0,1767.0,1108.0,2
1074.0,954.0,846.0,1570.0,956.0,2
984.0,851.0,959.0,1452.0,817.0,2
970.0,773.0,1026.0,1425.0,658.0,0
987.0,800.0,989.0,1462.0,658.0,0
1003.0,836.0,949.0,1455.0,748.0,2
933.0,747.0,1045.0,1405.0,569.0,0
859.0,620.0,1201.0,1316.0,445.0,0
815.0,538.0,1412.0,1272.0,379.0,0
792.0,501.0,1554.0,1252.0,354.0,0
835.0,560.0,1409.0,1317.0,407.0,0
975.0,736.0,1069.0,1459.0,611.0,0
1133.0,957.0,815.0,1652.0,944.0,2
1347.0,1237.0,645.0,1984.0,1328.0,1
1122.0,1000.0,783.0,1663.0,1085.0,2
1152.0,1014.0,774.0,1714.0,1139.0,2
1020.0,866.0,907.0,1554.0,799.0,2
1066.0,927.0,846.0,1608.0,804.0,2
1105.0,1016.0,789.0,1736.0,930.0,2
1056.0,894.0,891.0,1576.0,771.0,2
1084.0,970.0,818.0,1626.0,845.0,2
1288.0,1191.0,691.0,1910.0,1192.0,1
1390.0,1368.0,605.0,2092.0,1494.0,1
1374.0,1303.0,636.0,2036.0,1457.0,1
1378.0,1342.0,612.0,2076.0,1489.0,1
1428.0,1329.0,594.0,2102.0,1602.0,1
1336.0,1176.0,656.0,1891.0,1468.0,1
1234.0,1049.0,746.0,1733.0,1274.0,2
1300.0,1221.0,648.0,1946.0,1401.0,1
1246.0,1150.0,654.0,1873.0,1354.0,1
1141.0,1017.0,740.0,1690.0,1188.0,2
1014.0,853.0,883.0,1538.0,975.0,2
938.0,769.0,978.0,1463.0,816.0,0
988.0,814.0,908.0,1512.0,921.0,2
983.0,833.0,894.0,1524.0,1012.0,2
1033.0,917.0,882.0,1617.0,905.0,2
1388.0,1372.0,601.0,2105.0,1449.0,1
1512.0,1530.0,527.0,2326.0,1725.0,1
1148.0,1104.0,723.0,1713.0,1301.0,2
1095.0,1019.0,815.0,1618.0,1181.0,2
987.0,979.0,923.0,1515.0,962.0,2
984.0,998.0,905.0,1523.0,862.0,2
1072.0,1084.0,843.0,1622.0,1017.0,2
1048.0,1068.0,869.0,1573.0,993.0,2
1042.0,1029.0,907.0,1540.0,879.0,2
1113.0,1086.0,882.0,1584.0,926.0,2
1146.0,1145.0,836.0,1647.0,1011.0,2
1239.0,1272.0,748.0,1790.0,1380.0,1
1302.0,1346.0,706.0,1880.0,1698.0,1
1181.0,1183.0,792.0,1711.0,1432.0,1
1068.0,1037.0,869.0,1567.0,1217.0,2
1135.0,1065.0,803.0,1630.0,1317.0,2
1121.0,992.0,844.0,1505.0,1255.0,2
1131.0,965.0,843.0,1520.0,1223.0,2
947.0,798.0,964.0,1395.0,930.0,2
935.0,786.0,964.0,1389.0,954.0,2
941.0,792.0,975.0,1397.0,889.0,0
867.0,734.0,1043.0,1324.0,808.0,0
839.0,638.0,1171.0,1271.0,643.0,0
873.0,704.0,1091.0,1322.0,756.0,0
1065.0,942.0,890.0,1576.0,1067.0,2
1187.0,1104.0,727.0,1721.0,1391.0,2
1249.0,1174.0,712.0,1774.0,1486.0,1
1157.0,1072.0,802.0,1653.0,1327.0,2
988.0,924.0,1015.0,1463.0,835.0,2
1025.0,955.0,997.0,1457.0,834.0,2
997.0,947.0,998.0,1460.0,815.0,2
916.0,829.0,1124.0,1333.0,621.0,0
965.0,910.0,1056.0,1389.0,643.0,0
985.0,903.0,1059.0,1437.0,712.0,0
1026.0,920.0,1037.0,1455.0,746.0,2
1125.0,1016.0,910.0,1564.0,991.0,2
1159.0,1054.0,878.0,1603.0,1046.0,2
1284.0,1149.0,780.0,1725.0,1304.0,1
1101.0,986.0,852.0,1574.0,1100.0,2
1101.0,972.0,879.0,1552.0,1001.0,2
1183.0,1049.0,762.0,1594.0,1290.0,2
1132.0,996.0,822.0,1564.0,1205.0,2
998.0,859.0,919.0,1450.0,1045.0,2
911.0,743.0,1052.0,1370.0,739.0,0
875.0,721.0,1083.0,1328.0,683.0,0
808.0,630.0,1234.0,1256.0,573.0,0
792.0,599.0,1262.0,1235.0,564.0,0
822.0,581.0,1326.0,1256.0,602.0,0
918.0,721.0,1069.0,1353.0,785.0,0
975.0,774.0,1001.0,1393.0,878.0,0
1047.0,908.0,913.0,1458.0,981.0,2
1053.0,970.0,930.0,1473.0,991.0,2
1017.0,897.0,1013.0,1400.0,780.0,2
1021.0,889.0,1022.0,1405.0,684.0,0
941.0,753.0,1173.0,1311.0,468.0,0
991.0,776.0,1122.0,1375.0,468.0,0
1117.0,862.0,995.0,1476.0,530.0,2
1217.0,947.0,887.0,1566.0,648.0,2
1248.0,982.0,880.0,1617.0,746.0,2
1242.0,973.0,856.0,1632.0,819.0,2
1403.0,1151.0,747.0,1820.0,1125.0,1
1238.0,999.0,833.0,1648.0,1013.0,2
1093.0,858.0,975.0,1495.0,816.0,2
1034.0,805.0,1030.0,1416.0,750.0,0
934.0,795.0,1098.0,1328.0,673.0,0
913.0,785.0,1110.0,1273.0,692.0,0
835.0,691.0,1265.0,1182.0,517.0,0
773.0,568.0,1474.0,1113.0,392.0,0
771.0,533.0,1566.0,1110.0,360.0,0
805.0,534.0,1454.0,1112.0,409.0,0
930.0,684.0,1059.0,1220.0,779.0,0
1009.0,859.0,944.0,1420.0,1016.0,2
1196.0,1131.0,775.0,1675.0,1243.0,2
1010.0,937.0,945.0,1444.0,949.0,2
990.0,924.0,974.0,1404.0,861.0,2
988.0,918.0,1007.0,1393.0,850.0,2
979.0,910.0,1028.0,1396.0,788.0,0
1029.0,983.0,950.0,1470.0,879.0,2
984.0,945.0,990.0,1423.0,747.0,2
985.0,919.0,1028.0,1387.0,700.0,0
981.0,886.0,1054.0,1363.0,695.0,0
1020.0,941.0,1016.0,1425.0,756.0,2
1106.0,1097.0,902.0,1552.0,941.0,2
1153.0,1168.0,842.0,1644.0,1021.0,2
1215.0,1234.0,796.0,1735.0,1167.0,2
1094.0,1072.0,888.0,1545.0,1105.0,2
944.0,832.0,1072.0,1350.0,712.0,0
964.0,861.0,1014.0,1398.0,735.0,0
1003.0,872.0,988.0,1439.0,851.0,2
914.0,774.0,1091.0,1323.0,706.0,0
839.0,609.0,1276.0,1286.0,643.0,0
830.0,582.0,1310.0,1264.0,608.0,0
812.0,521.0,1413.0,1233.0,469.0,0
832.0,547.0,1320.0,1254.0,469.0,0
903.0,656.0,1155.0,1361.0,618.0,0
1022.0,825.0,931.0,1487.0,931.0,2
1378.0,1277.0,628.0,1970.0,1519.0,1
1745.0,1748.0,484.0,2605.0,2054.0,1
1326.0,1137.0,719.0,1760.0,1550.0,1
1215.0,1062.0,794.0,1650.0,1381.0,2
1138.0,1015.0,854.0,1604.0,1115.0,2
1244.0,1162.0,765.0,1735.0,1189.0,2
1261.0,1210.0,736.0,1769.0,1200.0,1
1182.0,1066.0,818.0,1663.0,965.0,2
1208.0,1111.0,783.0,1653.0,1018.0,2
1158.0,981.0,862.0,1573.0,775.0,2
1346.0,1278.0,701.0,1873.0,1193.0,1
1443.0,1371.0,664.0,1988.0,1425.0,1
1440.0,1443.0,635.0,2068.0,1594.0,1
1232.0,1173.0,751.0,1750.0,1284.0,1
1159.0,1061.0,812.0,1648.0,1174.0,2
1081.0,929.0,910.0,1518.0,937.0,2
1083.0,911.0,883.0,1507.0,985.0,2
1069.0,887.0,859.0,1542.0,1041.0,2
940.0,724.0,1012.0,1407.0,867.0,0
901.0,653.0,1094.0,1367.0,822.0,0
848.0,571.0,1224.0,1297.0,624.0,0
846.0,598.0,1211.0,1332.0,669.0,0
848.0,598.0,1219.0,1318.0,628.0,0
980.0,800.0,983.0,1462.0,810.0,2
1408.0,1321.0,618.0,2044.0,1495.0,1
1716.0,1701.0,490.0,2545.0,2018.0,1
1475.0,1351.0,625.0,2006.0,1696.0,1
1262.0,1096.0,772.0,1711.0,1340.0,2
1156.0,1034.0,813.0,1640.0,1123.0,2
1192.0,1097.0,796.0,1688.0,971.0,2
1233.0,1154.0,746.0,1740.0,1000.0,2
1208.0,1083.0,792.0,1702.0,891.0,2
1215.0,1116.0,784.0,1715.0,852.0,2
1251.0,1165.0,747.0,1774.0,975.0,2
1358.0,1278.0,689.0,1899.0,1192.0,1
1379.0,1349.0,645.0,1961.0,1373.0,1
1379.0,1326.0,659.0,1961.0,1307.0,1
1373.0,1252.0,670.0,1889.0,1325.0,1
1197.0,950.0,823.0,1592.0,918.0,2
1238.0,940.0,815.0,1622.0,877.0,2
1255.0,963.0,781.0,1665.0,1024.0,2
1164.0,908.0,821.0,1574.0,1019.0,2
1046.0,803.0,900.0,1490.0,823.0,2
956.0,661.0,1043.0,1398.0,701.0,0
885.0,565.0,1217.0,1329.0,542.0,0
877.0,549.0,1265.0,1317.0,463.0,0
925.0,609.0,1168.0,1363.0,533.0,0
1086.0,837.0,885.0,1553.0,906.0,2
1490.0,1286.0,593.0,2053.0,1447.0,1
1763.0,1617.0,489.0,2503.0,1835.0,1
1462.0,1242.0,637.0,1961.0,1552.0,1
1232.0,1062.0,787.0,1707.0,1092.0,2
1239.0,1067.0,779.0,1702.0,1071.0,2
1218.0,1051.0,796.0,1689.0,881.0,2
1235.0,1094.0,756.0,1729.0,907.0,2
1196.0,1061.0,791.0,1649.0,899.0,2
1288.0,1179.0,717.0,1799.0,1074.0,1
1248.0,1108.0,772.0,1701.0,969.0,2
1401.0,1342.0,663.0,1959.0,1267.0,1
1401.0,1396.0,645.0,2009.0,1402.0,1
1444.0,1354.0,655.0,1956.0,1437.0,1
1379.0,1312.0,683.0,1870.0,1382.0,1
1251.0,1097.0,771.0,1680.0,1280.0,2
1269.0,1077.0,773.0,1706.0,1250.0,2
1242.0,1060.0,745.0,1693.0,1359.0,2
1045.0,850.0,889.0,1506.0,1102.0,2
937.0,698.0,1039.0,1382.0,768.0,0
875.0,622.0,1167.0,1331.0,656.0,0
889.0,633.0,1123.0,1344.0,683.0,0
888.0,640.0,1089.0,1330.0,670.0,0
881.0,624.0,1135.0,1319.0,656.0,0
998.0,856.0,894.0,1488.0,926.0,2
1517.0,1460.0,551.0,2205.0,1677.0,1
1522.0,1509.0,543.0,2275.0,1828.0,1
1417.0,1303.0,635.0,1964.0,1752.0,1
1329.0,1214.0,700.0,1845.0,1581.0,1
1203.0,1023.0,825.0,1622.0,1132.0,2
1234.0,1037.0,788.0,1658.0,1037.0,2
1286.0,1090.0,750.0,1719.0,1023.0,2
1298.0,1075.0,749.0,1690.0,1022.0,2
1308.0,1084.0,757.0,1724.0,989.0,2
1276.0,1099.0,783.0,1680.0,925.0,2
1234.0,985.0,815.0,1572.0,795.0,2
1419.0,1300.0,670.0,1923.0,1263.0,1
1325.0,1273.0,716.0,1815.0,1184.0,1
1346.0,1224.0,715.0,1794.0,1272.0,1
1241.0,1110.0,772.0,1698.0,1177.0,2
1274.0,1094.0,771.0,1682.0,1231.0,2
1321.0,1144.0,732.0,1745.0,1243.0,1
1424.0,1240.0,662.0,1841.0,1427.0,1
1357.0,1178.0,674.0,1782.0,1454.0,1
1123.0,966.0,770.0,1594.0,1183.0,2
1003.0,820.0,902.0,1455.0,908.0,2
951.0,713.0,994.0,1385.0,821.0,0
941.0,687.0,1024.0,1374.0,777.0,0
986.0,745.0,959.0,1426.0,888.0,2
1153.0,947.0,795.0,1643.0,1076.0,2
1323.0,1137.0,696.0,1846.0,1285.0,1
1315.0,1040.0,743.0,1740.0,1315.0,1
1303.0,1015.0,777.0,1731.0,1250.0,2
1238.0,1037.0,813.0,1698.0,978.0,2
1259.0,1080.0,772.0,1736.0,1072.0,2
1246.0,1070.0,770.0,1747.0,1064.0,2
1154.0,912.0,872.0,1605.0,825.0,2
1237.0,997.0,800.0,1688.0,924.0,2
1315.0,1041.0,773.0,1767.0,966.0,2
1466.0,1174.0,680.0,1965.0,1302.0,1
1409.0,1113.0,710.0,1850.0,1256.0,1
1366.0,1171.0,693.0,1933.0,1068.0,1
1241.0,1011.0,781.0,1748.0,1070.0,2
1123.0,832.0,930.0,1565.0,792.0,2
1321.0,1075.0,757.0,1891.0,1017.0,2
1397.0,1159.0,681.0,1949.0,1207.0,1
1507.0,1311.0,608.0,2107.0,1499.0,1
1405.0,1177.0,660.0,1931.0,1474.0,1
1192.0,994.0,759.0,1780.0,1163.0,2
1199.0,1070.0,671.0,1873.0,1189.0,2
973.0,761.0,954.0,1501.0,815.0,2
864.0,591.0,1247.0,1374.0,507.0,0
886.0,598.0,1257.0,1374.0,506.0,0
988.0,713.0,1092.0,1455.0,716.0,0
1008.0,729.0,1034.0,1490.0,795.0,0
976.0,698.0,1156.0,1393.0,594.0,0
978.0,718.0,1137.0,1392.0,565.0,0
987.0,740.0,1105.0,1407.0,523.0,0
1030.0,778.0,1071.0,1452.0,591.0,0
955.0,723.0,1129.0,1393.0,559.0,0
924.0,673.0,1247.0,1346.0,430.0,0
1005.0,758.0,1091.0,1434.0,522.0,0
1059.0,816.0,1023.0,1468.0,641.0,0
1079.0,851.0,991.0,1490.0,738.0,2
1070.0,850.0,997.0,1502.0,778.0,2
1085.0,805.0,972.0,1528.0,718.0,2
1066.0,787.0,986.0,1552.0,689.0,2
1094.0,815.0,934.0,1563.0,852.0,2
1110.0,814.0,948.0,1571.0,854.0,2
968.0,719.0,1081.0,1388.0,664.0,0
906.0,714.0,1163.0,1351.0,544.0,0
849.0,615.0,1285.0,1276.0,461.0,0
774.0,500.0,1536.0,1169.0,352.0,0
746.0,450.0,1807.0,1111.0,308.0,0
753.0,437.0,1904.0,1110.0,301.0,0
749.0,466.0,1803.0,1089.0,307.0,0
864.0,642.0,1288.0,1255.0,441.0,0
1002.0,893.0,1010.0,1394.0,775.0,2
970.0,966.0,944.0,1379.0,907.0,2
898.0,853.0,1066.0,1271.0,763.0,0
847.0,800.0,1155.0,1179.0,649.0,0
847.0,788.0,1203.0,1162.0,598.0,0
871.0,848.0,1139.0,1208.0,579.0,0
869.0,866.0,1107.0,1212.0,596.0,0
875.0,854.0,1160.0,1200.0,595.0,0
895.0,878.0,1122.0,1238.0,607.0,0
926.0,885.0,1101.0,1259.0,662.0,0
996.0,1048.0,959.0,1397.0,822.0,2
997.0,1100.0,896.0,1392.0,987.0,2
1006.0,1048.0,925.0,1416.0,966.0,2
895.0,845.0,1072.0,1241.0,763.0,0
862.0,751.0,1154.0,1213.0,617.0,0
858.0,756.0,1159.0,1209.0,564.0,0
853.0,762.0,1134.0,1184.0,646.0,0
859.0,727.0,1120.0,1187.0,753.0,0
837.0,634.0,1200.0,1150.0,669.0,0
746.0,493.0,1522.0,1063.0,435.0,0
752.0,515.0,1472.0,1068.0,436.0,0
742.0,489.0,1559.0,1048.0,403.0,0
774.0,560.0,1386.0,1107.0,532.0,0
798.0,630.0,1291.0,1125.0,536.0,0
1002.0,932.0,949.0,1405.0,917.0,2
1210.0,1356.0,657.0,1786.0,1481.0,1
1058.0,1158.0,820.0,1459.0,1187.0,2
1106.0,1118.0,885.0,1451.0,1220.0,2
1153.0,1253.0,815.0,1541.0,1381.0,2
1047.0,1101.0,913.0,1391.0,1103.0,2
1091.0,1172.0,874.0,1459.0,1105.0,2
1162.0,1253.0,796.0,1595.0,1248.0,2
1059.0,1070.0,925.0,1401.0,976.0,2
1083.0,1051.0,939.0,1390.0,898.0,2
1150.0,1161.0,867.0,1512.0,1038.0,2
1321.0,1426.0,720.0,1859.0,1395.0,1
1303.0,1776.0,946.0,1467.0,1608.0,1
1137.0,1146.0,1144.0,1392.0,1327.0,2
1139.0,1109.0,1118.0,1436.0,1292.0,2
1099.0,1059.0,1156.0,1416.0,1114.0,2
1088.0,1116.0,1128.0,1449.0,1060.0,2
1027.0,1041.0,1237.0,1345.0,915.0,0
1014.0,1049.0,1200.0,1366.0,893.0,2
969.0,968.0,1276.0,1325.0,768.0,0
1120.0,1238.0,1023.0,1591.0,1126.0,2
1131.0,1368.0,933.0,1707.0,1284.0,2
1130.0,1368.0,933.0,1709.0,1269.0,2
1123.0,1304.0,939.0,1720.0,1290.0,2
1069.0,1086.0,1064.0,1536.0,1119.0,2
1021.0,1010.0,1116.0,1480.0,1027.0,2
1101.0,1093.0,1012.0,1564.0,1155.0,2
1026.0,960.0,1072.0,1471.0,1078.0,2
949.0,841.0,1155.0,1393.0,954.0,0
846.0,687.0,1295.0,1288.0,726.0,0
811.0,606.0,1417.0,1248.0,656.0,0
803.0,586.0,1442.0,1232.0,573.0,0
882.0,715.0,1246.0,1367.0,780.0,0
963.0,836.0,1085.0,1429.0,920.0,0
1413.0,1424.0,739.0,2102.0,1544.0,1
1485.0,1650.0,632.0,2337.0,1789.0,1
1354.0,1418.0,749.0,2043.0,1629.0,1
1074.0,939.0,1071.0,1513.0,997.0,2
1022.0,914.0,1132.0,1446.0,847.0,0
1100.0,1034.0,995.0,1586.0,958.0,2
1073.0,1052.0,1009.0,1574.0,854.0,2
1049.0,983.0,1071.0,1515.0,782.0,2
1086.0,1048.0,1016.0,1580.0,888.0,2
1059.0,1027.0,1066.0,1521.0,764.0,2
1244.0,1301.0,842.0,1801.0,1170.0,1
1320.0,1423.0,767.0,1986.0,1385.0,1
1236.0,1304.0,822.0,1868.0,1237.0,1
1136.0,1187.0,904.0,1735.0,1127.0,2
1110.0,1093.0,961.0,1661.0,1091.0,2
1026.0,990.0,1032.0,1553.0,972.0,2
1038.0,961.0,1026.0,1530.0,949.0,2
975.0,892.0,1015.0,1480.0,890.0,2
908.0,814.0,1089.0,1403.0,763.0,0
896.0,820.0,1074.0,1439.0,833.0,0
810.0,697.0,1221.0,1321.0,675.0,0
789.0,638.0,1305.0,1309.0,672.0,0
814.0,678.0,1276.0,1339.0,626.0,0
958.0,907.0,992.0,1536.0,882.0,2
1213.0,1274.0,762.0,1914.0,1264.0,1
1221.0,1367.0,722.0,2008.0,1330.0,1
1245.0,1281.0,774.0,1952.0,1324.0,1
1050.0,963.0,998.0,1609.0,901.0,2
1048.0,969.0,1012.0,1600.0,852.0,2
1141.0,1128.0,902.0,1738.0,1009.0,2
1052.0,1053.0,949.0,1641.0,831.0,2
1152.0,1099.0,908.0,1706.0,954.0,2
1026.0,1061.0,982.0,1564.0,814.0,2
1039.0,1055.0,966.0,1590.0,845.0,2
1148.0,1067.0,887.0,1790.0,956.0,2
1176.0,1114.0,843.0,1805.0,1102.0,2
1100.0,1028.0,900.0,1710.0,994.0,2
1081.0,992.0,959.0,1680.0,935.0,2
976.0,858.0,1070.0,1547.0,839.0,2
979.0,857.0,1082.0,1546.0,797.0,0
1092.0,1024.0,937.0,1706.0,968.0,2
1044.0,946.0,1009.0,1594.0,886.0,2
940.0,849.0,1091.0,1509.0,764.0,0
892.0,767.0,1180.0,1466.0,657.0,0
838.0,675.0,1302.0,1390.0,540.0,0
853.0,727.0,1179.0,1417.0,621.0,0
738.0,545.0,1562.0,1266.0,450.0,0
762.0,581.0,1588.0,1277.0,434.0,0
841.0,713.0,1293.0,1356.0,559.0,0
843.0,712.0,1303.0,1343.0,548.0,0
841.0,713.0,1326.0,1330.0,525.0,0
862.0,721.0,1329.0,1335.0,522.0,0
869.0,740.0,1296.0,1366.0,535.0,0
894.0,810.0,1204.0,1421.0,585.0,0
844.0,755.0,1284.0,1350.0,521.0,0
823.0,699.0,1382.0,1311.0,493.0,0
843.0,719.0,1353.0,1330.0,501.0,0
865.0,767.0,1279.0,1369.0,559.0,0
873.0,792.0,1247.0,1397.0,589.0,0
899.0,803.0,1221.0,1426.0,596.0,0
921.0,856.0,1163.0,1437.0,681.0,0
937.0,893.0,1106.0,1463.0,783.0,0
901.0,834.0,1177.0,1408.0,738.0,0
955.0,918.0,1056.0,1511.0,762.0,2
1065.0,1106.0,897.0,1707.0,929.0,2
1035.0,1110.0,907.0,1652.0,1044.0,2
956.0,945.0,1030.0,1509.0,892.0,2
869.0,835.0,1078.0,1437.0,807.0,0
831.0,822.0,1085.0,1418.0,710.0,0
815.0,774.0,1113.0,1374.0,712.0,0
781.0,661.0,1271.0,1299.0,568.0,0
781.0,645.0,1295.0,1320.0,575.0,0
828.0,690.0,1263.0,1353.0,658.0,0
803.0,635.0,1417.0,1272.0,537.0,0
811.0,653.0,1411.0,1269.0,486.0,0
844.0,696.0,1353.0,1292.0,507.0,0
833.0,697.0,1361.0,1294.0,496.0,0
832.0,719.0,1318.0,1299.0,502.0,0
771.0,626.0,1502.0,1210.0,430.0,0
783.0,637.0,1498.0,1215.0,439.0,0
815.0,723.0,1378.0,1256.0,471.0,0
912.0,819.0,1224.0,1368.0,589.0,0
894.0,774.0,1239.0,1339.0,598.0,0
963.0,885.0,1102.0,1447.0,695.0,0
990.0,930.0,1045.0,1506.0,739.0,2
1025.0,980.0,986.0,1591.0,891.0,2
997.0,971.0,993.0,1573.0,930.0,2
976.0,916.0,1044.0,1515.0,880.0,2
878.0,784.0,1181.0,1407.0,610.0,0
836.0,728.0,1213.0,1353.0,518.0,0
855.0,751.0,1107.0,1418.0,664.0,0
759.0,588.0,1323.0,1286.0,515.0,0
738.0,539.0,1421.0,1257.0,477.0,0
736.0,528.0,1451.0,1254.0,477.0,0
765.0,609.0,1304.0,1319.0,581.0,0
909.0,834.0,1031.0,1527.0,763.0,0
1108.0,1123.0,804.0,1801.0,1111.0,2
1252.0,1369.0,681.0,2120.0,1390.0,1
1175.0,1188.0,790.0,1901.0,1251.0,1
1111.0,1120.0,839.0,1790.0,1141.0,2
1044.0,1069.0,889.0,1683.0,942.0,2
1018.0,1088.0,909.0,1677.0,795.0,2
1060.0,1122.0,863.0,1721.0,836.0,2
1071.0,1110.0,864.0,1733.0,847.0,2
1006.0,1054.0,921.0,1636.0,769.0,2
1104.0,1171.0,827.0,1803.0,968.0,2
1196.0,1336.0,739.0,1971.0,1157.0,1
1243.0,1429.0,687.0,2093.0,1367.0,1
1124.0,1199.0,794.0,1858.0,1101.0,2
1020.0,1003.0,904.0,1716.0,916.0,2
1035.0,878.0,977.0,1694.0,825.0,2
986.0,781.0,1063.0,1633.0,693.0,0
1017.0,834.0,986.0,1676.0,734.0,2
922.0,750.0,1085.0,1585.0,685.0,0
830.0,644.0,1235.0,1487.0,524.0,0
805.0,583.0,1339.0,1494.0,527.0,0
760.0,505.0,1527.0,1413.0,452.0,0
783.0,529.0,1437.0,1435.0,466.0,0
854.0,613.0,1272.0,1515.0,565.0,0
985.0,816.0,987.0,1677.0,799.0,2
1225.0,1067.0,760.0,1922.0,1102.0,2
1313.0,1283.0,671.0,2180.0,1299.0,1
1199.0,1156.0,758.0,1958.0,1272.0,1
1182.0,1051.0,829.0,1870.0,1206.0,2
1173.0,1063.0,814.0,1905.0,1218.0,2
1259.0,1178.0,722.0,2060.0,1367.0,1
1263.0,1171.0,759.0,2029.0,1290.0,1
1156.0,1100.0,800.0,1884.0,1175.0,2
1167.0,1065.0,808.0,1886.0,1139.0,2
1278.0,1213.0,733.0,2041.0,1293.0,1
1342.0,1351.0,657.0,2201.0,1419.0,1
1353.0,1292.0,683.0,2178.0,1326.0,1
1501.0,1501.0,588.0,2486.0,1517.0,1
1355.0,1289.0,678.0,2158.0,1391.0,1
1230.0,1169.0,737.0,2020.0,1275.0,1
1148.0,1048.0,822.0,1883.0,1168.0,2
1171.0,1088.0,822.0,1889.0,1132.0,2
1021.0,949.0,927.0,1764.0,977.0,2
964.0,877.0,958.0,1692.0,942.0,2
887.0,758.0,1094.0,1622.0,804.0,0
885.0,773.0,1051.0,1641.0,805.0,0
830.0,662.0,1217.0,1556.0,704.0,0
792.0,611.0,1280.0,1529.0,657.0,0
813.0,639.0,1267.0,1538.0,655.0,0
890.0,703.0,1145.0,1601.0,751.0,0
984.0,854.0,964.0,1751.0,885.0,2
1043.0,920.0,925.0,1777.0,955.0,2
1054.0,936.0,915.0,1791.0,962.0,2
1063.0,930.0,925.0,1749.0,957.0,2
978.0,873.0,1003.0,1669.0,788.0,2
887.0,748.0,1141.0,1560.0,596.0,0
887.0,754.0,1164.0,1523.0,560.0,0
977.0,850.0,1035.0,1645.0,701.0,2
1043.0,934.0,929.0,1707.0,811.0,2
1010.0,902.0,966.0,1676.0,724.0,2
1094.0,996.0,876.0,1807.0,864.0,2
1223.0,1142.0,778.0,1965.0,1084.0,2
1109.0,1042.0,834.0,1888.0,998.0,2
1026.0,927.0,915.0,1781.0,878.0,2
1036.0,928.0,914.0,1787.0,909.0,2
963.0,853.0,995.0,1732.0,789.0,2
996.0,868.0,957.0,1741.0,857.0,2
999.0,853.0,951.0,1756.0,885.0,2
893.0,741.0,1056.0,1664.0,743.0,0
730.0,530.0,1517.0,1362.0,445.0,0
753.0,562.0,1420.0,1414.0,454.0,0
825.0,663.0,1203.0,1504.0,610.0,0
1012.0,982.0,882.0,1796.0,1024.0,2
1221.0,1293.0,688.0,2144.0,1316.0,1
1215.0,1303.0,694.0,2180.0,1358.0,1
1234.0,1318.0,714.0,2108.0,2202.0,1
1138.0,1152.0,798.0,1877.0,1947.0,1
987.0,1009.0,914.0,1697.0,1227.0,2
980.0,1019.0,921.0,1720.0,950.0,2
966.0,1054.0,885.0,1742.0,917.0,2
905.0,923.0,1025.0,1582.0,707.0,2
903.0,968.0,992.0,1565.0,740.0,2
914.0,1014.0,988.0,1597.0,775.0,2
1050.0,1199.0,849.0,1781.0,1035.0,2
1043.0,1139.0,876.0,1756.0,1001.0,2
1125.0,1283.0,792.0,1899.0,1101.0,2
1058.0,1134.0,855.0,1797.0,1034.0,2
951.0,892.0,1015.0,1611.0,786.0,2
944.0,891.0,1016.0,1593.0,844.0,2
959.0,892.0,996.0,1616.0,866.0,2
974.0,919.0,976.0,1638.0,909.0,2
880.0,799.0,1097.0,1533.0,724.0,0
853.0,740.0,1146.0,1526.0,715.0,0
912.0,795.0,1042.0,1564.0,827.0,0
863.0,745.0,1098.0,1496.0,786.0,0
729.0,520.0,1570.0,1318.0,445.0,0
830.0,674.0,1246.0,1459.0,607.0,0
1198.0,1209.0,779.0,2058.0,1213.0,1
971.0,977.0,921.0,1667.0,910.0,2
885.0,812.0,1100.0,1495.0,675.0,0
862.0,798.0,1148.0,1456.0,582.0,0
892.0,853.0,1080.0,1509.0,666.0,0
933.0,960.0,994.0,1577.0,726.0,2
975.0,1017.0,930.0,1668.0,801.0,2
927.0,905.0,1016.0,1554.0,711.0,2
993.0,985.0,950.0,1680.0,790.0,2
1053.0,1093.0,873.0,1749.0,924.0,2
1116.0,1198.0,811.0,1863.0,1045.0,2
1097.0,1206.0,813.0,1867.0,1088.0,2
1116.0,1226.0,792.0,1938.0,1038.0,2
1057.0,1087.0,871.0,1769.0,981.0,2
973.0,949.0,987.0,1615.0,820.0,2
1016.0,977.0,951.0,1652.0,948.0,2
1120.0,1088.0,849.0,1785.0,1067.0,2
1076.0,1080.0,846.0,1787.0,1070.0,2
937.0,890.0,970.0,1625.0,877.0,2
980.0,948.0,888.0,1702.0,1028.0,2
937.0,853.0,962.0,1604.0,969.0,2
852.0,739.0,1095.0,1525.0,837.0,0
858.0,757.0,1066.0,1542.0,904.0,0
963.0,894.0,942.0,1702.0,1065.0,2
966.0,874.0,969.0,1682.0,999.0,2
983.0,901.0,954.0,1691.0,986.0,2
990.0,881.0,985.0,1685.0,874.0,2
891.0,780.0,1110.0,1543.0,689.0,0
883.0,778.0,1130.0,1545.0,608.0,0
914.0,900.0,1010.0,1596.0,706.0,2
896.0,917.0,1017.0,1577.0,704.0,0
841.0,811.0,1135.0,1463.0,609.0,0
926.0,868.0,1048.0,1599.0,687.0,0
1133.0,984.0,838.0,1897.0,976.0,2
1042.0,939.0,917.0,1744.0,860.0,2
1124.0,1118.0,793.0,1915.0,1021.0,2
1157.0,1183.0,738.0,1970.0,1079.0,2
989.0,906.0,954.0,1681.0,826.0,2
841.0,699.0,1123.0,1508.0,558.0,0
916.0,791.0,1007.0,1588.0,679.0,0
1008.0,900.0,907.0,1681.0,850.0,2
895.0,792.0,975.0,1574.0,733.0,0
810.0,702.0,1093.0,1529.0,612.0,0
968.0,840.0,891.0,1727.0,788.0,2
922.0,859.0,871.0,1739.0,728.0,2
892.0,773.0,926.0,1660.0,724.0,2
806.0,615.0,1172.0,1525.0,543.0,0
827.0,659.0,1115.0,1552.0,616.0,0
881.0,776.0,1037.0,1623.0,677.0,0
877.0,808.0,1011.0,1614.0,723.0,0
784.0,638.0,1314.0,1412.0,529.0,0
806.0,675.0,1270.0,1414.0,528.0,0
775.0,653.0,1349.0,1365.0,491.0,0
773.0,676.0,1331.0,1374.0,489.0,0
734.0,603.0,1471.0,1303.0,450.0,0
757.0,635.0,1445.0,1345.0,451.0,0
817.0,688.0,1299.0,1435.0,512.0,0
815.0,720.0,1225.0,1418.0,525.0,0
844.0,757.0,1186.0,1445.0,556.0,0
880.0,807.0,1123.0,1510.0,599.0,0
906.0,838.0,1084.0,1547.0,694.0,0
904.0,882.0,1048.0,1549.0,744.0,0
877.0,858.0,1080.0,1535.0,724.0,0
918.0,879.0,1030.0,1569.0,804.0,2
930.0,914.0,991.0,1631.0,862.0,2
870.0,858.0,1061.0,1557.0,811.0,0
793.0,703.0,1222.0,1439.0,627.0,0
760.0,626.0,1263.0,1386.0,575.0,0
733.0,588.0,1281.0,1394.0,589.0,0
726.0,591.0,1263.0,1386.0,579.0,0
732.0,613.0,1273.0,1413.0,605.0,0
933.0,962.0,867.0,1705.0,974.0,2
1061.0,1162.0,777.0,1898.0,1132.0,2
1201.0,1428.0,664.0,2249.0,1378.0,1
1065.0,1151.0,801.0,1894.0,1160.0,2
1075.0,1222.0,774.0,1943.0,1213.0,2
998.0,1119.0,832.0,1780.0,1057.0,2
922.0,1042.0,887.0,1744.0,832.0,2
1023.0,1147.0,829.0,1842.0,983.0,2
1039.0,1180.0,833.0,1815.0,1047.0,2
1054.0,1195.0,815.0,1848.0,1078.0,2
1022.0,1155.0,871.0,1840.0,979.0,2
1082.0,1266.0,788.0,1910.0,1139.0,2
1056.0,1268.0,786.0,1896.0,1111.0,2
1243.0,1524.0,647.0,2281.0,1470.0,1
1029.0,1097.0,825.0,1827.0,980.0,2
1004.0,1011.0,867.0,1754.0,893.0,2
979.0,937.0,919.0,1683.0,858.0,2
972.0,919.0,934.0,1668.0,904.0,2
942.0,846.0,980.0,1615.0,905.0,2
825.0,720.0,1129.0,1511.0,678.0,0
780.0,621.0,1277.0,1452.0,586.0,0
746.0,565.0,1369.0,1423.0,608.0,0
734.0,538.0,1449.0,1400.0,514.0,0
785.0,640.0,1265.0,1467.0,588.0,0
946.0,931.0,917.0,1745.0,884.0,2
1201.0,1279.0,683.0,2144.0,1338.0,1
1377.0,1688.0,525.0,2746.0,1708.0,1
1346.0,1481.0,602.0,2367.0,1681.0,1
1230.0,1268.0,698.0,2049.0,1509.0,1
1160.0,1208.0,728.0,1925.0,1330.0,1
1146.0,1171.0,761.0,1902.0,1138.0,2
1078.0,1121.0,818.0,1806.0,963.0,2
1111.0,1194.0,794.0,1875.0,1015.0,2
1083.0,1141.0,825.0,1793.0,1008.0,2
1056.0,1083.0,865.0,1723.0,898.0,2
1220.0,1334.0,695.0,2066.0,1215.0,1
1268.0,1393.0,650.0,2144.0,1334.0,1
1256.0,1430.0,660.0,2151.0,1380.0,1
1213.0,1341.0,683.0,2090.0,1601.0,1
1145.0,1170.0,751.0,1894.0,1376.0,1
1050.0,1011.0,836.0,1739.0,1161.0,2
972.0,902.0,933.0,1647.0,878.0,2
1020.0,984.0,853.0,1753.0,1031.0,2
934.0,878.0,940.0,1644.0,847.0,2
914.0,801.0,965.0,1609.0,908.0,2
824.0,698.0,1107.0,1517.0,733.0,0
817.0,672.0,1113.0,1501.0,751.0,0
833.0,708.0,1084.0,1525.0,799.0,0
935.0,905.0,899.0,1675.0,954.0,2
1297.0,1359.0,630.0,2214.0,1425.0,1
1496.0,1705.0,507.0,2691.0,2147.0,1
1201.0,1224.0,701.0,1987.0,1532.0,1
1267.0,1276.0,676.0,2059.0,1570.0,1
1224.0,1228.0,711.0,1972.0,1380.0,1
1247.0,1257.0,701.0,2000.0,1337.0,1
1183.0,1241.0,721.0,1937.0,1308.0,1
1078.0,1116.0,815.0,1761.0,1013.0,2
1076.0,1012.0,894.0,1665.0,816.0,2
1052.0,1019.0,896.0,1610.0,836.0,2
1287.0,1340.0,699.0,2008.0,1267.0,1
1460.0,1493.0,586.0,2288.0,1649.0,1
1357.0,1445.0,620.0,2195.0,1622.0,1
1234.0,1257.0,695.0,2019.0,1349.0,1
1151.0,1154.0,747.0,1894.0,1186.0,2
1065.0,1038.0,805.0,1763.0,1026.0,2
984.0,929.0,917.0,1654.0,817.0,2
938.0,881.0,956.0,1607.0,662.0,2
878.0,774.0,1065.0,1527.0,552.0,0
919.0,807.0,967.0,1598.0,775.0,2
836.0,709.0,1085.0,1498.0,646.0,0
814.0,673.0,1138.0,1488.0,647.0,0
872.0,782.0,1001.0,1607.0,874.0,0
949.0,929.0,887.0,1711.0,973.0,2
1227.0,1292.0,661.0,2087.0,1327.0,1
1360.0,1561.0,545.0,2525.0,1626.0,1
1318.0,1420.0,586.0,2316.0,1640.0,1
1196.0,1208.0,705.0,1981.0,1341.0,1
1152.0,1102.0,770.0,1868.0,1113.0,2
1220.0,1157.0,715.0,1935.0,1224.0,1
1182.0,1120.0,735.0,1893.0,1095.0,2
1167.0,1210.0,719.0,1944.0,1152.0,1
1142.0,1109.0,782.0,1789.0,1047.0,2
1157.0,1105.0,779.0,1792.0,982.0,2
1274.0,1329.0,670.0,2054.0,1320.0,1
1372.0,1451.0,631.0,2183.0,1541.0,1
1373.0,1440.0,635.0,2183.0,1510.0,1
1290.0,1393.0,655.0,2146.0,1511.0,1
1056.0,1051.0,826.0,1758.0,1078.0,2
1116.0,1123.0,768.0,1826.0,1235.0,2
1106.0,1122.0,783.0,1813.0,1202.0,2
1018.0,992.0,839.0,1710.0,1103.0,2
919.0,880.0,915.0,1628.0,1013.0,2
807.0,681.0,1092.0,1435.0,765.0,0
787.0,620.0,1176.0,1403.0,618.0,0
789.0,623.0,1146.0,1407.0,663.0,0
825.0,709.0,1050.0,1491.0,813.0,0
912.0,858.0,923.0,1608.0,894.0,2
1339.0,1425.0,595.0,2264.0,1495.0,1
1355.0,1526.0,567.0,2397.0,1658.0,1
1250.0,1336.0,632.0,2104.0,1506.0,1
1105.0,1079.0,788.0,1774.0,1168.0,2
1076.0,1055.0,817.0,1734.0,993.0,2
1096.0,1087.0,801.0,1759.0,910.0,2
1093.0,1094.0,797.0,1769.0,912.0,2
1027.0,1066.0,837.0,1689.0,814.0,2
1026.0,1085.0,848.0,1654.0,1341.0,2
1015.0,1062.0,877.0,1668.0,847.0,2
1028.0,1155.0,832.0,1691.0,925.0,2
1074.0,1270.0,776.0,1833.0,1087.0,2
1124.0,1289.0,765.0,1863.0,1132.0,2
1111.0,1256.0,765.0,1851.0,1197.0,2
1062.0,1183.0,794.0,1731.0,1229.0,2
1072.0,1148.0,805.0,1683.0,1171.0,2
936.0,871.0,990.0,1430.0,921.0,2
988.0,937.0,894.0,1543.0,1008.0,2
924.0,839.0,957.0,1453.0,849.0,2
839.0,725.0,1052.0,1368.0,668.0,0
826.0,666.0,1109.0,1349.0,641.0,0
853.0,716.0,1047.0,1414.0,707.0,0
918.0,810.0,936.0,1524.0,939.0,2
890.0,791.0,950.0,1489.0,886.0,0
865.0,752.0,996.0,1451.0,837.0,0
1003.0,937.0,850.0,1622.0,1005.0,2
1123.0,1088.0,746.0,1789.0,1191.0,2
1146.0,1119.0,746.0,1823.0,1200.0,2
1110.0,1021.0,820.0,1724.0,971.0,2
1126.0,979.0,849.0,1700.0,907.0,2
1067.0,962.0,860.0,1658.0,802.0,2
1008.0,866.0,937.0,1573.0,695.0,2
1062.0,924.0,892.0,1683.0,777.0,2
1082.0,939.0,869.0,1678.0,818.0,2
1042.0,897.0,901.0,1605.0,681.0,2
1022.0,823.0,964.0,1599.0,631.0,2
1024.0,828.0,936.0,1601.0,641.0,2
1048.0,828.0,922.0,1618.0,683.0,2
1153.0,1022.0,765.0,1806.0,1013.0,2
1195.0,1077.0,731.0,1860.0,1151.0,2
1245.0,1091.0,734.0,1870.0,1134.0,2
1086.0,946.0,847.0,1729.0,945.0,2
972.0,804.0,955.0,1620.0,734.0,2
880.0,677.0,1109.0,1500.0,554.0,0
906.0,719.0,1050.0,1561.0,612.0,0
879.0,658.0,1121.0,1511.0,564.0,0
842.0,597.0,1237.0,1444.0,512.0,0
797.0,543.0,1466.0,1347.0,410.0,0
796.0,526.0,1534.0,1322.0,392.0,0
767.0,520.0,1526.0,1287.0,377.0,0
784.0,562.0,1460.0,1286.0,389.0,0
811.0,622.0,1315.0,1307.0,432.0,0
838.0,620.0,1292.0,1325.0,502.0,0
821.0,632.0,1295.0,1302.0,469.0,0
793.0,579.0,1380.0,1303.0,427.0,0
794.0,567.0,1426.0,1306.0,406.0,0
821.0,614.0,1309.0,1350.0,430.0,0
849.0,628.0,1274.0,1379.0,453.0,0
852.0,651.0,1246.0,1387.0,470.0,0
847.0,645.0,1245.0,1364.0,480.0,0
849.0,682.0,1215.0,1378.0,472.0,0
865.0,687.0,1191.0,1388.0,521.0,0
848.0,689.0,1180.0,1403.0,520.0,0
807.0,606.0,1340.0,1337.0,440.0,0
814.0,627.0,1305.0,1351.0,446.0,0
785.0,582.0,1377.0,1311.0,417.0,0
748.0,515.0,1580.0,1261.0,381.0,0
716.0,461.0,1795.0,1235.0,350.0,0
708.0,437.0,1941.0,1227.0,334.0,0
724.0,448.0,1917.0,1256.0,346.0,0
748.0,477.0,1703.0,1301.0,380.0,0
888.0,683.0,1196.0,1483.0,563.0,0
973.0,858.0,941.0,1584.0,779.0,2
993.0,927.0,886.0,1665.0,842.0,2
929.0,825.0,992.0,1561.0,692.0,0
962.0,858.0,941.0,1613.0,779.0,2
906.0,786.0,1026.0,1538.0,633.0,0
915.0,776.0,1029.0,1544.0,616.0,0
928.0,787.0,1012.0,1585.0,606.0,0
855.0,698.0,1134.0,1449.0,526.0,0
920.0,783.0,1046.0,1550.0,588.0,0
917.0,842.0,985.0,1563.0,674.0,0
1072.0,1057.0,812.0,1820.0,885.0,2
1000.0,985.0,846.0,1726.0,879.0,2
914.0,845.0,972.0,1583.0,703.0,0
888.0,799.0,1023.0,1531.0,637.0,0
851.0,718.0,1134.0,1471.0,561.0,0
870.0,749.0,1096.0,1487.0,612.0,0
883.0,773.0,1062.0,1514.0,621.0,0
886.0,767.0,1055.0,1532.0,702.0,0
792.0,637.0,1249.0,1400.0,559.0,0
754.0,535.0,1490.0,1335.0,435.0,0
732.0,503.0,1525.0,1321.0,441.0,0
770.0,586.0,1326.0,1392.0,527.0,0
797.0,654.0,1097.0,1450.0,720.0,0
915.0,877.0,897.0,1651.0,937.0,2
1287.0,1423.0,610.0,2319.0,1482.0,1
1195.0,1424.0,609.0,2244.0,1489.0,1
1003.0,1009.0,823.0,1710.0,1015.0,2
1037.0,1046.0,838.0,1763.0,1004.0,2
1114.0,1181.0,747.0,1928.0,1129.0,2
1085.0,1171.0,767.0,1863.0,1068.0,2
1024.0,1087.0,824.0,1745.0,924.0,2
1017.0,1057.0,859.0,1698.0,861.0,2
1053.0,1173.0,785.0,1808.0,981.0,2
1065.0,1198.0,766.0,1852.0,1043.0,2
1136.0,1250.0,722.0,1940.0,1124.0,2
1100.0,1202.0,732.0,1856.0,1004.0,2
1143.0,1319.0,673.0,2001.0,1190.0,1
1083.0,1157.0,742.0,1884.0,1072.0,2
1009.0,1034.0,806.0,1763.0,925.0,2
969.0,983.0,853.0,1680.0,862.0,2
1029.0,993.0,816.0,1728.0,969.0,2
1064.0,956.0,812.0,1770.0,932.0,2
986.0,853.0,865.0,1645.0,794.0,2
872.0,709.0,1034.0,1522.0,599.0,0
840.0,654.0,1124.0,1489.0,614.0,0
812.0,626.0,1134.0,1471.0,625.0,0
810.0,612.0,1163.0,1462.0,595.0,0
936.0,849.0,882.0,1640.0,886.0,2
1244.0,1265.0,640.0,2084.0,1257.0,1
1440.0,1556.0,517.0,2530.0,1561.0,1
1180.0,1145.0,713.0,1929.0,1191.0,2
1126.0,1058.0,765.0,1879.0,1061.0,2
1005.0,910.0,881.0,1670.0,751.0,2
1032.0,940.0,862.0,1703.0,733.0,2
1087.0,1106.0,755.0,1839.0,906.0,2
1090.0,1119.0,756.0,1811.0,902.0,2
1072.0,1050.0,802.0,1748.0,836.0,2
1101.0,1057.0,797.0,1772.0,863.0,2
1111.0,1086.0,787.0,1802.0,824.0,2
1048.0,1070.0,807.0,1737.0,842.0,2
1197.0,1249.0,698.0,1986.0,1132.0,1
1173.0,1217.0,695.0,1930.0,1175.0,1
1075.0,1079.0,764.0,1798.0,1111.0,2
1067.0,1106.0,745.0,1840.0,1125.0,2
1060.0,1099.0,742.0,1838.0,1077.0,2
1081.0,1099.0,749.0,1854.0,1087.0,2
1017.0,975.0,822.0,1722.0,1014.0,2
836.0,734.0,1035.0,1501.0,801.0,0
831.0,727.0,1038.0,1522.0,802.0,0
804.0,668.0,1102.0,1479.0,753.0,0
798.0,677.0,1092.0,1473.0,696.0,0
966.0,951.0,812.0,1735.0,996.0,2
1277.0,1388.0,611.0,2241.0,1513.0,1
1335.0,1496.0,562.0,2385.0,1598.0,1
1297.0,1353.0,588.0,2128.0,1690.0,1
1041.0,979.0,837.0,1705.0,1053.0,2
1027.0,936.0,867.0,1696.0,931.0,2
1037.0,969.0,841.0,1728.0,865.0,2
1014.0,954.0,865.0,1697.0,818.0,2
1007.0,971.0,866.0,1682.0,802.0,2
998.0,958.0,881.0,1657.0,778.0,2
1014.0,958.0,878.0,1684.0,767.0,2
1157.0,1160.0,738.0,1936.0,1000.0,2
1225.0,1281.0,683.0,2082.0,1143.0,1
1131.0,1194.0,726.0,1907.0,1009.0,2
1111.0,1126.0,754.0,1883.0,1076.0,2
976.0,909.0,878.0,1675.0,830.0,2
1016.0,929.0,868.0,1724.0,853.0,2
1177.0,1156.0,684.0,1983.0,1310.0,1
1013.0,999.0,791.0,1751.0,1119.0,2
886.0,813.0,936.0,1592.0,918.0,2
791.0,658.0,1140.0,1467.0,609.0,0
762.0,618.0,1214.0,1431.0,516.0,0
740.0,568.0,1259.0,1404.0,510.0,0
775.0,628.0,1178.0,1437.0,554.0,0
872.0,833.0,947.0,1598.0,760.0,2
1123.0,1134.0,711.0,1922.0,1170.0,2
1306.0,1522.0,535.0,2450.0,1545.0,1
1237.0,1332.0,605.0,2157.0,1508.0,1
1143.0,1146.0,701.0,1917.0,1292.0,1
1170.0,1168.0,703.0,1949.0,1287.0,1
1116.0,1128.0,739.0,1856.0,1042.0,2
1054.0,1069.0,785.0,1766.0,817.0,2
1083.0,1097.0,765.0,1810.0,847.0,2
1078.0,1069.0,782.0,1780.0,806.0,2
1104.0,1143.0,747.0,1840.0,896.0,2
1170.0,1257.0,693.0,1956.0,1069.0,1
1091.0,1201.0,738.0,1834.0,945.0,2
1216.0,1318.0,673.0,2043.0,1168.0,1
1125.0,1179.0,719.0,1921.0,1065.0,2
971.0,881.0,916.0,1635.0,672.0,2
1062.0,984.0,816.0,1796.0,842.0,2
1140.0,1109.0,714.0,1892.0,1123.0,2
1038.0,992.0,802.0,1731.0,1007.0,2
935.0,836.0,909.0,1604.0,855.0,2
861.0,729.0,1043.0,1528.0,689.0,0
839.0,678.0,1062.0,1478.0,622.0,0
850.0,703.0,1021.0,1511.0,658.0,0
817.0,651.0,1109.0,1472.0,628.0,0
825.0,667.0,1079.0,1475.0,659.0,0
921.0,792.0,943.0,1595.0,799.0,2
1031.0,945.0,806.0,1697.0,964.0,2
1092.0,967.0,801.0,1774.0,910.0,2
1095.0,923.0,843.0,1736.0,999.0,2
1097.0,964.0,822.0,1743.0,853.0,2
1101.0,972.0,819.0,1714.0,752.0,2
1060.0,991.0,833.0,1718.0,778.0,2
732.0,544.0,1353.0,1367.0,466.0,0
809.0,681.0,1108.0,1463.0,609.0,0
934.0,911.0,857.0,1639.0,863.0,2
1132.0,1220.0,691.0,1910.0,1203.0,1
1221.0,1386.0,626.0,2138.0,1412.0,1
1024.0,1111.0,770.0,1753.0,1069.0,2
938.0,987.0,862.0,1597.0,817.0,2
869.0,897.0,965.0,1480.0,649.0,0
846.0,930.0,947.0,1467.0,598.0,0
838.0,868.0,1005.0,1454.0,540.0,0
875.0,912.0,978.0,1504.0,601.0,0
907.0,961.0,920.0,1564.0,668.0,2
889.0,939.0,920.0,1492.0,647.0,2
969.0,1064.0,834.0,1645.0,816.0,2
1051.0,1157.0,760.0,1787.0,963.0,2
1043.0,1181.0,736.0,1813.0,1010.0,2
1043.0,1121.0,736.0,1793.0,967.0,2
1007.0,1027.0,798.0,1737.0,904.0,2
966.0,959.0,838.0,1686.0,852.0,2
920.0,875.0,915.0,1594.0,744.0,2
889.0,831.0,956.0,1570.0,760.0,2
825.0,715.0,1062.0,1462.0,613.0,0
758.0,580.0,1215.0,1374.0,531.0,0
735.0,533.0,1338.0,1350.0,493.0,0
719.0,522.0,1385.0,1343.0,509.0,0
757.0,596.0,1236.0,1381.0,560.0,0
890.0,831.0,922.0,1594.0,826.0,2
1181.0,1255.0,632.0,2002.0,1334.0,1
1332.0,1556.0,523.0,2394.0,1660.0,1
1128.0,1124.0,717.0,1832.0,1362.0,2
1128.0,1126.0,725.0,1856.0,1316.0,2
1064.0,1069.0,766.0,1766.0,1089.0,2
1139.0,1240.0,702.0,1940.0,1129.0,2
1121.0,1214.0,707.0,1912.0,1120.0,2
1032.0,1083.0,776.0,1772.0,916.0,2
1040.0,1022.0,826.0,1747.0,812.0,2
1076.0,1105.0,762.0,1782.0,959.0,2
1177.0,1310.0,656.0,2011.0,1189.0,1
1196.0,1303.0,654.0,2017.0,1199.0,1
1204.0,1381.0,623.0,2085.0,1283.0,1
1166.0,1304.0,646.0,2016.0,1291.0,1
959.0,949.0,857.0,1640.0,949.0,2
1004.0,997.0,813.0,1726.0,1018.0,2
1050.0,1105.0,729.0,1807.0,1122.0,2
965.0,900.0,864.0,1631.0,968.0,2
849.0,744.0,1004.0,1496.0,806.0,0
809.0,666.0,1093.0,1455.0,714.0,0
777.0,609.0,1170.0,1405.0,644.0,0
768.0,591.0,1183.0,1402.0,606.0,0
768.0,597.0,1155.0,1396.0,606.0,0
917.0,842.0,934.0,1656.0,819.0,2
1252.0,1380.0,579.0,2210.0,1462.0,1
1224.0,1268.0,605.0,2046.0,1478.0,1
1277.0,1300.0,608.0,2090.0,1598.0,1
1149.0,1192.0,672.0,1944.0,1449.0,1
1091.0,1082.0,746.0,1790.0,1221.0,2
1053.0,1087.0,763.0,1762.0,1023.0,2
1023.0,1042.0,796.0,1711.0,910.0,2
1085.0,1075.0,767.0,1786.0,913.0,2
1116.0,1120.0,724.0,1854.0,1035.0,2
1111.0,1131.0,735.0,1825.0,1085.0,2
1210.0,1316.0,645.0,2030.0,1278.0,1
1250.0,1339.0,616.0,2075.0,1383.0,1
1297.0,1408.0,595.0,2134.0,1473.0,1
1313.0,1345.0,603.0,2118.0,1507.0,1
1146.0,1084.0,713.0,1829.0,1215.0,2
1199.0,1152.0,685.0,1897.0,1242.0,1
1274.0,1197.0,626.0,2023.0,1356.0,1
1243.0,1072.0,675.0,1978.0,1195.0,1
1054.0,923.0,783.0,1793.0,899.0,2
962.0,778.0,929.0,1645.0,726.0,2
915.0,690.0,983.0,1570.0,743.0,0
871.0,639.0,1062.0,1528.0,684.0,0
877.0,658.0,1047.0,1530.0,779.0,0
893.0,696.0,1008.0,1548.0,801.0,0
1030.0,851.0,824.0,1700.0,983.0,2
1059.0,926.0,783.0,1750.0,989.0,2
1020.0,860.0,864.0,1649.0,875.0,2
1045.0,840.0,879.0,1656.0,807.0,2
1029.0,866.0,874.0,1651.0,727.0,2
959.0,763.0,976.0,1561.0,549.0,0
975.0,798.0,939.0,1576.0,570.0,0
988.0,813.0,927.0,1596.0,596.0,2
971.0,818.0,942.0,1565.0,585.0,0
999.0,899.0,869.0,1629.0,637.0,2
989.0,889.0,889.0,1602.0,664.0,2
1075.0,1020.0,802.0,1732.0,797.0,2
1190.0,1177.0,695.0,1934.0,1046.0,2
1172.0,1108.0,706.0,1878.0,1058.0,2
1256.0,1340.0,594.0,2176.0,1214.0,1
1190.0,1203.0,658.0,1967.0,1056.0,1
1249.0,1310.0,601.0,2114.0,1280.0,1
1072.0,1120.0,711.0,1838.0,1045.0,2
1035.0,1011.0,750.0,1752.0,1039.0,2
839.0,690.0,1030.0,1457.0,640.0,0
833.0,671.0,1061.0,1482.0,705.0,0
804.0,616.0,1144.0,1427.0,662.0,0
811.0,651.0,1097.0,1442.0,579.0,0
1028.0,934.0,818.0,1743.0,987.0,2
1138.0,1141.0,671.0,1927.0,1197.0,2
1203.0,1185.0,649.0,1968.0,1328.0,1
1193.0,1136.0,667.0,1924.0,1370.0,1
1049.0,898.0,858.0,1671.0,921.0,2
1090.0,942.0,828.0,1713.0,876.0,2
1070.0,976.0,808.0,1688.0,819.0,2
1014.0,970.0,826.0,1684.0,763.0,2
972.0,912.0,882.0,1596.0,675.0,2
951.0,880.0,920.0,1539.0,637.0,2
1033.0,1038.0,802.0,1690.0,826.0,2
983.0,1094.0,817.0,1659.0,854.0,2
973.0,1128.0,813.0,1642.0,894.0,2
1083.0,1237.0,737.0,1786.0,1077.0,2
1062.0,1176.0,763.0,1743.0,1121.0,2
1011.0,1122.0,808.0,1680.0,1071.0,2
1054.0,1110.0,765.0,1670.0,1167.0,2
1013.0,1038.0,793.0,1598.0,1162.0,2
870.0,823.0,975.0,1398.0,848.0,0
857.0,769.0,1006.0,1390.0,759.0,0
835.0,739.0,1036.0,1382.0,694.0,0
844.0,759.0,1005.0,1409.0,848.0,0
763.0,622.0,1129.0,1321.0,689.0,0
769.0,606.0,1171.0,1314.0,610.0,0
891.0,790.0,960.0,1466.0,816.0,0
1037.0,993.0,779.0,1680.0,1158.0,2
1090.0,1065.0,728.0,1773.0,1228.0,2
1117.0,1118.0,716.0,1791.0,1323.0,2
1109.0,1074.0,761.0,1734.0,1274.0,2
961.0,939.0,912.0,1508.0,846.0,2
985.0,919.0,918.0,1540.0,737.0,2
960.0,909.0,910.0,1523.0,675.0,2
927.0,806.0,1013.0,1446.0,559.0,0
958.0,795.0,1002.0,1481.0,604.0,0
1019.0,842.0,935.0,1565.0,729.0,2
1010.0,816.0,955.0,1567.0,741.0,2
1030.0,844.0,917.0,1599.0,747.0,2
1100.0,946.0,827.0,1726.0,932.0,2
1079.0,909.0,861.0,1686.0,928.0,2
1036.0,859.0,900.0,1645.0,860.0,2
1085.0,959.0,827.0,1747.0,963.0,2
1214.0,1151.0,683.0,1938.0,1309.0,1
1127.0,1041.0,728.0,1830.0,1266.0,2
1038.0,950.0,776.0,1750.0,1181.0,2
948.0,829.0,873.0,1638.0,937.0,2
953.0,844.0,848.0,1685.0,995.0,2
869.0,723.0,975.0,1522.0,789.0,0
809.0,628.0,1127.0,1490.0,682.0,0
833.0,641.0,1088.0,1496.0,717.0,0
857.0,661.0,1083.0,1511.0,696.0,0
966.0,820.0,913.0,1634.0,807.0,2
1063.0,894.0,823.0,1688.0,1025.0,2
1110.0,996.0,782.0,1771.0,1090.0,2
1055.0,941.0,844.0,1648.0,932.0,2
939.0,828.0,991.0,1486.0,639.0,0
816.0,684.0,1195.0,1285.0,467.0,0
841.0,712.0,1175.0,1339.0,476.0,0
842.0,722.0,1163.0,1294.0,490.0,0
990.0,852.0,967.0,1488.0,669.0,2
1042.0,894.0,916.0,1537.0,800.0,2
1089.0,893.0,879.0,1609.0,791.0,2
1102.0,990.0,799.0,1685.0,849.0,2
1095.0,996.0,799.0,1695.0,934.0,2
1116.0,1075.0,761.0,1784.0,1081.0,2
1105.0,1046.0,777.0,1751.0,1102.0,2
1018.0,950.0,830.0,1636.0,914.0,2
991.0,896.0,857.0,1616.0,926.0,2
923.0,765.0,952.0,1508.0,786.0,0
874.0,679.0,1049.0,1444.0,619.0,0
846.0,662.0,1068.0,1464.0,633.0,0
838.0,632.0,1079.0,1438.0,634.0,0
827.0,656.0,1075.0,1447.0,722.0,0
901.0,763.0,984.0,1552.0,717.0,0
1291.0,1316.0,603.0,2172.0,1445.0,1
1441.0,1606.0,503.0,2568.0,1786.0,1
1363.0,1410.0,565.0,2199.0,1791.0,1
1218.0,1198.0,671.0,1907.0,1413.0,1
1132.0,1091.0,751.0,1795.0,1092.0,2
1103.0,1060.0,770.0,1748.0,940.0,2
1081.0,1053.0,770.0,1773.0,883.0,2
1079.0,1018.0,793.0,1739.0,850.0,2
1167.0,1087.0,741.0,1820.0,928.0,2
1148.0,1037.0,772.0,1720.0,835.0,2
1221.0,1230.0,670.0,1905.0,1157.0,1
1255.0,1283.0,640.0,2023.0,1232.0,1
1245.0,1287.0,635.0,2067.0,1288.0,1
1162.0,1151.0,687.0,1912.0,1143.0,2
1079.0,1020.0,754.0,1760.0,1014.0,2
1091.0,1038.0,744.0,1786.0,1088.0,2
1085.0,1039.0,745.0,1790.0,1092.0,2
1050.0,966.0,780.0,1748.0,1090.0,2
941.0,814.0,873.0,1592.0,979.0,2
891.0,705.0,980.0,1534.0,806.0,0
842.0,624.0,1080.0,1480.0,712.0,0
850.0,639.0,1048.0,1519.0,853.0,0
863.0,652.0,1055.0,1504.0,816.0,0
956.0,784.0,928.0,1634.0,934.0,2
1384.0,1391.0,552.0,2316.0,1548.0,1
1502.0,1631.0,459.0,2622.0,1858.0,1
1219.0,1163.0,642.0,1963.0,1410.0,1
1237.0,1157.0,663.0,1968.0,1334.0,1
1181.0,1078.0,706.0,1870.0,1140.0,2
1251.0,1154.0,682.0,1955.0,1111.0,1
1214.0,1170.0,681.0,1963.0,1054.0,1
1166.0,1062.0,726.0,1825.0,924.0,2
1226.0,1157.0,683.0,1912.0,1041.0,2
1265.0,1229.0,636.0,2040.0,1282.0,1
1317.0,1338.0,593.0,2132.0,1362.0,1
1372.0,1382.0,568.0,2268.0,1441.0,1
1443.0,1443.0,543.0,2332.0,1559.0,1
1200.0,1126.0,664.0,1979.0,1198.0,1
1216.0,1130.0,655.0,1994.0,1246.0,1
1160.0,1070.0,687.0,1929.0,1192.0,2
1194.0,1106.0,667.0,1985.0,1194.0,1
1199.0,1087.0,658.0,1954.0,1252.0,1
965.0,818.0,844.0,1681.0,777.0,2
961.0,801.0,850.0,1683.0,798.0,2
901.0,697.0,952.0,1586.0,800.0,0
864.0,629.0,1052.0,1558.0,728.0,0
952.0,742.0,892.0,1656.0,953.0,2
1009.0,875.0,797.0,1738.0,1060.0,2
1225.0,1155.0,643.0,1992.0,1338.0,1
1245.0,1202.0,628.0,2039.0,1622.0,1
1265.0,1209.0,638.0,2015.0,1812.0,1
1276.0,1241.0,642.0,2024.0,1784.0,1
1232.0,1183.0,675.0,1920.0,1509.0,1
1193.0,1097.0,698.0,1832.0,1139.0,2
1162.0,1117.0,700.0,1857.0,1044.0,2
1126.0,1097.0,723.0,1810.0,1015.0,2
1089.0,993.0,801.0,1675.0,825.0,2
1134.0,1073.0,747.0,1765.0,1022.0,2
1388.0,1418.0,568.0,2250.0,1913.0,1
1506.0,1499.0,506.0,2485.0,2043.0,1
1352.0,1385.0,563.0,2205.0,1661.0,1
1217.0,1227.0,641.0,2040.0,1404.0,1
1149.0,1132.0,688.0,1936.0,1233.0,2
1156.0,1129.0,688.0,1941.0,1181.0,2
1180.0,1122.0,678.0,1921.0,1272.0,1
1109.0,1080.0,696.0,1874.0,1190.0,2
1032.0,974.0,763.0,1800.0,982.0,2
893.0,767.0,918.0,1607.0,805.0,2
848.0,642.0,1079.0,1536.0,654.0,0
850.0,664.0,1038.0,1568.0,727.0,0
938.0,782.0,879.0,1685.0,1001.0,2
948.0,828.0,858.0,1711.0,994.0,2
1225.0,1214.0,625.0,2090.0,1322.0,1
1380.0,1359.0,538.0,2337.0,1617.0,1
1276.0,1138.0,628.0,2021.0,1430.0,1
1246.0,1093.0,667.0,1942.0,1357.0,1
1141.0,996.0,767.0,1805.0,994.0,2
1199.0,1124.0,680.0,1940.0,1054.0,2
1156.0,1056.0,710.0,1842.0,945.0,2
1158.0,983.0,751.0,1803.0,808.0,2
1163.0,1039.0,723.0,1814.0,888.0,2
1078.0,1009.0,767.0,1730.0,787.0,2
1244.0,1219.0,651.0,1949.0,1077.0,1
1236.0,1239.0,637.0,1986.0,1106.0,1
1364.0,1376.0,580.0,2168.0,1356.0,1
1193.0,1196.0,675.0,1888.0,1152.0,1
1078.0,985.0,778.0,1697.0,925.0,2
1140.0,1035.0,726.0,1779.0,1059.0,2
1239.0,1127.0,648.0,1930.0,1201.0,1
1171.0,1093.0,669.0,1862.0,1205.0,2
1065.0,977.0,736.0,1733.0,1103.0,2
1024.0,882.0,791.0,1662.0,1072.0,2
873.0,679.0,1010.0,1501.0,713.0,0
874.0,668.0,1043.0,1513.0,737.0,0
887.0,647.0,1046.0,1500.0,740.0,0
993.0,795.0,888.0,1629.0,770.0,2
1299.0,1225.0,620.0,2077.0,1327.0,1
1529.0,1526.0,476.0,2559.0,1763.0,1
1320.0,1210.0,595.0,2052.0,1477.0,1
1226.0,1168.0,650.0,1952.0,1311.0,1
1105.0,980.0,777.0,1745.0,980.0,2
1160.0,1040.0,720.0,1810.0,961.0,2
1125.0,1051.0,730.0,1771.0,923.0,2
1099.0,1015.0,763.0,1732.0,839.0,2
1124.0,1021.0,745.0,1735.0,827.0,2
1105.0,995.0,778.0,1681.0,821.0,2
1035.0,1043.0,804.0,1647.0,749.0,2
1065.0,1110.0,757.0,1691.0,871.0,2
1051.0,1220.0,739.0,1729.0,1077.0,2
1073.0,1124.0,752.0,1688.0,1175.0,2
1008.0,1004.0,817.0,1588.0,1125.0,2
1090.0,1073.0,745.0,1693.0,1124.0,2
1048.0,983.0,780.0,1643.0,1064.0,2
1131.0,1087.0,705.0,1738.0,1240.0,2
953.0,874.0,854.0,1528.0,899.0,2
897.0,745.0,968.0,1461.0,807.0,0
900.0,750.0,932.0,1494.0,817.0,0
828.0,639.0,1077.0,1371.0,573.0,0
892.0,739.0,964.0,1479.0,768.0,0
914.0,809.0,912.0,1530.0,807.0,2
1096.0,1017.0,722.0,1743.0,1204.0,2
1173.0,1130.0,648.0,1885.0,1401.0,1
1125.0,1016.0,712.0,1725.0,1256.0,2
1079.0,976.0,781.0,1669.0,999.0,2
974.0,930.0,872.0,1536.0,712.0,2
977.0,973.0,865.0,1550.0,712.0,2
912.0,873.0,946.0,1436.0,614.0,0
896.0,817.0,992.0,1426.0,554.0,0
896.0,822.0,1002.0,1391.0,722.0,0
956.0,862.0,930.0,1479.0,636.0,2
970.0,900.0,909.0,1524.0,664.0,2
929.0,869.0,942.0,1454.0,624.0,0
947.0,926.0,905.0,1484.0,659.0,2
1003.0,880.0,864.0,1537.0,695.0,2
1045.0,940.0,822.0,1658.0,920.0,2
1125.0,1035.0,728.0,1726.0,1150.0,2
1138.0,985.0,742.0,1710.0,1141.0,2
1217.0,1060.0,660.0,1840.0,1227.0,2
983.0,831.0,847.0,1585.0,887.0,2
1007.0,864.0,816.0,1639.0,987.0,2
957.0,816.0,846.0,1613.0,903.0,2
914.0,725.0,949.0,1550.0,780.0,0
886.0,702.0,971.0,1528.0,767.0,0
899.0,708.0,972.0,1559.0,780.0,0
942.0,723.0,968.0,1573.0,698.0,0
1022.0,817.0,835.0,1669.0,821.0,2
1009.0,810.0,859.0,1634.0,772.0,2
1025.0,809.0,877.0,1606.0,690.0,2
977.0,783.0,939.0,1543.0,586.0,0
936.0,757.0,1007.0,1459.0,523.0,0
884.0,703.0,1076.0,1394.0,488.0,0
809.0,664.0,1185.0,1270.0,427.0,0
852.0,718.0,1109.0,1307.0,468.0,0
872.0,708.0,1106.0,1331.0,489.0,0
839.0,752.0,1102.0,1298.0,515.0,0
854.0,788.0,1064.0,1310.0,562.0,0
971.0,942.0,900.0,1541.0,776.0,2
985.0,944.0,866.0,1541.0,833.0,2
1027.0,981.0,817.0,1631.0,1023.0,2
1012.0,876.0,853.0,1580.0,967.0,2
1086.0,973.0,766.0,1656.0,1089.0,2
1025.0,939.0,790.0,1635.0,1103.0,2
848.0,692.0,1034.0,1412.0,734.0,0
839.0,652.0,1075.0,1405.0,671.0,0
814.0,618.0,1097.0,1400.0,696.0,0
816.0,624.0,1073.0,1422.0,729.0,0
799.0,613.0,1120.0,1387.0,641.0,0
879.0,792.0,906.0,1521.0,825.0,2
1104.0,1125.0,697.0,1815.0,1179.0,2
1344.0,1496.0,519.0,2311.0,1651.0,1
1226.0,1272.0,632.0,1901.0,1474.0,1
1157.0,1176.0,691.0,1779.0,1370.0,1
1059.0,1060.0,798.0,1638.0,1141.0,2
1076.0,1057.0,778.0,1633.0,1076.0,2
1066.0,1041.0,783.0,1641.0,1036.0,2
1049.0,994.0,813.0,1580.0,881.0,2
1097.0,1074.0,776.0,1671.0,960.0,2
1087.0,1018.0,791.0,1624.0,883.0,2
1269.0,1269.0,633.0,1942.0,1221.0,1
1328.0,1405.0,584.0,2072.0,1518.0,1
1200.0,1270.0,654.0,1906.0,1264.0,1
1098.0,1105.0,732.0,1768.0,1061.0,2
1058.0,1004.0,776.0,1684.0,947.0,2
1081.0,1025.0,738.0,1757.0,1059.0,2
1062.0,962.0,776.0,1674.0,1030.0,2
1078.0,971.0,752.0,1694.0,1065.0,2
917.0,761.0,931.0,1497.0,893.0,2
881.0,718.0,965.0,1510.0,837.0,0
865.0,671.0,1012.0,1477.0,807.0,0
829.0,602.0,1123.0,1410.0,596.0,0
913.0,743.0,931.0,1540.0,884.0,2
1077.0,985.0,742.0,1780.0,1170.0,2
1337.0,1386.0,565.0,2196.0,1596.0,1
1467.0,1575.0,472.0,2460.0,1873.0,1
1257.0,1227.0,611.0,1954.0,1608.0,1
1227.0,1125.0,675.0,1835.0,1470.0,1
1188.0,1108.0,693.0,1818.0,1275.0,2
1301.0,1276.0,631.0,1953.0,1407.0,1
1201.0,1278.0,657.0,1892.0,1302.0,1
1058.0,1026.0,794.0,1622.0,931.0,2
1037.0,1075.0,789.0,1604.0,917.0,2
1055.0,1157.0,762.0,1674.0,985.0,2
1179.0,1364.0,661.0,1845.0,1265.0,1
1298.0,1430.0,632.0,1946.0,2475.0,1
1213.0,1327.0,654.0,1864.0,2021.0,1
1233.0,1398.0,613.0,1975.0,1834.0,1
1086.0,1145.0,737.0,1717.0,1426.0,2
1056.0,1078.0,765.0,1668.0,1272.0,2
1138.0,1128.0,681.0,1737.0,1490.0,1
1112.0,1128.0,675.0,1771.0,1440.0,2
992.0,948.0,773.0,1609.0,1271.0,2
895.0,767.0,931.0,1463.0,985.0,2
843.0,655.0,1046.0,1377.0,826.0,0
828.0,626.0,1073.0,1362.0,754.0,0
894.0,709.0,997.0,1432.0,853.0,0
1072.0,976.0,740.0,1673.0,1340.0,2
1425.0,1486.0,512.0,2305.0,1869.0,1
1428.0,1500.0,496.0,2275.0,2021.0,1
1359.0,1415.0,572.0,2081.0,1902.0,1
1182.0,1122.0,730.0,1707.0,1527.0,1
1117.0,1045.0,761.0,1623.0,1260.0,2
1119.0,1088.0,741.0,1640.0,1124.0,2
1068.0,1152.0,739.0,1683.0,1309.0,2
1090.0,1120.0,743.0,1629.0,1283.0,2
1056.0,1024.0,792.0,1555.0,1068.0,2
1098.0,1007.0,799.0,1546.0,937.0,2
1318.0,1339.0,635.0,1925.0,1416.0,1
1348.0,1347.0,599.0,1903.0,1611.0,1
1502.0,1546.0,538.0,2199.0,1919.0,1
1373.0,1364.0,597.0,2005.0,1745.0,1
1397.0,1346.0,580.0,2017.0,1837.0,1
1286.0,1214.0,620.0,1880.0,1759.0,1
1222.0,1161.0,661.0,1827.0,1593.0,1
1069.0,983.0,749.0,1627.0,1357.0,2
1011.0,864.0,809.0,1532.0,1231.0,2
962.0,803.0,853.0,1507.0,1066.0,2
919.0,723.0,910.0,1443.0,992.0,2
969.0,769.0,866.0,1485.0,1063.0,2
986.0,784.0,839.0,1503.0,1204.0,2
990.0,821.0,848.0,1511.0,1079.0,2
1296.0,1208.0,603.0,1914.0,1593.0,1
1371.0,1384.0,545.0,2082.0,1745.0,1
1385.0,1240.0,596.0,1919.0,1847.0,1
1381.0,1227.0,595.0,1903.0,1845.0,1
1396.0,1306.0,587.0,1934.0,1886.0,1
1070.0,1000.0,801.0,1538.0,1039.0,2
1076.0,972.0,819.0,1525.0,923.0,2
1126.0,1004.0,788.0,1609.0,926.0,2
1225.0,1196.0,673.0,1775.0,1277.0,1
1202.0,1206.0,671.0,1807.0,1301.0,1
1308.0,1310.0,628.0,1891.0,1385.0,1
1440.0,1281.0,580.0,2021.0,1474.0,1
1611.0,1552.0,487.0,2371.0,1948.0,1
1387.0,1419.0,559.0,2113.0,1677.0,1
1268.0,1206.0,648.0,1900.0,1434.0,1
1237.0,1175.0,660.0,1834.0,1424.0,1
1302.0,1198.0,628.0,1934.0,1504.0,1
1347.0,1282.0,575.0,1996.0,1661.0,1
1355.0,1198.0,564.0,1905.0,1714.0,1
1023.0,822.0,823.0,1585.0,1050.0,2
903.0,631.0,1070.0,1458.0,550.0,0
876.0,605.0,1144.0,1432.0,456.0,0
932.0,707.0,1011.0,1509.0,554.0,0
1020.0,866.0,847.0,1636.0,744.0,2
1264.0,1241.0,609.0,1989.0,1280.0,1
1179.0,1153.0,654.0,1877.0,1096.0,2
1079.0,966.0,785.0,1640.0,927.0,2
1036.0,955.0,829.0,1527.0,840.0,2
1002.0,964.0,828.0,1546.0,786.0,2
995.0,959.0,856.0,1544.0,690.0,2
1008.0,962.0,845.0,1545.0,742.0,2
978.0,962.0,846.0,1527.0,680.0,2
989.0,990.0,822.0,1577.0,705.0,2
961.0,985.0,845.0,1554.0,677.0,2
1009.0,1116.0,779.0,1602.0,877.0,2
970.0,1117.0,786.0,1579.0,844.0,2
1097.0,1199.0,699.0,1738.0,1006.0,2
1065.0,1105.0,723.0,1672.0,987.0,2
1036.0,986.0,776.0,1614.0,868.0,2
1049.0,958.0,794.0,1648.0,861.0,2
1147.0,1043.0,727.0,1719.0,1042.0,2
1118.0,1082.0,694.0,1792.0,1080.0,2
1016.0,963.0,776.0,1661.0,811.0,2
940.0,845.0,845.0,1539.0,704.0,2
836.0,643.0,1114.0,1405.0,522.0,0
831.0,626.0,1126.0,1406.0,484.0,0
877.0,711.0,1018.0,1475.0,580.0,0
872.0,725.0,976.0,1471.0,668.0,0
958.0,805.0,886.0,1551.0,835.0,2
959.0,848.0,859.0,1572.0,739.0,2
997.0,933.0,799.0,1612.0,763.0,2
916.0,843.0,891.0,1511.0,614.0,2
895.0,831.0,946.0,1473.0,566.0,0
855.0,812.0,982.0,1416.0,508.0,0
861.0,811.0,997.0,1409.0,509.0,0
821.0,766.0,1071.0,1323.0,457.0,0
835.0,731.0,1108.0,1323.0,438.0,0
813.0,732.0,1118.0,1303.0,427.0,0
833.0,786.0,1064.0,1328.0,453.0,0
859.0,803.0,1032.0,1363.0,479.0,0
887.0,778.0,978.0,1387.0,500.0,0
970.0,900.0,856.0,1559.0,647.0,2
990.0,866.0,866.0,1551.0,728.0,2
1022.0,899.0,846.0,1588.0,820.0,2
1075.0,993.0,781.0,1682.0,946.0,2
1088.0,1035.0,751.0,1713.0,1018.0,2
925.0,831.0,880.0,1513.0,789.0,2
853.0,716.0,994.0,1423.0,647.0,0
918.0,830.0,875.0,1548.0,785.0,2
796.0,636.0,1092.0,1387.0,576.0,0
796.0,628.0,1136.0,1385.0,555.0,0
795.0,606.0,1152.0,1369.0,552.0,0
842.0,656.0,1080.0,1427.0,620.0,0
850.0,659.0,1077.0,1402.0,557.0,0
884.0,709.0,1027.0,1442.0,556.0,0
907.0,741.0,983.0,1486.0,573.0,0
846.0,703.0,1034.0,1380.0,514.0,0
827.0,697.0,1070.0,1371.0,478.0,0
804.0,636.0,1185.0,1321.0,424.0,0
775.0,619.0,1254.0,1272.0,386.0,0
802.0,651.0,1206.0,1282.0,403.0,0
844.0,751.0,1064.0,1327.0,462.0,0
881.0,765.0,1029.0,1359.0,489.0,0
877.0,736.0,1077.0,1347.0,463.0,0
931.0,885.0,892.0,1467.0,585.0,2
1011.0,967.0,818.0,1565.0,748.0,2
1035.0,1015.0,757.0,1651.0,940.0,2
1153.0,1042.0,733.0,1700.0,1022.0,2
1020.0,929.0,805.0,1615.0,929.0,2
954.0,879.0,837.0,1550.0,834.0,2
903.0,800.0,911.0,1478.0,751.0,0
779.0,581.0,1204.0,1323.0,505.0,0
761.0,540.0,1269.0,1303.0,486.0,0
780.0,568.0,1200.0,1331.0,501.0,0
835.0,672.0,1053.0,1423.0,628.0,0
1004.0,955.0,758.0,1671.0,1043.0,2
1272.0,1328.0,567.0,2085.0,1463.0,1
1173.0,1217.0,625.0,1945.0,1358.0,1
986.0,922.0,820.0,1586.0,971.0,2
942.0,849.0,907.0,1496.0,894.0,2
957.0,875.0,891.0,1525.0,871.0,2
1024.0,1052.0,779.0,1690.0,952.0,2
962.0,963.0,835.0,1592.0,843.0,2
958.0,873.0,868.0,1550.0,750.0,2
933.0,831.0,888.0,1514.0,710.0,2
942.0,912.0,842.0,1551.0,814.0,2
1073.0,1117.0,693.0,1762.0,1052.0,2
1086.0,1159.0,686.0,1782.0,1060.0,2
1091.0,1161.0,682.0,1797.0,1153.0,2
980.0,1009.0,786.0,1625.0,986.0,2
904.0,877.0,890.0,1488.0,781.0,2
865.0,773.0,991.0,1414.0,653.0,0
898.0,863.0,911.0,1493.0,777.0,2
945.0,883.0,837.0,1563.0,1015.0,2
854.0,764.0,932.0,1476.0,922.0,0
751.0,587.0,1165.0,1353.0,678.0,0
723.0,544.0,1274.0,1315.0,584.0,0
754.0,620.0,1102.0,1372.0,725.0,0
758.0,670.0,1070.0,1365.0,688.0,0
873.0,871.0,871.0,1528.0,887.0,2
1176.0,1398.0,567.0,2120.0,1494.0,1
1257.0,1495.0,524.0,2245.0,1647.0,1
1137.0,1200.0,648.0,1821.0,1489.0,1
1064.0,1126.0,711.0,1656.0,1361.0,2
1026.0,1094.0,769.0,1629.0,1224.0,2
986.0,1133.0,773.0,1619.0,1174.0,2
908.0,1031.0,857.0,1469.0,901.0,2
888.0,1007.0,870.0,1448.0,794.0,2
843.0,830.0,995.0,1339.0,577.0,0
905.0,931.0,876.0,1460.0,776.0,2
1023.0,1127.0,760.0,1635.0,982.0,2
1125.0,1279.0,662.0,1840.0,1256.0,1
1211.0,1483.0,586.0,2092.0,1483.0,1
1140.0,1289.0,634.0,1884.0,1390.0,1
1029.0,1105.0,737.0,1666.0,1195.0,2
981.0,1054.0,768.0,1592.0,1135.0,2
971.0,1014.0,788.0,1585.0,1115.0,2
927.0,930.0,840.0,1522.0,1026.0,2
868.0,846.0,925.0,1448.0,836.0,2
863.0,824.0,905.0,1469.0,925.0,2
820.0,716.0,994.0,1380.0,933.0,0
777.0,645.0,1076.0,1334.0,781.0,0
855.0,762.0,942.0,1444.0,959.0,0
960.0,973.0,769.0,1616.0,1155.0,2
1310.0,1492.0,527.0,2194.0,1686.0,1
1339.0,1561.0,498.0,2357.0,1791.0,1
1211.0,1290.0,606.0,1913.0,1643.0,1
1068.0,1171.0,711.0,1717.0,1360.0,2
932.0,1026.0,851.0,1523.0,944.0,2
949.0,1069.0,819.0,1547.0,905.0,2
944.0,1045.0,829.0,1525.0,884.0,2
966.0,1131.0,800.0,1612.0,968.0,2
940.0,1063.0,848.0,1539.0,929.0,2
934.0,1041.0,865.0,1496.0,936.0,2
1052.0,1252.0,739.0,1729.0,1107.0,2
1109.0,1374.0,676.0,1795.0,1225.0,1
1169.0,1430.0,636.0,1901.0,1372.0,1
1093.0,1163.0,717.0,1705.0,1139.0,2
1084.0,1200.0,686.0,1753.0,1505.0,1
970.0,1023.0,787.0,1552.0,1074.0,2
951.0,939.0,849.0,1488.0,868.0,2
1038.0,1053.0,744.0,1631.0,1095.0,2
950.0,937.0,802.0,1566.0,989.0,2
831.0,695.0,1033.0,1355.0,658.0,0
813.0,656.0,1070.0,1332.0,603.0,0
797.0,621.0,1105.0,1303.0,562.0,0
824.0,660.0,1033.0,1342.0,618.0,0
879.0,796.0,912.0,1454.0,747.0,0
1132.0,1166.0,652.0,1827.0,1229.0,2
1291.0,1434.0,526.0,2239.0,1494.0,1
1193.0,1160.0,630.0,1927.0,1281.0,1
1057.0,914.0,796.0,1665.0,954.0,2
1027.0,899.0,822.0,1563.0,810.0,2
1084.0,1052.0,736.0,1677.0,882.0,2
1032.0,1071.0,742.0,1619.0,840.0,2
977.0,998.0,810.0,1554.0,743.0,2
1039.0,1069.0,773.0,1646.0,880.0,2
1056.0,1127.0,734.0,1694.0,928.0,2
1164.0,1306.0,648.0,1886.0,1218.0,1
1124.0,1309.0,655.0,1845.0,1170.0,1
1152.0,1355.0,628.0,1879.0,1620.0,1
1223.0,1399.0,592.0,1940.0,1508.0,1
1058.0,1139.0,696.0,1699.0,1318.0,2
1049.0,1152.0,693.0,1730.0,1189.0,2
1010.0,1006.0,779.0,1589.0,1000.0,2
981.0,985.0,779.0,1572.0,1020.0,2
886.0,834.0,904.0,1440.0,767.0,0
821.0,706.0,1021.0,1360.0,674.0,0
784.0,641.0,1114.0,1319.0,588.0,0
771.0,593.0,1155.0,1291.0,545.0,0
819.0,677.0,1048.0,1379.0,685.0,0
836.0,747.0,961.0,1384.0,702.0,0
1114.0,1174.0,667.0,1819.0,1188.0,2
1319.0,1470.0,520.0,2276.0,1589.0,1
1211.0,1143.0,632.0,1860.0,1331.0,1
1051.0,950.0,802.0,1593.0,1040.0,2
1108.0,1049.0,749.0,1701.0,1137.0,2
1014.0,1012.0,795.0,1548.0,851.0,2
1003.0,1047.0,769.0,1578.0,782.0,2
1021.0,1092.0,764.0,1606.0,908.0,2
986.0,937.0,833.0,1473.0,806.0,2
1098.0,1084.0,754.0,1648.0,985.0,2
1157.0,1245.0,665.0,1782.0,1211.0,1
1190.0,1395.0,606.0,1914.0,1411.0,1
1183.0,1341.0,628.0,1881.0,1395.0,1
1231.0,1341.0,626.0,1937.0,1578.0,1
1102.0,1195.0,690.0,1762.0,1325.0,2
1041.0,1060.0,748.0,1629.0,1185.0,2
1090.0,1103.0,695.0,1686.0,1235.0,2
1074.0,1078.0,685.0,1673.0,1317.0,2
977.0,956.0,765.0,1581.0,1114.0,2
949.0,910.0,816.0,1552.0,1015.0,2
912.0,842.0,863.0,1489.0,1015.0,2
863.0,746.0,919.0,1415.0,961.0,0
834.0,689.0,988.0,1367.0,796.0,0
865.0,764.0,917.0,1430.0,826.0,0
974.0,908.0,793.0,1546.0,1057.0,2
1079.0,1004.0,713.0,1628.0,1302.0,2
1084.0,990.0,734.0,1633.0,1284.0,2
1107.0,1080.0,714.0,1675.0,1348.0,2
1040.0,1015.0,775.0,1543.0,1025.0,2
1019.0,913.0,840.0,1428.0,759.0,2
1003.0,907.0,862.0,1427.0,680.0,2
925.0,772.0,1001.0,1308.0,516.0,0
910.0,743.0,1039.0,1282.0,500.0,0
1012.0,868.0,884.0,1435.0,700.0,2
1100.0,954.0,809.0,1512.0,1360.0,2
1046.0,901.0,849.0,1464.0,722.0,2
1083.0,1003.0,787.0,1524.0,842.0,2
1050.0,962.0,810.0,1496.0,879.0,2
1050.0,927.0,830.0,1475.0,836.0,2
1142.0,1035.0,746.0,1611.0,1062.0,2
1165.0,1043.0,717.0,1644.0,1188.0,2
1136.0,995.0,727.0,1591.0,1236.0,2
986.0,790.0,869.0,1422.0,853.0,2
971.0,790.0,871.0,1447.0,875.0,2
908.0,701.0,971.0,1381.0,704.0,0
882.0,648.0,1023.0,1338.0,666.0,0
900.0,674.0,974.0,1355.0,679.0,0
935.0,716.0,915.0,1415.0,877.0,0
939.0,718.0,927.0,1395.0,826.0,0
982.0,750.0,893.0,1417.0,881.0,2
1088.0,862.0,786.0,1519.0,1110.0,2
1065.0,872.0,831.0,1481.0,927.0,2
1016.0,868.0,889.0,1407.0,665.0,2
930.0,723.0,1035.0,1263.0,474.0,0
928.0,716.0,1060.0,1252.0,459.0,0
889.0,698.0,1132.0,1234.0,437.0,0
966.0,802.0,968.0,1383.0,607.0,0
973.0,792.0,977.0,1356.0,620.0,0
950.0,754.0,1003.0,1325.0,551.0,0
982.0,780.0,974.0,1374.0,532.0,0
990.0,814.0,929.0,1399.0,578.0,0
1017.0,873.0,874.0,1464.0,721.0,2
1067.0,938.0,825.0,1520.0,912.0,2
1147.0,1040.0,745.0,1635.0,1155.0,2
1132.0,1014.0,728.0,1628.0,1279.0,2
976.0,814.0,855.0,1448.0,1018.0,2
920.0,730.0,944.0,1393.0,842.0,0
879.0,642.0,1031.0,1343.0,740.0,0
854.0,604.0,1090.0,1317.0,625.0,0
880.0,649.0,1022.0,1374.0,739.0,0
925.0,717.0,936.0,1455.0,970.0,2
1044.0,912.0,758.0,1604.0,1177.0,2
1279.0,1197.0,599.0,1906.0,1518.0,1
1403.0,1443.0,508.0,2234.0,1811.0,1
1282.0,1230.0,594.0,1924.0,1696.0,1
1262.0,1187.0,633.0,1842.0,1603.0,1
1195.0,1153.0,678.0,1732.0,1370.0,1
1173.0,1127.0,709.0,1678.0,1194.0,2
1102.0,1007.0,777.0,1534.0,880.0,2
1076.0,982.0,799.0,1523.0,748.0,2
1078.0,1012.0,777.0,1523.0,868.0,2
1100.0,1014.0,761.0,1533.0,959.0,2
1234.0,1205.0,658.0,1781.0,1160.0,1
1323.0,1316.0,586.0,1911.0,1453.0,1
1263.0,1283.0,610.0,1863.0,1400.0,1
1216.0,1136.0,658.0,1737.0,1265.0,2
1247.0,1127.0,664.0,1761.0,1366.0,1
1264.0,1177.0,628.0,1820.0,1593.0,1
1111.0,988.0,728.0,1619.0,1336.0,2
1068.0,931.0,762.0,1576.0,1317.0,2
1015.0,850.0,802.0,1531.0,1173.0,2
989.0,827.0,827.0,1513.0,1163.0,2
930.0,708.0,924.0,1440.0,1012.0,2
952.0,717.0,879.0,1481.0,1164.0,2
981.0,747.0,856.0,1493.0,1090.0,2
1138.0,974.0,683.0,1716.0,1338.0,2
1472.0,1424.0,499.0,2257.0,1808.0,1
1626.0,1713.0,412.0,2643.0,2176.0,1
1480.0,1460.0,494.0,2238.0,2028.0,1
1367.0,1342.0,567.0,2002.0,1758.0,1
1245.0,1181.0,645.0,1747.0,1350.0,1
1194.0,1083.0,685.0,1632.0,1060.0,2
1156.0,1096.0,713.0,1615.0,954.0,2
1107.0,1106.0,727.0,1615.0,1024.0,2
1127.0,1117.0,714.0,1625.0,1092.0,2
1083.0,994.0,771.0,1544.0,927.0,2
1289.0,1225.0,632.0,1796.0,1274.0,1
1209.0,1082.0,685.0,1662.0,978.0,2
1221.0,1145.0,648.0,1753.0,1050.0,2
1255.0,1164.0,638.0,1793.0,1301.0,1
1163.0,1022.0,695.0,1644.0,1141.0,2
1234.0,1126.0,644.0,1782.0,1252.0,1
1240.0,1124.0,645.0,1799.0,1300.0,1
1128.0,978.0,733.0,1683.0,1193.0,2
1057.0,881.0,784.0,1574.0,1081.0,2
1026.0,801.0,816.0,1545.0,1094.0,2
925.0,656.0,967.0,1440.0,917.0,0
917.0,635.0,1006.0,1421.0,727.0,0
1011.0,782.0,828.0,1562.0,1116.0,2
1079.0,869.0,751.0,1634.0,1223.0,2
1322.0,1250.0,562.0,1999.0,1556.0,1
1526.0,1495.0,471.0,2405.0,1904.0,1
1338.0,1207.0,576.0,1951.0,1697.0,1
1421.0,1354.0,545.0,2063.0,1854.0,1
1197.0,1209.0,656.0,1770.0,1306.0,1
1116.0,1063.0,736.0,1571.0,980.0,2
1115.0,1031.0,741.0,1561.0,870.0,2
1018.0,880.0,865.0,1421.0,613.0,2
1109.0,989.0,778.0,1537.0,819.0,2
1105.0,984.0,767.0,1532.0,868.0,2
1128.0,1032.0,733.0,1576.0,876.0,2
1301.0,1210.0,623.0,1813.0,1153.0,1
1416.0,1339.0,544.0,1998.0,1492.0,1
1301.0,1256.0,593.0,1914.0,1382.0,1
1261.0,1158.0,628.0,1837.0,1303.0,1
1295.0,1211.0,602.0,1917.0,1404.0,1
1239.0,1129.0,637.0,1839.0,1308.0,1
1229.0,1103.0,627.0,1866.0,1320.0,1
1125.0,963.0,713.0,1719.0,1179.0,2
1044.0,832.0,794.0,1580.0,1160.0,2
976.0,754.0,842.0,1545.0,1070.0,2
1015.0,781.0,796.0,1595.0,1181.0,2
954.0,715.0,867.0,1527.0,1010.0,2
1032.0,826.0,781.0,1627.0,1075.0,2
1518.0,1476.0,469.0,2388.0,1839.0,1
1602.0,1678.0,410.0,2662.0,2105.0,1
1362.0,1225.0,551.0,2003.0,1826.0,1
1394.0,1294.0,555.0,2031.0,1834.0,1
1205.0,1070.0,682.0,1735.0,1268.0,2
1210.0,1118.0,658.0,1742.0,1422.0,1
1138.0,1055.0,712.0,1624.0,1028.0,2
1079.0,1019.0,749.0,1559.0,929.0,2
1158.0,1126.0,693.0,1654.0,1150.0,2
1186.0,1151.0,680.0,1686.0,1235.0,2
1261.0,1258.0,629.0,1813.0,1315.0,1
1339.0,1352.0,569.0,1990.0,1469.0,1
1342.0,1377.0,567.0,2017.0,1515.0,1
1317.0,1327.0,575.0,1996.0,1510.0,1
1210.0,1148.0,639.0,1849.0,1327.0,1
1220.0,1105.0,643.0,1838.0,1318.0,1
1276.0,1135.0,625.0,1887.0,1436.0,1
1270.0,1189.0,592.0,1917.0,1608.0,1
1053.0,933.0,743.0,1658.0,1257.0,2
956.0,813.0,846.0,1544.0,1094.0,2
954.0,790.0,826.0,1564.0,1066.0,2
912.0,706.0,891.0,1500.0,1022.0,2
973.0,802.0,806.0,1597.0,1139.0,2
1037.0,906.0,743.0,1707.0,1158.0,2
1306.0,1299.0,519.0,2116.0,1602.0,1
1367.0,1441.0,470.0,2283.0,1770.0,1
1335.0,1340.0,519.0,2141.0,1651.0,1
1250.0,1166.0,626.0,1925.0,1435.0,1
1142.0,1021.0,712.0,1670.0,1159.0,2
1168.0,1160.0,671.0,1784.0,1193.0,2
1125.0,1137.0,691.0,1696.0,1094.0,2
1083.0,1066.0,725.0,1621.0,912.0,2
1080.0,1059.0,733.0,1622.0,908.0,2
1085.0,1091.0,723.0,1638.0,1010.0,2
1115.0,1140.0,682.0,1746.0,1020.0,2
1259.0,1295.0,600.0,1990.0,1280.0,1
1241.0,1271.0,606.0,1971.0,1287.0,1
1156.0,1144.0,651.0,1832.0,1216.0,2
1055.0,922.0,784.0,1634.0,990.0,2
1144.0,1014.0,712.0,1744.0,1146.0,2
1169.0,1084.0,655.0,1831.0,1273.0,2
1195.0,1156.0,621.0,1897.0,1346.0,1
1158.0,1052.0,649.0,1785.0,1353.0,2
1075.0,973.0,695.0,1748.0,1231.0,2
973.0,810.0,820.0,1599.0,1002.0,2
989.0,825.0,774.0,1602.0,1126.0,2
967.0,789.0,810.0,1597.0,995.0,2
968.0,803.0,806.0,1586.0,1003.0,2
1062.0,902.0,733.0,1715.0,1055.0,2
1143.0,979.0,677.0,1829.0,1156.0,2
1152.0,976.0,672.0,1800.0,1179.0,2
1238.0,1088.0,636.0,1883.0,1306.0,1
1103.0,946.0,737.0,1686.0,934.0,2
1043.0,843.0,799.0,1628.0,689.0,2
1058.0,833.0,804.0,1623.0,626.0,2
960.0,676.0,983.0,1488.0,488.0,0
972.0,699.0,982.0,1505.0,495.0,0
1012.0,775.0,899.0,1547.0,562.0,2
1021.0,814.0,858.0,1545.0,615.0,2
1034.0,812.0,866.0,1563.0,660.0,2
1026.0,791.0,875.0,1549.0,664.0,2
966.0,735.0,932.0,1494.0,567.0,0
948.0,697.0,983.0,1475.0,506.0,0
984.0,762.0,870.0,1557.0,560.0,2
1077.0,859.0,790.0,1673.0,724.0,2
1163.0,893.0,706.0,1760.0,977.0,2
965.0,692.0,927.0,1549.0,653.0,0
941.0,687.0,949.0,1530.0,642.0,0
851.0,589.0,1119.0,1432.0,501.0,0
870.0,581.0,1119.0,1463.0,450.0,0
834.0,527.0,1242.0,1458.0,427.0,0
859.0,561.0,1162.0,1476.0,470.0,0
843.0,544.0,1242.0,1442.0,447.0,0
851.0,551.0,1224.0,1443.0,463.0,0
853.0,557.0,1215.0,1435.0,454.0,0
908.0,632.0,1095.0,1494.0,500.0,0
928.0,687.0,1025.0,1491.0,528.0,0
905.0,652.0,1076.0,1446.0,490.0,0
901.0,646.0,1105.0,1446.0,488.0,0
869.0,619.0,1163.0,1417.0,475.0,0
891.0,655.0,1107.0,1452.0,486.0,0
855.0,606.0,1214.0,1403.0,438.0,0
911.0,654.0,1102.0,1466.0,477.0,0
989.0,713.0,954.0,1552.0,626.0,0
1048.0,826.0,853.0,1637.0,747.0,2
1049.0,839.0,846.0,1636.0,858.0,2
1035.0,868.0,833.0,1653.0,775.0,2
1034.0,850.0,831.0,1643.0,803.0,2
1022.0,826.0,857.0,1627.0,777.0,2
1007.0,809.0,876.0,1611.0,770.0,2
945.0,755.0,935.0,1553.0,663.0,0
880.0,649.0,1056.0,1465.0,529.0,0
837.0,597.0,1129.0,1414.0,478.0,0
822.0,569.0,1204.0,1396.0,429.0,0
860.0,623.0,1097.0,1466.0,552.0,0
1023.0,847.0,830.0,1663.0,916.0,2
1150.0,1020.0,686.0,1842.0,1169.0,2
1088.0,965.0,734.0,1744.0,1049.0,2
993.0,866.0,832.0,1637.0,823.0,2
962.0,849.0,861.0,1559.0,804.0,2
974.0,905.0,838.0,1596.0,805.0,2
998.0,913.0,834.0,1635.0,826.0,2
964.0,923.0,834.0,1590.0,782.0,2
903.0,780.0,975.0,1464.0,593.0,0
973.0,903.0,866.0,1563.0,698.0,2
976.0,907.0,867.0,1546.0,719.0,2
1026.0,1048.0,767.0,1651.0,912.0,2
1163.0,1227.0,659.0,1931.0,1129.0,1
1082.0,1134.0,709.0,1763.0,1089.0,2
1029.0,1042.0,756.0,1697.0,1062.0,2
991.0,953.0,815.0,1616.0,924.0,2
950.0,856.0,881.0,1549.0,780.0,2
997.0,898.0,813.0,1613.0,856.0,2
912.0,810.0,873.0,1511.0,861.0,2
861.0,729.0,942.0,1479.0,684.0,0
838.0,719.0,949.0,1466.0,707.0,0
784.0,587.0,1128.0,1392.0,554.0,0
800.0,615.0,1064.0,1396.0,614.0,0
825.0,634.0,1035.0,1402.0,606.0,0
996.0,853.0,796.0,1621.0,1023.0,2
1086.0,947.0,724.0,1724.0,1134.0,2
1041.0,962.0,728.0,1694.0,936.0,2
991.0,944.0,765.0,1608.0,868.0,2
999.0,953.0,780.0,1600.0,879.0,2
981.0,918.0,839.0,1572.0,785.0,2
926.0,853.0,894.0,1478.0,651.0,2
939.0,853.0,890.0,1528.0,679.0,2
915.0,828.0,928.0,1474.0,630.0,0
883.0,820.0,942.0,1413.0,594.0,0
926.0,869.0,925.0,1470.0,655.0,0
989.0,1004.0,818.0,1577.0,783.0,2
1003.0,1045.0,781.0,1602.0,865.0,2
933.0,1001.0,819.0,1536.0,776.0,2
912.0,951.0,846.0,1479.0,861.0,2
888.0,843.0,892.0,1438.0,729.0,0
858.0,866.0,874.0,1421.0,715.0,0
837.0,809.0,940.0,1355.0,615.0,0
902.0,929.0,835.0,1482.0,824.0,2
860.0,847.0,873.0,1426.0,748.0,0
794.0,698.0,999.0,1336.0,767.0,0
742.0,602.0,1156.0,1283.0,513.0,0
779.0,663.0,1022.0,1337.0,671.0,0
798.0,706.0,977.0,1363.0,798.0,0
851.0,827.0,875.0,1449.0,912.0,2
1048.0,1105.0,670.0,1726.0,1151.0,2
1210.0,1472.0,515.0,2112.0,1525.0,1
1172.0,1372.0,575.0,1964.0,1465.0,1
1026.0,1186.0,719.0,1662.0,1138.0,2
914.0,994.0,872.0,1481.0,763.0,2
938.0,1025.0,829.0,1517.0,753.0,2
908.0,962.0,877.0,1409.0,665.0,2
892.0,889.0,909.0,1383.0,597.0,0
949.0,1003.0,830.0,1473.0,730.0,2
956.0,1007.0,838.0,1464.0,730.0,2
1070.0,1218.0,704.0,1697.0,1108.0,2
1103.0,1232.0,679.0,1732.0,1085.0,2
1074.0,1166.0,687.0,1713.0,1013.0,2
1086.0,1105.0,710.0,1682.0,1109.0,2
960.0,964.0,780.0,1532.0,913.0,2
974.0,958.0,783.0,1528.0,908.0,2
939.0,918.0,805.0,1472.0,923.0,2
954.0,940.0,776.0,1518.0,959.0,2
925.0,890.0,808.0,1480.0,898.0,2
797.0,624.0,1074.0,1276.0,546.0,0
787.0,610.0,1087.0,1259.0,543.0,0
774.0,577.0,1158.0,1265.0,488.0,0
838.0,693.0,995.0,1371.0,704.0,0
918.0,860.0,807.0,1488.0,943.0,2
1125.0,1199.0,601.0,1850.0,1304.0,1
1281.0,1469.0,491.0,2179.0,1669.0,1
1145.0,1238.0,600.0,1809.0,1507.0,1
1088.0,1238.0,654.0,1709.0,1359.0,2
1043.0,1117.0,742.0,1586.0,1076.0,2
998.0,981.0,786.0,1480.0,797.0,2
998.0,958.0,800.0,1484.0,677.0,2
960.0,860.0,887.0,1417.0,559.0,0
1062.0,1060.0,725.0,1601.0,830.0,2
1050.0,1039.0,756.0,1558.0,734.0,2
1096.0,1078.0,713.0,1600.0,801.0,2
1081.0,1117.0,689.0,1668.0,828.0,2
1096.0,1112.0,687.0,1694.0,865.0,2
1051.0,1039.0,720.0,1641.0,916.0,2
1106.0,1109.0,658.0,1752.0,1106.0,2
1177.0,1142.0,601.0,1868.0,1226.0,1
1111.0,1046.0,651.0,1754.0,1106.0,2
1083.0,1019.0,677.0,1720.0,1087.0,2
1005.0,900.0,747.0,1620.0,1000.0,2
942.0,791.0,841.0,1551.0,859.0,2
907.0,863.0,782.0,1669.0,919.0,2
867.0,680.0,932.0,1477.0,777.0,0
882.0,716.0,894.0,1494.0,790.0,0
894.0,761.0,862.0,1504.0,768.0,2
1263.0,1279.0,559.0,2132.0,1388.0,1
1380.0,1463.0,470.0,2322.0,1691.0,1
1333.0,1350.0,511.0,2186.0,1655.0,1
1264.0,1244.0,584.0,1972.0,1496.0,1
1115.0,1053.0,686.0,1722.0,1086.0,2
1078.0,956.0,742.0,1628.0,763.0,2
1055.0,980.0,742.0,1610.0,688.0,2
1031.0,995.0,752.0,1580.0,694.0,2
1033.0,1006.0,749.0,1564.0,725.0,2
1043.0,962.0,777.0,1554.0,686.0,2
1118.0,1084.0,684.0,1723.0,838.0,2
1137.0,1165.0,649.0,1840.0,974.0,2
1153.0,1194.0,628.0,1874.0,1038.0,2
1145.0,1134.0,647.0,1828.0,1108.0,2
1149.0,1092.0,667.0,1808.0,1135.0,2
1149.0,1143.0,620.0,1827.0,1143.0,2
1052.0,1002.0,716.0,1667.0,908.0,2
935.0,832.0,809.0,1566.0,778.0,2
935.0,787.0,864.0,1588.0,728.0,2
930.0,772.0,854.0,1613.0,728.0,2
880.0,704.0,913.0,1529.0,676.0,0
916.0,748.0,878.0,1559.0,742.0,2
975.0,871.0,771.0,1666.0,942.0,2
948.0,829.0,801.0,1600.0,926.0,2
1069.0,947.0,728.0,1763.0,1039.0,2
1210.0,1067.0,642.0,1879.0,1158.0,2
1272.0,1170.0,620.0,1957.0,1347.0,1
1240.0,1175.0,614.0,1895.0,1262.0,1
1171.0,1135.0,654.0,1797.0,1073.0,2
1072.0,1039.0,745.0,1611.0,817.0,2
970.0,873.0,859.0,1423.0,606.0,2
938.0,816.0,917.0,1418.0,506.0,0
976.0,852.0,866.0,1467.0,559.0,2
958.0,820.0,886.0,1452.0,530.0,0
1014.0,903.0,816.0,1554.0,612.0,2
1091.0,987.0,737.0,1711.0,774.0,2
1080.0,1004.0,724.0,1704.0,899.0,2
1128.0,1082.0,675.0,1817.0,1066.0,2
1105.0,1027.0,684.0,1758.0,1040.0,2
1141.0,1095.0,642.0,1816.0,1139.0,2
1104.0,1020.0,681.0,1771.0,1086.0,2
1065.0,970.0,698.0,1724.0,1049.0,2
971.0,821.0,820.0,1637.0,811.0,2
891.0,691.0,941.0,1553.0,629.0,0
936.0,713.0,883.0,1584.0,723.0,2
845.0,625.0,993.0,1513.0,646.0,0
872.0,627.0,997.0,1530.0,670.0,0
903.0,648.0,975.0,1559.0,603.0,0
971.0,722.0,876.0,1624.0,687.0,2
1006.0,789.0,824.0,1657.0,733.0,2
1012.0,804.0,832.0,1638.0,766.0,2
975.0,737.0,896.0,1531.0,621.0,0
944.0,730.0,933.0,1495.0,560.0,0
857.0,685.0,1055.0,1331.0,451.0,0
824.0,683.0,1119.0,1270.0,393.0,0
868.0,707.0,1063.0,1325.0,417.0,0
908.0,748.0,1020.0,1373.0,451.0,0
912.0,776.0,991.0,1379.0,461.0,0
986.0,830.0,906.0,1482.0,536.0,0
1037.0,900.0,817.0,1584.0,619.0,2
1088.0,948.0,743.0,1667.0,766.0,2
1093.0,944.0,711.0,1655.0,785.0,2
1142.0,945.0,682.0,1736.0,793.0,2
1170.0,959.0,666.0,1798.0,838.0,2
1142.0,945.0,672.0,1775.0,799.0,2
986.0,762.0,821.0,1573.0,553.0,2
942.0,696.0,916.0,1542.0,465.0,0
882.0,595.0,1097.0,1463.0,406.0,0
854.0,553.0,1203.0,1418.0,396.0,0
910.0,630.0,1061.0,1504.0,468.0,0
1005.0,791.0,829.0,1650.0,638.0,2
1193.0,1085.0,610.0,1947.0,1097.0,2
1297.0,1233.0,544.0,2129.0,1248.0,1
1180.0,1031.0,633.0,1866.0,1067.0,2
1134.0,1017.0,689.0,1774.0,964.0,2
1113.0,1013.0,702.0,1781.0,903.0,2
1084.0,1004.0,706.0,1761.0,839.0,2
1009.0,921.0,778.0,1635.0,692.0,2
1002.0,928.0,798.0,1636.0,629.0,2
1007.0,956.0,763.0,1654.0,666.0,2
996.0,959.0,779.0,1636.0,684.0,2
1050.0,1082.0,705.0,1731.0,816.0,2
1100.0,1107.0,676.0,1801.0,876.0,2
1085.0,1057.0,689.0,1775.0,836.0,2
1079.0,1042.0,697.0,1773.0,846.0,2
1086.0,974.0,707.0,1733.0,795.0,2
1092.0,1005.0,669.0,1746.0,836.0,2
1097.0,956.0,708.0,1724.0,818.0,2
1075.0,904.0,720.0,1692.0,777.0,2
1008.0,838.0,774.0,1640.0,733.0,2
895.0,672.0,941.0,1469.0,703.0,0
838.0,559.0,1186.0,1428.0,559.0,0
866.0,603.0,1077.0,1459.0,589.0,0
872.0,617.0,1026.0,1456.0,585.0,0
922.0,664.0,973.0,1503.0,644.0,0
1362.0,1277.0,529.0,2188.0,1392.0,1
1349.0,1333.0,487.0,2256.0,1533.0,1
1298.0,1215.0,539.0,2068.0,1404.0,1
1234.0,1154.0,596.0,1965.0,1204.0,1
1147.0,999.0,697.0,1788.0,915.0,2
1173.0,1061.0,650.0,1858.0,940.0,2
1118.0,995.0,689.0,1779.0,863.0,2
1078.0,951.0,722.0,1718.0,747.0,2
1076.0,951.0,730.0,1675.0,704.0,2
1103.0,1014.0,684.0,1749.0,791.0,2
1117.0,1052.0,671.0,1780.0,824.0,2
1166.0,1108.0,622.0,1854.0,913.0,2
1157.0,1082.0,631.0,1854.0,907.0,2
1136.0,990.0,672.0,1807.0,918.0,2
1122.0,959.0,685.0,1798.0,914.0,2
1121.0,989.0,659.0,1821.0,955.0,2
1150.0,1020.0,645.0,1835.0,1063.0,2
1074.0,949.0,678.0,1751.0,982.0,2
1039.0,899.0,714.0,1717.0,914.0,2
963.0,804.0,791.0,1658.0,861.0,2
889.0,710.0,889.0,1566.0,713.0,0
868.0,652.0,962.0,1526.0,740.0,0
877.0,654.0,987.0,1529.0,801.0,0
1056.0,893.0,733.0,1743.0,1132.0,2
1288.0,1278.0,521.0,2182.0,1473.0,1
1381.0,1454.0,455.0,2404.0,1607.0,1
1113.0,1001.0,663.0,1783.0,1146.0,2
1062.0,909.0,764.0,1687.0,867.0,2
1094.0,976.0,719.0,1753.0,869.0,2
1050.0,923.0,747.0,1662.0,744.0,2
1056.0,926.0,748.0,1643.0,702.0,2
944.0,814.0,852.0,1489.0,554.0,2
1003.0,901.0,813.0,1589.0,661.0,2
1018.0,881.0,828.0,1590.0,630.0,2
1108.0,1003.0,727.0,1710.0,803.0,2
1049.0,927.0,750.0,1659.0,727.0,2
1078.0,897.0,732.0,1751.0,894.0,2
999.0,867.0,785.0,1644.0,864.0,2
943.0,798.0,846.0,1571.0,743.0,2
987.0,790.0,838.0,1608.0,830.0,2
939.0,743.0,894.0,1539.0,675.0,0
1015.0,840.0,783.0,1664.0,839.0,2
935.0,737.0,869.0,1548.0,758.0,2
908.0,700.0,922.0,1547.0,644.0,0
853.0,605.0,1032.0,1488.0,615.0,0
851.0,592.0,1054.0,1482.0,578.0,0
957.0,705.0,857.0,1578.0,843.0,2
1059.0,836.0,742.0,1675.0,1113.0,2
1261.0,1134.0,557.0,2015.0,1388.0,1
1215.0,1150.0,574.0,1962.0,1310.0,1
1097.0,940.0,676.0,1727.0,1056.0,2
1135.0,1030.0,662.0,1789.0,1104.0,2
1117.0,1020.0,706.0,1731.0,973.0,2
1108.0,985.0,727.0,1708.0,1001.0,2
1038.0,906.0,808.0,1567.0,747.0,2
985.0,838.0,850.0,1541.0,653.0,2
1100.0,832.0,767.0,1695.0,934.0,2
1067.0,855.0,748.0,1700.0,811.0,2
1140.0,963.0,669.0,1815.0,918.0,2
1113.0,954.0,682.0,1801.0,899.0,2
1124.0,984.0,678.0,1826.0,902.0,2
1056.0,886.0,732.0,1721.0,900.0,2
1002.0,783.0,805.0,1623.0,875.0,2
971.0,789.0,816.0,1594.0,879.0,2
1001.0,799.0,829.0,1619.0,859.0,2
1058.0,867.0,731.0,1685.0,1048.0,2
1030.0,848.0,734.0,1691.0,1048.0,2
950.0,762.0,827.0,1616.0,959.0,2
912.0,716.0,875.0,1586.0,898.0,2
893.0,676.0,930.0,1567.0,859.0,0
938.0,734.0,847.0,1607.0,947.0,2
1065.0,889.0,722.0,1760.0,1081.0,2
1240.0,1102.0,588.0,1989.0,1257.0,1
1307.0,1270.0,516.0,2191.0,1404.0,1
1229.0,1188.0,557.0,2033.0,1412.0,1
1220.0,1122.0,601.0,1974.0,1428.0,1
1218.0,1168.0,607.0,2000.0,1451.0,1
1171.0,1129.0,631.0,1911.0,1346.0,1
1067.0,995.0,717.0,1730.0,1093.0,2
1054.0,985.0,735.0,1742.0,940.0,2
1051.0,1003.0,711.0,1715.0,909.0,2
1103.0,1035.0,672.0,1834.0,1005.0,2
970.0,894.0,761.0,1649.0,756.0,2
1100.0,1038.0,668.0,1873.0,1080.0,2
1129.0,1137.0,606.0,1952.0,1220.0,1
1126.0,1089.0,620.0,1886.0,1208.0,2
1019.0,971.0,692.0,1760.0,1057.0,2
1011.0,930.0,728.0,1723.0,1009.0,2
1039.0,991.0,685.0,1820.0,1088.0,2
974.0,920.0,718.0,1755.0,1062.0,2
925.0,831.0,789.0,1662.0,975.0,2
810.0,674.0,976.0,1530.0,793.0,0
800.0,627.0,1032.0,1519.0,787.0,0
813.0,645.0,990.0,1530.0,802.0,0
788.0,604.0,1068.0,1507.0,754.0,0
815.0,670.0,971.0,1538.0,774.0,0
868.0,771.0,840.0,1608.0,860.0,2
951.0,886.0,742.0,1705.0,988.0,2
1075.0,996.0,649.0,1838.0,1113.0,2
1058.0,1012.0,676.0,1782.0,1063.0,2
1012.0,914.0,760.0,1653.0,858.0,2
929.0,811.0,862.0,1541.0,642.0,2
902.0,813.0,875.0,1518.0,588.0,0
836.0,750.0,960.0,1390.0,484.0,0
858.0,776.0,947.0,1431.0,498.0,0
886.0,803.0,939.0,1460.0,538.0,0
974.0,833.0,864.0,1577.0,565.0,2
1008.0,915.0,783.0,1643.0,672.0,2
990.0,912.0,777.0,1648.0,689.0,2
981.0,917.0,740.0,1649.0,714.0,2
954.0,828.0,793.0,1589.0,631.0,2
1030.0,988.0,686.0,1751.0,829.0,2
1033.0,1011.0,681.0,1768.0,875.0,2
963.0,872.0,767.0,1617.0,803.0,2
918.0,805.0,816.0,1571.0,759.0,2
868.0,736.0,894.0,1548.0,638.0,0
886.0,744.0,869.0,1590.0,700.0,0
813.0,609.0,1017.0,1473.0,615.0,0
815.0,616.0,1080.0,1532.0,596.0,0
815.0,627.0,1049.0,1518.0,650.0,0
835.0,638.0,1024.0,1506.0,655.0,0
921.0,738.0,901.0,1585.0,779.0,2
963.0,774.0,839.0,1621.0,758.0,2
935.0,724.0,936.0,1574.0,598.0,0
1007.0,751.0,849.0,1649.0,643.0,2
1032.0,744.0,813.0,1695.0,778.0,2
901.0,689.0,964.0,1543.0,522.0,0
851.0,627.0,1129.0,1433.0,419.0,0
877.0,655.0,1061.0,1471.0,444.0,0
909.0,690.0,1039.0,1488.0,474.0,0
908.0,715.0,988.0,1479.0,495.0,0
926.0,763.0,949.0,1491.0,504.0,0
1010.0,836.0,848.0,1577.0,616.0,2
1031.0,868.0,798.0,1634.0,690.0,2
1070.0,905.0,745.0,1702.0,846.0,2
1124.0,992.0,660.0,1791.0,1013.0,2
1066.0,940.0,683.0,1744.0,978.0,2
1001.0,836.0,771.0,1662.0,821.0,2
967.0,824.0,774.0,1637.0,862.0,2
901.0,733.0,888.0,1605.0,755.0,2
835.0,638.0,997.0,1526.0,715.0,0
820.0,598.0,1065.0,1511.0,684.0,0
896.0,694.0,941.0,1583.0,853.0,0
996.0,872.0,756.0,1727.0,990.0,2
1159.0,1151.0,579.0,2005.0,1206.0,1
1185.0,1152.0,578.0,2003.0,1274.0,1
1168.0,1138.0,585.0,1946.0,1336.0,1
1044.0,970.0,715.0,1751.0,1068.0,2
983.0,897.0,800.0,1608.0,804.0,2
1032.0,912.0,764.0,1661.0,826.0,2
1019.0,889.0,787.0,1630.0,745.0,2
982.0,844.0,835.0,1567.0,638.0,2
1016.0,880.0,783.0,1617.0,684.0,2
1091.0,925.0,730.0,1685.0,1020.0,2
1109.0,965.0,696.0,1742.0,1100.0,2
1098.0,944.0,687.0,1772.0,1086.0,2
1088.0,945.0,674.0,1765.0,1060.0,2
1035.0,859.0,732.0,1680.0,996.0,2
942.0,758.0,824.0,1567.0,856.0,2
902.0,680.0,919.0,1535.0,722.0,0
919.0,704.0,861.0,1603.0,860.0,2
875.0,665.0,919.0,1559.0,772.0,0
927.0,747.0,830.0,1633.0,910.0,2
1032.0,883.0,718.0,1742.0,1051.0,2
1193.0,1139.0,563.0,2009.0,1257.0,1
1268.0,1259.0,519.0,2114.0,1410.0,1
1238.0,1144.0,565.0,1939.0,1433.0,1
1230.0,1133.0,604.0,1909.0,1413.0,1
1161.0,1074.0,646.0,1777.0,1206.0,2
1048.0,949.0,764.0,1607.0,831.0,2
929.0,752.0,955.0,1385.0,544.0,0
950.0,783.0,914.0,1443.0,525.0,0
1013.0,864.0,819.0,1544.0,644.0,2
1034.0,845.0,841.0,1566.0,702.0,2
1082.0,965.0,760.0,1649.0,844.0,2
1110.0,1012.0,720.0,1725.0,905.0,2
1118.0,999.0,706.0,1766.0,878.0,2
1136.0,967.0,703.0,1801.0,927.0,2
1106.0,924.0,725.0,1757.0,910.0,2
1151.0,984.0,678.0,1823.0,1024.0,2
1144.0,997.0,669.0,1816.0,1021.0,2
1118.0,930.0,697.0,1748.0,1027.0,2
1066.0,839.0,740.0,1700.0,993.0,2
991.0,778.0,797.0,1665.0,910.0,2
906.0,650.0,961.0,1581.0,768.0,0
903.0,662.0,932.0,1590.0,760.0,0
941.0,685.0,895.0,1632.0,834.0,2
1074.0,866.0,717.0,1768.0,1075.0,2
1114.0,958.0,663.0,1836.0,1167.0,2
1162.0,1019.0,622.0,1904.0,1178.0,2
1165.0,967.0,651.0,1825.0,1120.0,2
1179.0,957.0,680.0,1819.0,1131.0,2
1144.0,913.0,715.0,1782.0,972.0,2
1066.0,813.0,792.0,1657.0,764.0,2
1056.0,802.0,824.0,1620.0,670.0,2
995.0,769.0,882.0,1576.0,615.0,2
967.0,740.0,926.0,1526.0,557.0,0
1048.0,839.0,845.0,1607.0,700.0,2
1092.0,901.0,777.0,1691.0,734.0,2
1056.0,883.0,799.0,1672.0,684.0,2
1100.0,982.0,720.0,1760.0,823.0,2
1057.0,890.0,778.0,1701.0,801.0,2
1068.0,917.0,736.0,1728.0,916.0,2
1050.0,887.0,770.0,1696.0,820.0,2
1074.0,884.0,764.0,1726.0,838.0,2
1053.0,895.0,745.0,1727.0,882.0,2
1003.0,825.0,794.0,1716.0,801.0,2
933.0,701.0,906.0,1638.0,690.0,0
869.0,614.0,1001.0,1565.0,674.0,0
864.0,617.0,1027.0,1561.0,622.0,0
931.0,721.0,888.0,1651.0,799.0,2
921.0,738.0,893.0,1623.0,818.0,2
1139.0,1013.0,672.0,1932.0,1034.0,2
1205.0,1118.0,585.0,2019.0,1189.0,1
1126.0,957.0,694.0,1841.0,1034.0,2
1066.0,855.0,803.0,1712.0,929.0,2
1069.0,867.0,785.0,1717.0,880.0,2
975.0,788.0,851.0,1629.0,701.0,2
955.0,766.0,898.0,1597.0,620.0,2
949.0,764.0,898.0,1579.0,573.0,0
941.0,792.0,897.0,1582.0,544.0,0
942.0,800.0,877.0,1567.0,581.0,2
974.0,855.0,836.0,1607.0,610.0,2
1012.0,904.0,794.0,1653.0,695.0,2
1017.0,929.0,772.0,1702.0,709.0,2
1006.0,896.0,797.0,1697.0,736.0,2
1008.0,878.0,792.0,1691.0,722.0,2
989.0,814.0,845.0,1657.0,680.0,2
1080.0,920.0,739.0,1761.0,772.0,2
1033.0,856.0,774.0,1736.0,769.0,2
968.0,794.0,836.0,1688.0,654.0,2
853.0,626.0,1045.0,1557.0,516.0,0
810.0,544.0,1264.0,1485.0,447.0,0
817.0,558.0,1232.0,1485.0,452.0,0
840.0,586.0,1154.0,1499.0,492.0,0
940.0,709.0,956.0,1641.0,588.0,0
1076.0,924.0,720.0,1806.0,909.0,2
1086.0,981.0,688.0,1818.0,1007.0,2
1031.0,929.0,759.0,1722.0,809.0,2
1016.0,896.0,766.0,1704.0,820.0,2
953.0,801.0,868.0,1573.0,657.0,2
918.0,779.0,896.0,1537.0,551.0,0
892.0,724.0,971.0,1490.0,511.0,0
841.0,673.0,1061.0,1394.0,451.0,0
799.0,709.0,1078.0,1332.0,462.0,0
838.0,726.0,1056.0,1382.0,440.0,0
870.0,745.0,998.0,1400.0,472.0,0
892.0,771.0,965.0,1465.0,494.0,0
926.0,805.0,901.0,1511.0,524.0,0
919.0,796.0,870.0,1538.0,560.0,0
932.0,746.0,912.0,1528.0,534.0,0
957.0,767.0,867.0,1534.0,577.0,0
994.0,806.0,830.0,1580.0,674.0,2
984.0,795.0,838.0,1570.0,676.0,2
919.0,737.0,899.0,1534.0,611.0,0
847.0,618.0,1075.0,1442.0,529.0,0
802.0,559.0,1232.0,1414.0,478.0,0
795.0,569.0,1178.0,1426.0,497.0,0
809.0,578.0,1170.0,1445.0,513.0,0
835.0,626.0,1088.0,1471.0,563.0,0
967.0,826.0,821.0,1639.0,822.0,2
969.0,849.0,800.0,1626.0,890.0,2
913.0,749.0,911.0,1535.0,742.0,0
933.0,748.0,948.0,1551.0,629.0,0
922.0,712.0,924.0,1494.0,609.0,0
914.0,726.0,959.0,1496.0,534.0,0
873.0,699.0,999.0,1413.0,528.0,0
831.0,676.0,1041.0,1350.0,463.0,0
840.0,685.0,1051.0,1339.0,462.0,0
874.0,686.0,1032.0,1402.0,501.0,0
896.0,687.0,1006.0,1438.0,493.0,0
964.0,769.0,873.0,1546.0,572.0,0
1001.0,838.0,801.0,1614.0,668.0,2
1005.0,868.0,779.0,1633.0,771.0,2
979.0,818.0,797.0,1590.0,732.0,2
935.0,774.0,825.0,1562.0,687.0,2
939.0,758.0,858.0,1544.0,664.0,2
878.0,684.0,947.0,1475.0,588.0,0
848.0,650.0,989.0,1479.0,610.0,0
826.0,631.0,1028.0,1473.0,593.0,0
804.0,597.0,1077.0,1454.0,566.0,0
789.0,584.0,1107.0,1457.0,571.0,0
785.0,612.0,1054.0,1443.0,614.0,0
772.0,584.0,1149.0,1414.0,566.0,0
796.0,623.0,1064.0,1425.0,594.0,0
875.0,682.0,983.0,1457.0,611.0,0
955.0,811.0,841.0,1562.0,759.0,2
938.0,778.0,896.0,1520.0,700.0,2
954.0,826.0,870.0,1531.0,691.0,2
875.0,753.0,978.0,1402.0,579.0,0
810.0,664.0,1123.0,1312.0,478.0,0
746.0,624.0,1227.0,1209.0,410.0,0
738.0,610.0,1281.0,1204.0,404.0,0
771.0,652.0,1223.0,1239.0,440.0,0
799.0,658.0,1216.0,1254.0,461.0,0
831.0,679.0,1143.0,1291.0,526.0,0
885.0,743.0,1016.0,1379.0,647.0,0
883.0,731.0,988.0,1384.0,693.0,0
906.0,790.0,936.0,1430.0,729.0,0
982.0,906.0,784.0,1561.0,1002.0,2
892.0,766.0,880.0,1399.0,797.0,0
841.0,711.0,956.0,1367.0,685.0,0
859.0,693.0,988.0,1377.0,710.0,0
810.0,657.0,1016.0,1337.0,629.0,0
759.0,566.0,1175.0,1267.0,503.0,0
749.0,543.0,1238.0,1244.0,462.0,0
766.0,616.0,1163.0,1306.0,530.0,0
865.0,783.0,893.0,1446.0,838.0,0
924.0,920.0,767.0,1534.0,946.0,2
973.0,1010.0,722.0,1616.0,1014.0,2
1028.0,1048.0,719.0,1624.0,1135.0,2
979.0,999.0,796.0,1515.0,1027.0,2
892.0,874.0,923.0,1369.0,749.0,0
892.0,869.0,953.0,1363.0,632.0,0
836.0,741.0,1065.0,1277.0,479.0,0
824.0,708.0,1091.0,1256.0,463.0,0
825.0,702.0,1077.0,1267.0,458.0,0
871.0,761.0,1015.0,1346.0,520.0,0
903.0,853.0,930.0,1420.0,606.0,0
944.0,857.0,880.0,1463.0,631.0,2
969.0,850.0,857.0,1503.0,695.0,2
1005.0,919.0,788.0,1543.0,871.0,2
972.0,898.0,807.0,1508.0,879.0,2
960.0,798.0,854.0,1459.0,780.0,2
946.0,767.0,870.0,1443.0,728.0,2
959.0,787.0,830.0,1460.0,821.0,2
877.0,658.0,964.0,1349.0,663.0,0
867.0,645.0,1001.0,1385.0,656.0,0
836.0,626.0,1024.0,1397.0,639.0,0
820.0,597.0,1069.0,1346.0,603.0,0
828.0,618.0,1039.0,1354.0,560.0,0
929.0,791.0,841.0,1493.0,789.0,2
1118.0,1079.0,638.0,1761.0,1145.0,2
1155.0,1181.0,580.0,1850.0,1302.0,1
1112.0,1058.0,654.0,1695.0,1297.0,2
1094.0,979.0,717.0,1633.0,1192.0,2
1022.0,890.0,803.0,1499.0,862.0,2
968.0,805.0,875.0,1391.0,649.0,0
978.0,840.0,852.0,1422.0,694.0,2
947.0,751.0,922.0,1358.0,595.0,0
997.0,808.0,870.0,1447.0,662.0,2
1026.0,813.0,843.0,1463.0,692.0,2
973.0,764.0,914.0,1373.0,619.0,0
925.0,721.0,969.0,1317.0,484.0,0
957.0,766.0,929.0,1380.0,516.0,0
1029.0,877.0,807.0,1489.0,776.0,2
1109.0,952.0,735.0,1601.0,1041.0,2
1105.0,977.0,692.0,1618.0,1138.0,2
1039.0,906.0,728.0,1545.0,1091.0,2
965.0,832.0,795.0,1455.0,978.0,2
955.0,812.0,823.0,1464.0,936.0,2
935.0,782.0,847.0,1428.0,867.0,2
902.0,735.0,890.0,1410.0,781.0,0
875.0,714.0,903.0,1379.0,746.0,0
884.0,729.0,920.0,1389.0,837.0,0
942.0,825.0,870.0,1450.0,995.0,2
1077.0,1012.0,708.0,1633.0,1138.0,2
1040.0,1022.0,713.0,1624.0,998.0,2
982.0,836.0,840.0,1498.0,696.0,2
995.0,800.0,896.0,1501.0,615.0,2
1024.0,859.0,810.0,1576.0,710.0,2
1029.0,791.0,855.0,1567.0,651.0,2
1003.0,787.0,850.0,1518.0,636.0,2
987.0,782.0,875.0,1514.0,593.0,2
1023.0,859.0,810.0,1590.0,684.0,2
1023.0,875.0,785.0,1590.0,711.0,2
1064.0,942.0,735.0,1650.0,801.0,2
1042.0,936.0,759.0,1630.0,770.0,2
1059.0,947.0,733.0,1671.0,813.0,2
1050.0,921.0,743.0,1683.0,851.0,2
1025.0,896.0,738.0,1693.0,823.0,2
1029.0,816.0,804.0,1624.0,778.0,2
1055.0,831.0,769.0,1686.0,827.0,2
1001.0,799.0,800.0,1642.0,753.0,2
936.0,730.0,864.0,1551.0,726.0,2
863.0,608.0,1035.0,1465.0,597.0,0
834.0,565.0,1187.0,1444.0,473.0,0
841.0,578.0,1144.0,1464.0,463.0,0
871.0,611.0,1077.0,1494.0,526.0,0
962.0,747.0,862.0,1605.0,712.0,2
1083.0,889.0,725.0,1734.0,918.0,2
1061.0,891.0,721.0,1697.0,894.0,2
1012.0,824.0,803.0,1612.0,710.0,2
1031.0,834.0,793.0,1640.0,737.0,2
1011.0,816.0,830.0,1614.0,680.0,2
1009.0,824.0,822.0,1606.0,670.0,2
980.0,793.0,858.0,1549.0,654.0,2
961.0,803.0,852.0,1552.0,618.0,2
966.0,784.0,870.0,1530.0,652.0,2
1022.0,849.0,813.0,1583.0,732.0,2
1091.0,953.0,723.0,1688.0,853.0,2
1063.0,919.0,735.0,1676.0,821.0,2
1116.0,952.0,702.0,1759.0,895.0,2
1101.0,875.0,722.0,1748.0,927.0,2
1072.0,831.0,757.0,1677.0,857.0,2
1080.0,890.0,723.0,1702.0,869.0,2
1005.0,792.0,809.0,1638.0,725.0,2
998.0,776.0,810.0,1608.0,665.0,2
1000.0,763.0,807.0,1619.0,680.0,2
932.0,720.0,859.0,1562.0,605.0,0
808.0,539.0,1206.0,1383.0,427.0,0
795.0,494.0,1398.0,1353.0,400.0,0
886.0,613.0,1075.0,1484.0,522.0,0
974.0,740.0,873.0,1595.0,703.0,2
1112.0,936.0,683.0,1792.0,965.0,2
1175.0,1080.0,591.0,1931.0,1102.0,2
1091.0,925.0,701.0,1753.0,1058.0,2
1066.0,890.0,747.0,1690.0,906.0,2
1031.0,887.0,777.0,1665.0,844.0,2
1004.0,868.0,772.0,1632.0,763.0,2
927.0,698.0,919.0,1537.0,555.0,0
924.0,673.0,960.0,1522.0,520.0,0
912.0,671.0,964.0,1508.0,508.0,0
976.0,752.0,876.0,1561.0,545.0,0
989.0,798.0,840.0,1607.0,584.0,2
986.0,794.0,845.0,1619.0,590.0,2
984.0,800.0,836.0,1607.0,610.0,2
1000.0,857.0,767.0,1634.0,689.0,2
996.0,848.0,763.0,1657.0,713.0,2
1013.0,913.0,717.0,1685.0,785.0,2
1004.0,851.0,767.0,1632.0,754.0,2
949.0,814.0,824.0,1563.0,653.0,2
895.0,783.0,863.0,1502.0,575.0,0
863.0,707.0,927.0,1407.0,537.0,0
786.0,587.0,1150.0,1300.0,413.0,0
792.0,597.0,1137.0,1320.0,417.0,0
816.0,653.0,1058.0,1332.0,486.0,0
826.0,682.0,1088.0,1342.0,532.0,0
826.0,698.0,1017.0,1331.0,542.0,0
809.0,664.0,1061.0,1323.0,459.0,0
809.0,624.0,1131.0,1309.0,415.0,0
853.0,681.0,1031.0,1368.0,457.0,0
814.0,657.0,1086.0,1332.0,429.0,0
807.0,658.0,1113.0,1328.0,428.0,0
811.0,653.0,1120.0,1336.0,423.0,0
796.0,601.0,1171.0,1314.0,410.0,0
833.0,649.0,1142.0,1354.0,437.0,0
856.0,684.0,1023.0,1368.0,520.0,0
830.0,696.0,1060.0,1328.0,461.0,0
883.0,782.0,958.0,1395.0,571.0,0
965.0,936.0,808.0,1535.0,866.0,2
931.0,890.0,831.0,1474.0,841.0,2
885.0,791.0,941.0,1425.0,706.0,0
900.0,773.0,944.0,1426.0,703.0,0
904.0,845.0,878.0,1483.0,775.0,2
944.0,900.0,809.0,1549.0,830.0,2
907.0,832.0,868.0,1492.0,808.0,2
886.0,774.0,868.0,1486.0,815.0,2
882.0,767.0,856.0,1492.0,897.0,2
843.0,713.0,917.0,1426.0,836.0,0
825.0,694.0,935.0,1415.0,774.0,0
791.0,638.0,1038.0,1389.0,698.0,0
856.0,735.0,936.0,1455.0,800.0,0
861.0,746.0,911.0,1448.0,771.0,0
924.0,814.0,830.0,1519.0,798.0,2
941.0,805.0,842.0,1512.0,755.0,2
879.0,775.0,899.0,1407.0,657.0,0
816.0,742.0,1009.0,1305.0,537.0,0
715.0,589.0,1286.0,1127.0,390.0,0
717.0,570.0,1326.0,1110.0,368.0,0
711.0,640.0,1224.0,1084.0,391.0,0
731.0,686.0,1212.0,1104.0,413.0,0
752.0,713.0,1163.0,1144.0,435.0,0
879.0,779.0,999.0,1347.0,535.0,0
922.0,874.0,851.0,1447.0,663.0,2
958.0,900.0,782.0,1493.0,830.0,2
949.0,876.0,773.0,1500.0,911.0,2
922.0,818.0,826.0,1454.0,848.0,2
902.0,790.0,856.0,1428.0,799.0,2
932.0,820.0,817.0,1462.0,921.0,2
870.0,733.0,903.0,1392.0,762.0,0
812.0,675.0,995.0,1348.0,661.0,0
773.0,613.0,1065.0,1321.0,597.0,0
769.0,582.0,1105.0,1306.0,616.0,0
763.0,583.0,1093.0,1288.0,596.0,0
809.0,701.0,997.0,1384.0,649.0,0
893.0,881.0,810.0,1486.0,792.0,2
1028.0,1146.0,638.0,1766.0,1080.0,2
1011.0,1051.0,702.0,1659.0,1087.0,2
994.0,947.0,764.0,1572.0,983.0,2
937.0,908.0,822.0,1466.0,826.0,2
902.0,808.0,912.0,1408.0,632.0,0
860.0,748.0,955.0,1344.0,532.0,0
843.0,716.0,1005.0,1305.0,496.0,0
872.0,760.0,979.0,1314.0,513.0,0
857.0,775.0,979.0,1258.0,512.0,0
922.0,878.0,880.0,1363.0,615.0,0
951.0,875.0,856.0,1406.0,600.0,2
962.0,891.0,813.0,1442.0,634.0,2
957.0,926.0,758.0,1480.0,830.0,2
928.0,837.0,808.0,1410.0,871.0,2
895.0,846.0,819.0,1371.0,787.0,2
902.0,797.0,845.0,1355.0,841.0,2
904.0,801.0,852.0,1400.0,862.0,2
919.0,799.0,844.0,1409.0,881.0,2
812.0,663.0,982.0,1265.0,709.0,0
776.0,590.0,1099.0,1245.0,602.0,0
762.0,563.0,1181.0,1208.0,492.0,0
786.0,642.0,1057.0,1270.0,592.0,0
868.0,798.0,866.0,1392.0,824.0,0
965.0,977.0,725.0,1515.0,1014.0,2
1049.0,1133.0,630.0,1662.0,1208.0,2
1008.0,973.0,714.0,1509.0,1178.0,2
1008.0,1021.0,714.0,1549.0,1176.0,2
973.0,911.0,800.0,1441.0,891.0,2
964.0,959.0,787.0,1438.0,731.0,2
923.0,862.0,875.0,1363.0,626.0,0
934.0,811.0,896.0,1343.0,553.0,0
1036.0,943.0,770.0,1509.0,770.0,2
1076.0,994.0,723.0,1549.0,938.0,2
1055.0,927.0,757.0,1520.0,716.0,2
1081.0,938.0,728.0,1568.0,714.0,2
1072.0,850.0,737.0,1604.0,702.0,2
1038.0,773.0,749.0,1568.0,687.0,2
1059.0,800.0,740.0,1604.0,739.0,2
1070.0,852.0,704.0,1639.0,867.0,2
1093.0,893.0,677.0,1678.0,927.0,2
1016.0,849.0,729.0,1609.0,872.0,2
988.0,825.0,756.0,1559.0,848.0,2
930.0,749.0,823.0,1464.0,777.0,2
815.0,584.0,1102.0,1363.0,513.0,0
884.0,686.0,908.0,1439.0,651.0,0
913.0,730.0,883.0,1493.0,774.0,0
994.0,829.0,784.0,1581.0,982.0,2
1173.0,1047.0,631.0,1815.0,1175.0,2
1314.0,1325.0,499.0,2143.0,1390.0,1
1252.0,1168.0,557.0,1938.0,1352.0,1
1151.0,1053.0,623.0,1835.0,1152.0,2
1122.0,951.0,687.0,1729.0,1022.0,2
1111.0,927.0,707.0,1715.0,922.0,2
1058.0,894.0,736.0,1648.0,825.0,2
972.0,820.0,811.0,1535.0,630.0,2
985.0,826.0,808.0,1544.0,621.0,2
1004.0,814.0,808.0,1520.0,602.0,2
1030.0,897.0,733.0,1592.0,668.0,2
965.0,802.0,821.0,1504.0,564.0,2
987.0,824.0,793.0,1541.0,581.0,2
923.0,811.0,804.0,1434.0,604.0,2
872.0,824.0,853.0,1346.0,590.0,0
939.0,849.0,804.0,1479.0,650.0,2
954.0,855.0,792.0,1474.0,745.0,2
969.0,857.0,753.0,1485.0,821.0,2
882.0,763.0,879.0,1388.0,656.0,0
805.0,637.0,1048.0,1276.0,520.0,0
790.0,590.0,1122.0,1257.0,493.0,0
779.0,560.0,1189.0,1231.0,487.0,0
842.0,640.0,1070.0,1293.0,595.0,0
835.0,699.0,912.0,1361.0,796.0,0
792.0,621.0,1015.0,1322.0,714.0,0
749.0,559.0,1145.0,1255.0,584.0,0
803.0,676.0,975.0,1303.0,676.0,0
818.0,726.0,921.0,1330.0,685.0,0
932.0,861.0,767.0,1483.0,894.0,2
977.0,913.0,744.0,1512.0,977.0,2
1011.0,945.0,733.0,1570.0,1034.0,2
975.0,887.0,829.0,1478.0,737.0,2
958.0,867.0,828.0,1468.0,660.0,2
903.0,805.0,886.0,1361.0,581.0,0
854.0,684.0,1020.0,1294.0,456.0,0
890.0,749.0,953.0,1332.0,483.0,0
962.0,845.0,877.0,1379.0,575.0,0
1028.0,934.0,786.0,1481.0,707.0,2
1031.0,901.0,775.0,1502.0,628.0,2
1087.0,938.0,690.0,1613.0,747.0,2
1029.0,862.0,727.0,1539.0,733.0,2
1070.0,932.0,685.0,1648.0,847.0,2
1059.0,914.0,697.0,1617.0,895.0,2
1125.0,952.0,646.0,1690.0,995.0,2
1062.0,829.0,714.0,1592.0,846.0,2
1049.0,853.0,699.0,1605.0,882.0,2
999.0,871.0,711.0,1580.0,909.0,2
947.0,808.0,768.0,1537.0,851.0,2
904.0,753.0,809.0,1529.0,766.0,2
894.0,681.0,843.0,1476.0,765.0,0
875.0,654.0,897.0,1463.0,752.0,0
870.0,637.0,947.0,1445.0,716.0,0
952.0,756.0,809.0,1518.0,825.0,2
949.0,705.0,859.0,1460.0,691.0,0
1028.0,854.0,776.0,1561.0,761.0,2
1003.0,849.0,800.0,1511.0,710.0,2
934.0,763.0,872.0,1435.0,567.0,0
872.0,710.0,956.0,1377.0,493.0,0
852.0,684.0,982.0,1343.0,477.0,0
881.0,715.0,955.0,1352.0,502.0,0
942.0,783.0,898.0,1397.0,568.0,0
1038.0,925.0,746.0,1534.0,714.0,2
1042.0,932.0,752.0,1530.0,717.0,2
1181.0,1107.0,590.0,1807.0,935.0,2
1116.0,1044.0,613.0,1694.0,954.0,2
1062.0,923.0,697.0,1602.0,839.0,2
1085.0,948.0,680.0,1635.0,880.0,2
1161.0,1057.0,613.0,1764.0,1026.0,2
1053.0,891.0,690.0,1589.0,898.0,2
956.0,740.0,831.0,1474.0,717.0,2
859.0,646.0,951.0,1376.0,607.0,0
813.0,566.0,1123.0,1328.0,501.0,0
815.0,565.0,1127.0,1350.0,541.0,0
902.0,706.0,877.0,1463.0,708.0,0
1017.0,885.0,726.0,1609.0,884.0,2
1336.0,1385.0,477.0,2133.0,1357.0,1
1393.0,1567.0,416.0,2381.0,1562.0,1
1271.0,1308.0,517.0,2007.0,1411.0,1
1169.0,1107.0,607.0,1818.0,1175.0,2
1143.0,1043.0,643.0,1747.0,1079.0,2
1084.0,980.0,679.0,1653.0,923.0,2
1051.0,950.0,715.0,1644.0,748.0,2
1020.0,882.0,765.0,1553.0,635.0,2
1111.0,1088.0,635.0,1719.0,884.0,2
1125.0,1056.0,645.0,1716.0,929.0,2
1099.0,1048.0,657.0,1711.0,779.0,2
1132.0,1121.0,611.0,1757.0,906.0,2
1077.0,1025.0,629.0,1677.0,772.0,2
1076.0,988.0,648.0,1649.0,883.0,2
1070.0,1008.0,656.0,1649.0,963.0,2
1052.0,956.0,675.0,1581.0,987.0,2
988.0,862.0,736.0,1539.0,893.0,2
926.0,769.0,836.0,1467.0,801.0,2
925.0,749.0,826.0,1482.0,739.0,2
869.0,648.0,953.0,1401.0,644.0,0
832.0,593.0,1049.0,1347.0,558.0,0
854.0,645.0,954.0,1399.0,602.0,0
913.0,726.0,861.0,1487.0,737.0,0
976.0,840.0,756.0,1555.0,885.0,2
1309.0,1323.0,505.0,2098.0,1360.0,1
1333.0,1460.0,443.0,2231.0,1455.0,1
1209.0,1182.0,546.0,1911.0,1255.0,1
1180.0,1157.0,568.0,1874.0,1202.0,1
1204.0,1196.0,552.0,1884.0,1250.0,1
1143.0,1119.0,610.0,1770.0,1103.0,2
1120.0,1058.0,626.0,1716.0,1049.0,2
1030.0,935.0,726.0,1583.0,791.0,2
1058.0,1016.0,673.0,1625.0,832.0,2
1040.0,882.0,756.0,1560.0,635.0,2
1093.0,981.0,666.0,1676.0,733.0,2
1184.0,1119.0,594.0,1806.0,912.0,2
1180.0,1121.0,568.0,1816.0,947.0,2
1079.0,988.0,633.0,1694.0,899.0,2
1095.0,1032.0,621.0,1730.0,984.0,2
1073.0,1009.0,639.0,1655.0,955.0,2
1063.0,991.0,655.0,1672.0,966.0,2
1046.0,960.0,671.0,1637.0,899.0,2
953.0,858.0,742.0,1544.0,780.0,2
864.0,673.0,947.0,1412.0,636.0,0
829.0,628.0,994.0,1378.0,577.0,0
838.0,639.0,963.0,1391.0,596.0,0
913.0,728.0,802.0,1418.0,887.0,2
1039.0,921.0,687.0,1556.0,1115.0,2
1252.0,1320.0,499.0,2001.0,1374.0,1
1410.0,1669.0,393.0,2555.0,1644.0,1
1217.0,1261.0,533.0,1941.0,1375.0,1
1114.0,1077.0,633.0,1705.0,1199.0,2
1026.0,1020.0,689.0,1603.0,992.0,2
1051.0,1094.0,646.0,1675.0,966.0,2
1027.0,1024.0,700.0,1588.0,814.0,2
996.0,992.0,722.0,1580.0,727.0,2
1028.0,1060.0,686.0,1601.0,806.0,2
1030.0,1060.0,705.0,1588.0,852.0,2
1133.0,1280.0,595.0,1791.0,1093.0,2
1180.0,1339.0,567.0,1868.0,1211.0,1
1261.0,1446.0,528.0,2061.0,1346.0,1
1093.0,1133.0,599.0,1708.0,1200.0,2
1068.0,1029.0,650.0,1612.0,1192.0,2
1031.0,958.0,700.0,1560.0,1074.0,2
1055.0,1037.0,635.0,1632.0,1161.0,2
1060.0,1029.0,622.0,1663.0,1210.0,2
962.0,880.0,726.0,1484.0,1050.0,2
874.0,776.0,846.0,1416.0,873.0,2
832.0,661.0,977.0,1312.0,766.0,0
834.0,709.0,907.0,1348.0,835.0,0
865.0,745.0,866.0,1394.0,901.0,0
903.0,803.0,819.0,1471.0,853.0,2
1236.0,1297.0,542.0,1997.0,1321.0,1
1464.0,1552.0,419.0,2366.0,1738.0,1
1258.0,1261.0,514.0,1940.0,1603.0,1
1203.0,1174.0,577.0,1824.0,1426.0,1
1156.0,1127.0,616.0,1767.0,1295.0,2
1106.0,1130.0,623.0,1726.0,1093.0,2
1008.0,1037.0,697.0,1587.0,803.0,2
1011.0,1017.0,704.0,1569.0,738.0,2
1049.0,1100.0,667.0,1635.0,870.0,2
1053.0,1108.0,694.0,1570.0,873.0,2
1088.0,1159.0,666.0,1626.0,889.0,2
1248.0,1454.0,550.0,1917.0,1599.0,1
1374.0,1517.0,490.0,2069.0,1704.0,1
1213.0,1210.0,572.0,1809.0,1424.0,1
1108.0,1051.0,640.0,1616.0,1199.0,2
1071.0,982.0,649.0,1557.0,1099.0,2
1044.0,967.0,672.0,1540.0,1133.0,2
1045.0,964.0,666.0,1554.0,1140.0,2
1004.0,921.0,699.0,1495.0,1092.0,2
944.0,796.0,784.0,1407.0,1021.0,2
868.0,657.0,921.0,1356.0,764.0,0
850.0,632.0,954.0,1316.0,803.0,0
873.0,668.0,911.0,1354.0,744.0,0
905.0,766.0,842.0,1438.0,818.0,2
1249.0,1239.0,540.0,1953.0,1285.0,1
1488.0,1653.0,388.0,2537.0,1782.0,1
1300.0,1296.0,489.0,1989.0,1639.0,1
1311.0,1267.0,524.0,1941.0,1662.0,1
1232.0,1210.0,565.0,1832.0,1478.0,1
1113.0,1096.0,635.0,1636.0,1050.0,2
1048.0,1021.0,698.0,1570.0,846.0,2
1054.0,1036.0,697.0,1585.0,830.0,2
1104.0,1102.0,670.0,1609.0,1480.0,2
1130.0,1113.0,674.0,1623.0,1127.0,2
1229.0,1348.0,565.0,1830.0,1445.0,1
1347.0,1382.0,529.0,1961.0,1543.0,1
1424.0,1417.0,488.0,2092.0,1674.0,1
1305.0,1188.0,546.0,1843.0,1524.0,1
1180.0,1088.0,619.0,1662.0,1339.0,2
1029.0,904.0,709.0,1460.0,992.0,2
1080.0,902.0,702.0,1516.0,1048.0,2
1197.0,1029.0,601.0,1628.0,1362.0,2
1006.0,845.0,738.0,1430.0,978.0,2
987.0,820.0,772.0,1400.0,935.0,2
958.0,735.0,816.0,1409.0,906.0,2
962.0,747.0,813.0,1431.0,913.0,2
958.0,744.0,809.0,1419.0,903.0,2
976.0,780.0,795.0,1467.0,898.0,2
1088.0,945.0,636.0,1613.0,1165.0,2
1159.0,1016.0,595.0,1681.0,1260.0,2
1156.0,988.0,615.0,1634.0,1250.0,2
1202.0,1021.0,649.0,1644.0,1226.0,2
1226.0,1080.0,622.0,1697.0,1188.0,2
1181.0,1091.0,638.0,1637.0,1072.0,2
1062.0,969.0,729.0,1459.0,782.0,2
1013.0,897.0,798.0,1351.0,594.0,2
1029.0,913.0,787.0,1373.0,607.0,2
1144.0,1046.0,682.0,1564.0,879.0,2
1159.0,1059.0,664.0,1580.0,945.0,2
1113.0,978.0,705.0,1538.0,946.0,2
1100.0,944.0,730.0,1524.0,882.0,2
1037.0,890.0,765.0,1408.0,735.0,2
1055.0,988.0,720.0,1490.0,874.0,2
980.0,901.0,812.0,1369.0,731.0,2
1083.0,1094.0,706.0,1537.0,926.0,2
1399.0,1558.0,473.0,2052.0,1652.0,1
1194.0,1255.0,555.0,1694.0,1452.0,1
970.0,870.0,792.0,1376.0,943.0,2
898.0,721.0,912.0,1264.0,594.0,0
929.0,769.0,879.0,1335.0,607.0,0
913.0,734.0,864.0,1338.0,646.0,0
854.0,600.0,1102.0,1252.0,542.0,0
881.0,647.0,964.0,1250.0,550.0,0
867.0,618.0,1042.0,1231.0,488.0,0
885.0,638.0,1059.0,1248.0,484.0,0
899.0,654.0,1037.0,1254.0,481.0,0
886.0,633.0,1071.0,1214.0,453.0,0
864.0,651.0,1096.0,1193.0,443.0,0
822.0,611.0,1191.0,1138.0,403.0,0
810.0,597.0,1255.0,1106.0,361.0,0
784.0,576.0,1327.0,1060.0,342.0,0
823.0,633.0,1228.0,1103.0,366.0,0
863.0,678.0,1153.0,1139.0,434.0,0
880.0,728.0,1046.0,1167.0,514.0,0
951.0,859.0,897.0,1267.0,718.0,0
942.0,786.0,930.0,1245.0,705.0,0
988.0,859.0,845.0,1341.0,799.0,2
1008.0,845.0,832.0,1349.0,856.0,2
965.0,769.0,878.0,1315.0,667.0,0
957.0,717.0,911.0,1322.0,579.0,0
921.0,666.0,954.0,1288.0,480.0,0
854.0,562.0,1106.0,1224.0,400.0,0
826.0,504.0,1250.0,1204.0,385.0,0
828.0,501.0,1281.0,1189.0,385.0,0
892.0,580.0,1076.0,1271.0,516.0,0
954.0,660.0,938.0,1342.0,728.0,0
1120.0,890.0,728.0,1546.0,1035.0,2
1096.0,921.0,716.0,1534.0,988.0,2
1058.0,898.0,749.0,1470.0,977.0,2
977.0,800.0,843.0,1372.0,778.0,2
977.0,840.0,827.0,1390.0,736.0,2
943.0,777.0,880.0,1333.0,632.0,0
964.0,814.0,850.0,1369.0,689.0,2
953.0,781.0,889.0,1356.0,641.0,0
967.0,814.0,854.0,1385.0,703.0,2
996.0,843.0,840.0,1394.0,765.0,2
1091.0,1039.0,699.0,1586.0,923.0,2
1114.0,1101.0,663.0,1632.0,1057.0,2
1133.0,1101.0,647.0,1669.0,1105.0,2
1031.0,921.0,731.0,1490.0,897.0,2
952.0,787.0,856.0,1342.0,723.0,0
949.0,804.0,835.0,1365.0,740.0,2
932.0,752.0,889.0,1310.0,687.0,0
966.0,774.0,859.0,1352.0,644.0,0
888.0,653.0,973.0,1272.0,497.0,0
847.0,634.0,1012.0,1258.0,525.0,0
856.0,687.0,955.0,1260.0,726.0,0
881.0,735.0,876.0,1308.0,783.0,0
882.0,711.0,936.0,1310.0,741.0,0
1016.0,888.0,776.0,1485.0,1040.0,2
1228.0,1113.0,628.0,1719.0,1324.0,1
1311.0,1350.0,529.0,1957.0,1486.0,1
1081.0,983.0,703.0,1546.0,1079.0,2
1104.0,993.0,705.0,1539.0,1081.0,2
991.0,898.0,787.0,1412.0,806.0,2
1008.0,980.0,755.0,1465.0,825.0,2
986.0,1005.0,752.0,1439.0,907.0,2
948.0,893.0,828.0,1374.0,768.0,2
919.0,862.0,851.0,1293.0,697.0,0
958.0,940.0,820.0,1380.0,728.0,2
1037.0,1021.0,747.0,1451.0,786.0,2
1120.0,1181.0,653.0,1604.0,1028.0,2
1205.0,1294.0,579.0,1744.0,1317.0,1
1172.0,1159.0,597.0,1653.0,1290.0,2
1088.0,1019.0,668.0,1554.0,1165.0,2
1055.0,979.0,694.0,1517.0,1086.0,2
1297.0,1654.0,848.0,1366.0,1611.0,1
1325.0,1266.0,926.0,1441.0,1543.0,1
1383.0,1406.0,824.0,1582.0,1678.0,1
1254.0,1241.0,873.0,1463.0,1431.0,2
1221.0,1174.0,874.0,1481.0,1413.0,2
1226.0,1138.0,862.0,1481.0,1419.0,2
1100.0,999.0,984.0,1361.0,1145.0,2
999.0,879.0,1114.0,1261.0,960.0,0
980.0,873.0,1088.0,1258.0,949.0,0
859.0,698.0,1254.0,1157.0,819.0,0
814.0,606.0,1370.0,1131.0,745.0,0
806.0,605.0,1366.0,1132.0,725.0,0
813.0,631.0,1327.0,1108.0,710.0,0
889.0,760.0,1224.0,1213.0,806.0,0
1200.0,1246.0,798.0,1574.0,1416.0,1
1289.0,1335.0,724.0,1681.0,1521.0,1
1355.0,1333.0,741.0,1691.0,1605.0,1
1277.0,1292.0,800.0,1626.0,1481.0,1
1156.0,1142.0,907.0,1490.0,1188.0,2
1054.0,1071.0,1006.0,1380.0,940.0,2
1096.0,1083.0,971.0,1430.0,986.0,2
1160.0,1185.0,873.0,1522.0,1162.0,2
1148.0,1149.0,924.0,1473.0,1047.0,2
1166.0,1186.0,878.0,1500.0,1180.0,2
1315.0,1370.0,794.0,1689.0,1399.0,1
1425.0,1605.0,660.0,1920.0,2321.0,1
1329.0,1360.0,704.0,1768.0,1894.0,1
1299.0,1197.0,763.0,1688.0,1606.0,1
1123.0,1015.0,845.0,1470.0,1297.0,2
1089.0,1024.0,831.0,1452.0,1182.0,2
1081.0,950.0,876.0,1434.0,1138.0,2
1031.0,871.0,950.0,1393.0,972.0,2
969.0,787.0,1035.0,1350.0,799.0,0
881.0,680.0,1175.0,1251.0,630.0,0
869.0,638.0,1219.0,1213.0,586.0,0
866.0,644.0,1162.0,1218.0,629.0,0
895.0,689.0,1134.0,1250.0,709.0,0
933.0,786.0,1018.0,1306.0,858.0,0
1209.0,1163.0,762.0,1606.0,1300.0,2
1417.0,1511.0,587.0,1975.0,1676.0,1
1227.0,1233.0,739.0,1594.0,1384.0,1
1093.0,1076.0,871.0,1457.0,1125.0,2
1135.0,1170.0,867.0,1523.0,1189.0,2
1112.0,1161.0,866.0,1499.0,1088.0,2
1147.0,1168.0,858.0,1492.0,1118.0,2
1086.0,1070.0,907.0,1423.0,924.0,2
1077.0,1056.0,908.0,1406.0,935.0,2
1110.0,1098.0,882.0,1450.0,1009.0,2
1146.0,1125.0,846.0,1511.0,1016.0,2
1211.0,1194.0,797.0,1599.0,1188.0,2
1218.0,1221.0,755.0,1599.0,1290.0,2
1136.0,1082.0,824.0,1478.0,1130.0,2
1017.0,908.0,932.0,1354.0,880.0,2
1063.0,946.0,886.0,1391.0,996.0,2
1083.0,951.0,880.0,1393.0,1054.0,2
1077.0,994.0,829.0,1429.0,1081.0,2
968.0,823.0,952.0,1343.0,828.0,0
898.0,720.0,1059.0,1259.0,661.0,0
859.0,656.0,1126.0,1213.0,582.0,0
849.0,607.0,1189.0,1190.0,544.0,0
886.0,658.0,1101.0,1234.0,647.0,0
932.0,708.0,1057.0,1285.0,720.0,0
1144.0,1006.0,757.0,1535.0,1207.0,2
1222.0,1083.0,729.0,1624.0,1273.0,2
1202.0,989.0,775.0,1506.0,1303.0,2
1323.0,1190.0,698.0,1702.0,1479.0,1
1219.0,1074.0,805.0,1532.0,1191.0,2
1121.0,965.0,899.0,1386.0,932.0,2
1096.0,942.0,893.0,1366.0,826.0,2
1019.0,858.0,989.0,1270.0,631.0,0
1045.0,857.0,994.0,1308.0,598.0,0
1147.0,959.0,872.0,1387.0,796.0,2
1145.0,971.0,883.0,1418.0,759.0,2
1202.0,1040.0,815.0,1506.0,886.0,2
1283.0,1112.0,719.0,1583.0,1071.0,2
1148.0,929.0,815.0,1443.0,826.0,2
1229.0,1012.0,743.0,1562.0,1103.0,2
1287.0,1060.0,716.0,1595.0,1221.0,2
1285.0,1062.0,715.0,1583.0,1449.0,1
1251.0,1055.0,701.0,1602.0,1364.0,2
1120.0,900.0,811.0,1462.0,1111.0,2
1108.0,917.0,797.0,1495.0,1129.0,2
961.0,759.0,943.0,1375.0,799.0,0
950.0,719.0,982.0,1372.0,771.0,0
901.0,608.0,1105.0,1299.0,646.0,0
903.0,619.0,1111.0,1315.0,705.0,0
1024.0,757.0,923.0,1423.0,908.0,2
1093.0,837.0,830.0,1480.0,1047.0,2
1097.0,833.0,853.0,1470.0,1015.0,2
1126.0,830.0,853.0,1528.0,938.0,2
1139.0,794.0,908.0,1456.0,849.0,2
1178.0,832.0,858.0,1542.0,844.0,2
1243.0,883.0,745.0,1660.0,1036.0,2
1017.0,680.0,996.0,1421.0,729.0,0
1048.0,672.0,1050.0,1438.0,556.0,0
1254.0,840.0,787.0,1602.0,846.0,2
1287.0,911.0,796.0,1664.0,942.0,2
1215.0,900.0,823.0,1604.0,902.0,2
1363.0,1071.0,697.0,1763.0,1178.0,1
1436.0,1224.0,609.0,1886.0,1426.0,1
1365.0,1143.0,655.0,1796.0,1394.0,1
1506.0,1385.0,555.0,2260.0,1935.0,1
1227.0,1055.0,705.0,1772.0,1360.0,2
1038.0,866.0,833.0,1570.0,1061.0,2
934.0,744.0,970.0,1473.0,870.0,0
900.0,699.0,1036.0,1452.0,799.0,0
870.0,692.0,1070.0,1443.0,779.0,0
875.0,713.0,1027.0,1436.0,809.0,0
940.0,789.0,917.0,1473.0,914.0,2
1053.0,913.0,824.0,1578.0,1033.0,2
1509.0,1508.0,533.0,2257.0,1572.0,1
1559.0,1599.0,498.0,2374.0,1704.0,1
1313.0,1231.0,626.0,1889.0,1455.0,1
1372.0,1251.0,609.0,1890.0,1588.0,1
1320.0,1190.0,655.0,1825.0,1482.0,1
1346.0,1246.0,639.0,1907.0,1458.0,1
1307.0,1236.0,649.0,1869.0,1356.0,1
1157.0,1069.0,737.0,1653.0,1100.0,2
1154.0,1026.0,773.0,1623.0,1212.0,2
1172.0,1145.0,735.0,1676.0,1049.0,2
1241.0,1254.0,693.0,1735.0,1149.0,1
1379.0,1433.0,605.0,1982.0,1370.0,1
1570.0,1684.0,494.0,2289.0,1716.0,1
1418.0,1471.0,542.0,2064.0,1600.0,1
1317.0,1295.0,593.0,1883.0,1592.0,1
1204.0,1136.0,648.0,1782.0,1491.0,1
1014.0,853.0,843.0,1499.0,1084.0,2
956.0,794.0,896.0,1456.0,1007.0,2
891.0,708.0,1005.0,1382.0,823.0,0
856.0,665.0,1061.0,1375.0,788.0,0
863.0,703.0,1032.0,1403.0,791.0,0
911.0,745.0,922.0,1428.0,924.0,0
936.0,765.0,916.0,1462.0,941.0,2
1087.0,964.0,774.0,1633.0,1103.0,2
1540.0,1498.0,519.0,2301.0,1657.0,1
1513.0,1601.0,469.0,2382.0,1743.0,1
1409.0,1322.0,562.0,2004.0,1601.0,1
1219.0,1042.0,699.0,1750.0,1253.0,2
1286.0,1172.0,644.0,1870.0,1295.0,1
1228.0,1174.0,668.0,1788.0,1192.0,1
1140.0,1117.0,711.0,1690.0,1046.0,2
1052.0,906.0,832.0,1516.0,803.0,2
1282.0,1107.0,682.0,1791.0,1116.0,2
1378.0,1282.0,576.0,2010.0,1347.0,1
1506.0,1471.0,518.0,2200.0,1530.0,1
1310.0,1259.0,620.0,1926.0,1240.0,1
1204.0,1114.0,686.0,1807.0,1092.0,2
1071.0,842.0,873.0,1575.0,740.0,2
967.0,719.0,980.0,1490.0,670.0,0
947.0,689.0,1009.0,1454.0,640.0,0
1011.0,734.0,967.0,1497.0,918.0,2
971.0,722.0,949.0,1472.0,804.0,0
886.0,627.0,1082.0,1405.0,694.0,0
908.0,657.0,1013.0,1460.0,796.0,0
901.0,652.0,1013.0,1468.0,804.0,0
915.0,674.0,970.0,1481.0,829.0,0
940.0,712.0,961.0,1499.0,848.0,0
1048.0,891.0,791.0,1654.0,992.0,2
1298.0,1181.0,644.0,1962.0,1256.0,1
1487.0,1493.0,492.0,2345.0,1598.0,1
1327.0,1233.0,582.0,1968.0,1403.0,1
1363.0,1255.0,573.0,1989.0,1497.0,1
1393.0,1340.0,529.0,2080.0,1500.0,1
1361.0,1324.0,540.0,2044.0,1549.0,1
1289.0,1217.0,599.0,1975.0,1374.0,1
1265.0,1184.0,619.0,1930.0,1270.0,1
1339.0,1257.0,579.0,2031.0,1360.0,1
1269.0,1215.0,608.0,1939.0,1296.0,1
1299.0,1220.0,624.0,1929.0,1319.0,1
1546.0,1519.0,493.0,2265.0,1649.0,1
1571.0,1593.0,469.0,2409.0,1686.0,1
1312.0,1299.0,580.0,2016.0,1380.0,1
1074.0,946.0,767.0,1635.0,1079.0,2
1127.0,989.0,752.0,1724.0,1096.0,2
1040.0,923.0,769.0,1640.0,1049.0,2
1060.0,925.0,772.0,1649.0,1161.0,2
911.0,753.0,934.0,1496.0,865.0,0
853.0,623.0,1107.0,1421.0,768.0,0
915.0,725.0,962.0,1485.0,845.0,0
897.0,738.0,936.0,1471.0,843.0,0
976.0,840.0,844.0,1562.0,964.0,2
1066.0,982.0,740.0,1699.0,1065.0,2
1435.0,1387.0,544.0,2140.0,1467.0,1
1420.0,1430.0,512.0,2194.0,1510.0,1
1365.0,1341.0,549.0,2033.0,1518.0,1
1171.0,1083.0,695.0,1758.0,1276.0,2
982.0,850.0,888.0,1505.0,873.0,2
1021.0,979.0,798.0,1580.0,958.0,2
1044.0,1039.0,771.0,1609.0,1076.0,2
1005.0,972.0,834.0,1514.0,952.0,2
1021.0,985.0,816.0,1524.0,977.0,2
1064.0,1048.0,772.0,1574.0,1059.0,2
1167.0,1231.0,659.0,1745.0,1199.0,2
1167.0,1263.0,640.0,1790.0,1212.0,1
1164.0,1227.0,658.0,1800.0,1193.0,1
1092.0,1110.0,725.0,1641.0,1105.0,2
997.0,955.0,845.0,1528.0,926.0,2
966.0,964.0,858.0,1560.0,1231.0,2
969.0,922.0,906.0,1488.0,995.0,2
944.0,1005.0,874.0,1633.0,1094.0,2
834.0,817.0,1022.0,1408.0,774.0,0
796.0,667.0,1162.0,1295.0,558.0,0
777.0,585.0,1305.0,1266.0,510.0,0
752.0,521.0,1451.0,1247.0,471.0,0
755.0,528.0,1472.0,1234.0,471.0,0
800.0,598.0,1336.0,1278.0,529.0,0
1147.0,1136.0,737.0,1708.0,1114.0,2
1036.0,965.0,854.0,1544.0,987.0,2
926.0,845.0,979.0,1398.0,851.0,0
961.0,881.0,932.0,1417.0,901.0,2
951.0,926.0,902.0,1460.0,949.0,2
962.0,940.0,889.0,1441.0,855.0,2
1004.0,1004.0,832.0,1490.0,911.0,2
893.0,828.0,988.0,1357.0,672.0,0
990.0,956.0,872.0,1476.0,826.0,2
1071.0,1068.0,798.0,1556.0,988.0,2
1140.0,1155.0,733.0,1660.0,1105.0,2
1103.0,1143.0,741.0,1647.0,1089.0,2
1082.0,1178.0,733.0,1605.0,1077.0,2
991.0,977.0,872.0,1448.0,923.0,2
935.0,852.0,978.0,1344.0,824.0,0
908.0,790.0,1046.0,1317.0,717.0,0
927.0,826.0,1021.0,1331.0,734.0,0
936.0,844.0,978.0,1365.0,776.0,0
847.0,694.0,1153.0,1240.0,594.0,0
812.0,664.0,1212.0,1215.0,518.0,0
804.0,616.0,1271.0,1189.0,496.0,0
793.0,636.0,1213.0,1195.0,514.0,0
775.0,609.0,1319.0,1190.0,468.0,0
835.0,690.0,1183.0,1257.0,621.0,0
913.0,830.0,980.0,1371.0,757.0,0
903.0,765.0,1035.0,1317.0,712.0,0
982.0,895.0,892.0,1413.0,859.0,2
925.0,838.0,949.0,1324.0,728.0,0
895.0,776.0,1024.0,1274.0,640.0,0
930.0,838.0,957.0,1319.0,680.0,0
953.0,881.0,926.0,1339.0,704.0,0
885.0,765.0,1017.0,1268.0,619.0,0
903.0,779.0,1010.0,1278.0,583.0,0
927.0,781.0,994.0,1267.0,594.0,0
979.0,835.0,936.0,1338.0,700.0,0
1050.0,947.0,832.0,1447.0,912.0,2
1091.0,1037.0,770.0,1512.0,1038.0,2
1040.0,946.0,827.0,1424.0,952.0,2
997.0,879.0,885.0,1404.0,887.0,2
1042.0,938.0,816.0,1456.0,1004.0,2
1191.0,1055.0,707.0,1563.0,1221.0,2
1149.0,996.0,754.0,1534.0,1177.0,2
973.0,862.0,850.0,1436.0,957.0,2
940.0,823.0,891.0,1415.0,853.0,2
949.0,890.0,854.0,1484.0,884.0,2
830.0,699.0,1012.0,1339.0,736.0,0
773.0,609.0,1169.0,1256.0,590.0,0
811.0,644.0,1144.0,1289.0,655.0,0
901.0,754.0,936.0,1351.0,854.0,0
969.0,886.0,863.0,1451.0,953.0,2
1027.0,933.0,806.0,1465.0,1050.0,2
1094.0,1002.0,755.0,1536.0,1114.0,2
1083.0,984.0,784.0,1485.0,1049.0,2
1098.0,1015.0,754.0,1508.0,996.0,2
1059.0,1047.0,761.0,1549.0,841.0,2
1021.0,1009.0,771.0,1545.0,769.0,2
925.0,768.0,987.0,1289.0,541.0,0
1045.0,910.0,878.0,1385.0,742.0,2
1303.0,1317.0,631.0,1816.0,1196.0,1
1254.0,1204.0,668.0,1655.0,1338.0,1
1345.0,1306.0,587.0,1806.0,1416.0,1
1273.0,1159.0,645.0,1704.0,1341.0,1
1096.0,931.0,766.0,1506.0,1019.0,2
1077.0,920.0,778.0,1509.0,935.0,2
1084.0,929.0,751.0,1517.0,1081.0,2
980.0,800.0,863.0,1407.0,903.0,2
882.0,713.0,978.0,1343.0,731.0,0
851.0,655.0,1051.0,1301.0,625.0,0
819.0,597.0,1112.0,1281.0,613.0,0
804.0,601.0,1122.0,1281.0,646.0,0
823.0,631.0,1090.0,1304.0,671.0,0
903.0,748.0,937.0,1373.0,801.0,0
1310.0,1344.0,573.0,2026.0,1353.0,1
1436.0,1601.0,455.0,2338.0,1682.0,1
1479.0,1490.0,494.0,2146.0,1749.0,1
1285.0,1243.0,599.0,1815.0,1582.0,1
1262.0,1258.0,597.0,1835.0,1484.0,1
1225.0,1227.0,643.0,1774.0,1321.0,1
1162.0,1188.0,676.0,1681.0,1125.0,2
1103.0,1044.0,757.0,1523.0,967.0,2
1120.0,1045.0,752.0,1563.0,975.0,2
1169.0,1163.0,708.0,1639.0,1025.0,2
1386.0,1522.0,560.0,1990.0,1469.0,1
1426.0,1577.0,521.0,2080.0,1648.0,1
1476.0,1663.0,473.0,2167.0,1785.0,1
1167.0,1282.0,633.0,1685.0,1371.0,1
1032.0,1039.0,761.0,1455.0,1071.0,2
1034.0,972.0,747.0,1437.0,1118.0,2
986.0,885.0,835.0,1407.0,931.0,2
908.0,732.0,966.0,1311.0,722.0,0
891.0,714.0,957.0,1295.0,773.0,0
843.0,656.0,1042.0,1271.0,665.0,0
822.0,612.0,1094.0,1254.0,594.0,0
814.0,589.0,1119.0,1246.0,565.0,0
869.0,673.0,1033.0,1307.0,688.0,0
1013.0,905.0,804.0,1499.0,974.0,2
1515.0,1584.0,496.0,2288.0,1591.0,1
1587.0,1795.0,425.0,2531.0,1820.0,1
1490.0,1487.0,508.0,2115.0,1807.0,1
1435.0,1408.0,537.0,1991.0,1704.0,1
1246.0,1209.0,632.0,1792.0,1270.0,1
1266.0,1231.0,615.0,1768.0,1265.0,1
1277.0,1277.0,586.0,1846.0,1226.0,1
1142.0,1073.0,671.0,1635.0,987.0,2
1207.0,1136.0,645.0,1696.0,1024.0,2
1252.0,1233.0,618.0,1759.0,1127.0,1
1399.0,1468.0,531.0,2072.0,1442.0,1
1464.0,1559.0,485.0,2158.0,1639.0,1
1422.0,1520.0,494.0,2087.0,1624.0,1
1308.0,1297.0,567.0,1899.0,1454.0,1
1137.0,1047.0,680.0,1620.0,1138.0,2
1040.0,903.0,782.0,1494.0,951.0,2
1018.0,885.0,809.0,1491.0,864.0,2
962.0,808.0,866.0,1430.0,868.0,2
930.0,768.0,916.0,1409.0,825.0,0
812.0,613.0,1133.0,1302.0,626.0,0
826.0,612.0,1111.0,1304.0,605.0,0
878.0,702.0,949.0,1373.0,822.0,0
922.0,764.0,892.0,1415.0,905.0,2
1047.0,965.0,737.0,1606.0,1075.0,2
1376.0,1452.0,521.0,2123.0,1541.0,1
1514.0,1648.0,457.0,2400.0,1749.0,1
1494.0,1528.0,479.0,2201.0,1798.0,1
1316.0,1298.0,562.0,1888.0,1584.0,1
1269.0,1247.0,597.0,1813.0,1441.0,1
1152.0,1099.0,674.0,1631.0,1093.0,2
1138.0,1117.0,657.0,1646.0,1019.0,2
1132.0,1052.0,680.0,1609.0,944.0,2
1186.0,1159.0,640.0,1701.0,1046.0,2
1228.0,1184.0,657.0,1724.0,1089.0,2
1424.0,1486.0,523.0,2084.0,1537.0,1
1427.0,1458.0,507.0,2049.0,1566.0,1
1387.0,1473.0,508.0,2065.0,1510.0,1
1284.0,1249.0,582.0,1842.0,1300.0,1
1110.0,1045.0,688.0,1638.0,1058.0,2
1110.0,1032.0,702.0,1650.0,1002.0,2
1077.0,964.0,749.0,1571.0,923.0,2
1037.0,898.0,793.0,1539.0,836.0,2
1002.0,854.0,818.0,1513.0,779.0,2
865.0,694.0,989.0,1385.0,678.0,0
824.0,615.0,1131.0,1336.0,601.0,0
824.0,602.0,1138.0,1337.0,593.0,0
847.0,620.0,1085.0,1339.0,670.0,0
961.0,828.0,892.0,1491.0,837.0,2
1336.0,1340.0,540.0,2049.0,1400.0,1
1251.0,1264.0,582.0,1897.0,1393.0,1
1290.0,1244.0,604.0,1853.0,1415.0,1
1215.0,1141.0,631.0,1766.0,1285.0,1
1248.0,1177.0,608.0,1784.0,1230.0,1
1233.0,1184.0,610.0,1775.0,1147.0,1
1229.0,1217.0,599.0,1795.0,1107.0,1
1206.0,1175.0,618.0,1746.0,1068.0,2
1215.0,1150.0,608.0,1733.0,1115.0,2
1330.0,1264.0,586.0,1860.0,1362.0,1
1446.0,1434.0,522.0,2075.0,1619.0,1
1446.0,1458.0,501.0,2059.0,1572.0,1
1421.0,1444.0,510.0,2056.0,1446.0,1
1247.0,1206.0,600.0,1785.0,1233.0,1
1168.0,1070.0,667.0,1646.0,1102.0,2
1111.0,991.0,721.0,1559.0,1028.0,2
1071.0,934.0,763.0,1504.0,942.0,2
969.0,835.0,859.0,1437.0,773.0,2
942.0,780.0,915.0,1419.0,737.0,0
923.0,744.0,908.0,1394.0,815.0,0
813.0,581.0,1176.0,1320.0,627.0,0
851.0,618.0,1099.0,1351.0,642.0,0
868.0,639.0,1093.0,1367.0,610.0,0
1062.0,915.0,792.0,1579.0,929.0,2
1418.0,1328.0,546.0,2017.0,1427.0,1
1600.0,1641.0,440.0,2430.0,1776.0,1
1583.0,1538.0,461.0,2214.0,1788.0,1
1338.0,1305.0,543.0,1929.0,1521.0,1
1285.0,1252.0,581.0,1866.0,1293.0,1
1376.0,1359.0,530.0,1998.0,1435.0,1
1467.0,1477.0,491.0,2114.0,1592.0,1
1442.0,1403.0,518.0,2026.0,1551.0,1
1358.0,1277.0,563.0,1892.0,1429.0,1
1222.0,1133.0,624.0,1698.0,1195.0,2
1134.0,1017.0,724.0,1632.0,981.0,2
1120.0,993.0,725.0,1565.0,962.0,2
1103.0,997.0,736.0,1552.0,914.0,2
985.0,805.0,895.0,1390.0,785.0,2
795.0,596.0,1227.0,1188.0,482.0,0
787.0,584.0,1317.0,1129.0,446.0,0
839.0,701.0,1128.0,1156.0,553.0,0
835.0,705.0,1117.0,1161.0,592.0,0
837.0,693.0,1096.0,1178.0,584.0,0
761.0,563.0,1316.0,1106.0,451.0,0
718.0,499.0,1495.0,1059.0,382.0,0
724.0,495.0,1531.0,1071.0,391.0,0
718.0,486.0,1531.0,1072.0,398.0,0
744.0,525.0,1434.0,1097.0,430.0,0
782.0,591.0,1287.0,1130.0,461.0,0
798.0,619.0,1204.0,1138.0,500.0,0
867.0,744.0,1067.0,1207.0,594.0,0
862.0,729.0,1103.0,1171.0,603.0,0
915.0,834.0,1006.0,1243.0,686.0,0
857.0,813.0,1040.0,1183.0,622.0,0
837.0,812.0,1065.0,1171.0,624.0,0
805.0,740.0,1161.0,1117.0,565.0,0
781.0,705.0,1203.0,1068.0,514.0,0
815.0,743.0,1183.0,1095.0,536.0,0
877.0,844.0,1048.0,1193.0,669.0,0
926.0,935.0,931.0,1262.0,786.0,2
987.0,971.0,876.0,1312.0,891.0,2
1004.0,1007.0,848.0,1321.0,926.0,2
897.0,875.0,937.0,1227.0,902.0,0
1002.0,989.0,840.0,1358.0,1011.0,2
1126.0,1111.0,746.0,1473.0,1249.0,2
1067.0,1013.0,794.0,1350.0,1133.0,2
1063.0,1040.0,739.0,1413.0,1166.0,2
915.0,893.0,872.0,1287.0,953.0,2
906.0,885.0,872.0,1304.0,912.0,2
844.0,786.0,969.0,1226.0,831.0,0
816.0,739.0,999.0,1188.0,793.0,0
768.0,671.0,1128.0,1153.0,700.0,0
835.0,785.0,989.0,1224.0,780.0,0
944.0,908.0,865.0,1321.0,931.0,2
810.0,651.0,1170.0,1117.0,575.0,0
819.0,655.0,1222.0,1104.0,507.0,0
844.0,680.0,1147.0,1129.0,518.0,0
846.0,688.0,1127.0,1138.0,518.0,0
842.0,711.0,1077.0,1160.0,516.0,0
840.0,722.0,1048.0,1169.0,507.0,0
815.0,657.0,1166.0,1098.0,490.0,0
838.0,685.0,1176.0,1121.0,465.0,0
992.0,987.0,823.0,1327.0,781.0,2
990.0,891.0,908.0,1278.0,765.0,2
1066.0,1004.0,795.0,1384.0,1006.0,2
971.0,870.0,911.0,1287.0,798.0,2
963.0,887.0,853.0,1311.0,938.0,2
1010.0,925.0,829.0,1351.0,996.0,2
1054.0,978.0,768.0,1398.0,1109.0,2
998.0,920.0,802.0,1365.0,1042.0,2
919.0,802.0,891.0,1265.0,940.0,2
884.0,764.0,921.0,1247.0,900.0,0
803.0,648.0,1079.0,1178.0,774.0,0
820.0,674.0,1024.0,1188.0,790.0,0
894.0,794.0,889.0,1266.0,908.0,0
988.0,941.0,801.0,1399.0,1035.0,2
1372.0,1477.0,542.0,1973.0,1556.0,1
1209.0,1262.0,618.0,1708.0,1392.0,1
951.0,908.0,873.0,1314.0,904.0,2
992.0,943.0,847.0,1351.0,936.0,2
964.0,947.0,862.0,1328.0,907.0,2
917.0,910.0,886.0,1275.0,744.0,2
937.0,942.0,852.0,1276.0,773.0,2
961.0,949.0,853.0,1306.0,812.0,2
969.0,962.0,829.0,1316.0,856.0,2
1020.0,1042.0,788.0,1401.0,927.0,2
1107.0,1219.0,683.0,1582.0,1131.0,2
1119.0,1233.0,670.0,1539.0,1270.0,2
1173.0,1322.0,633.0,1679.0,1365.0,1
1097.0,1144.0,702.0,1517.0,1274.0,2
1018.0,1024.0,758.0,1400.0,1169.0,2
932.0,914.0,837.0,1298.0,1000.0,2
897.0,849.0,891.0,1253.0,910.0,2
840.0,758.0,994.0,1189.0,829.0,0
802.0,680.0,1091.0,1137.0,756.0,0
765.0,637.0,1138.0,1113.0,742.0,0
741.0,595.0,1191.0,1080.0,686.0,0
748.0,595.0,1208.0,1089.0,677.0,0
791.0,704.0,1057.0,1154.0,748.0,0
875.0,871.0,890.0,1253.0,890.0,0
1085.0,1164.0,707.0,1503.0,1155.0,2
1268.0,1482.0,550.0,1849.0,1533.0,1
1236.0,1332.0,601.0,1683.0,1550.0,1
1274.0,1294.0,615.0,1595.0,2236.0,1
1250.0,1280.0,618.0,1663.0,2178.0,1
1224.0,1347.0,602.0,1670.0,1901.0,1
1220.0,1344.0,605.0,1676.0,1743.0,1
1166.0,1265.0,640.0,1570.0,1502.0,1
1050.0,1084.0,748.0,1402.0,1153.0,2
1174.0,1264.0,670.0,1598.0,1287.0,2
1323.0,1474.0,554.0,1854.0,1547.0,1
1432.0,1706.0,488.0,2098.0,1842.0,1
1479.0,1756.0,466.0,2165.0,1908.0,1
1309.0,1379.0,555.0,1841.0,1693.0,1
1089.0,1037.0,707.0,1480.0,1336.0,2
1009.0,911.0,788.0,1359.0,1177.0,2
930.0,796.0,883.0,1263.0,977.0,2
929.0,805.0,879.0,1270.0,974.0,2
872.0,718.0,981.0,1223.0,872.0,0
790.0,601.0,1150.0,1157.0,734.0,0
793.0,581.0,1169.0,1152.0,668.0,0
789.0,596.0,1145.0,1161.0,698.0,0
769.0,586.0,1221.0,1134.0,650.0,0
852.0,713.0,1029.0,1203.0,749.0,0
1100.0,1097.0,739.0,1516.0,1106.0,2
1326.0,1504.0,510.0,1968.0,1609.0,1
1433.0,1518.0,499.0,1973.0,1770.0,1
1310.0,1334.0,573.0,1747.0,1633.0,1
1304.0,1272.0,593.0,1673.0,1583.0,1
1286.0,1286.0,593.0,1728.0,1449.0,1
1217.0,1175.0,621.0,1644.0,1451.0,1
1104.0,1099.0,698.0,1483.0,1147.0,2
1143.0,1176.0,677.0,1551.0,1108.0,2
1205.0,1295.0,626.0,1613.0,1267.0,1
1276.0,1340.0,597.0,1677.0,1303.0,1
1440.0,1573.0,491.0,1997.0,1643.0,1
1467.0,1643.0,467.0,2088.0,1749.0,1
1339.0,1373.0,541.0,1797.0,1585.0,1
1108.0,1061.0,685.0,1454.0,1315.0,2
1116.0,1012.0,699.0,1445.0,1290.0,2
981.0,860.0,812.0,1298.0,1059.0,2
947.0,798.0,869.0,1276.0,943.0,2
939.0,776.0,879.0,1259.0,913.0,0
862.0,644.0,1030.0,1173.0,720.0,0
827.0,577.0,1138.0,1143.0,640.0,0
879.0,611.0,1036.0,1189.0,779.0,0
911.0,710.0,932.0,1226.0,850.0,0
1051.0,901.0,778.0,1379.0,1020.0,2
1496.0,1425.0,520.0,1946.0,1605.0,1
1610.0,1692.0,436.0,2197.0,1866.0,1
1428.0,1321.0,544.0,1779.0,1621.0,1
1459.0,1356.0,525.0,1795.0,1712.0,1
1486.0,1390.0,504.0,1835.0,1770.0,1
1158.0,1008.0,695.0,1489.0,1175.0,2
1200.0,1021.0,678.0,1510.0,1157.0,2
1290.0,1151.0,613.0,1638.0,1219.0,1
1366.0,1223.0,578.0,1744.0,1288.0,1
1505.0,1388.0,516.0,1978.0,1503.0,1
1728.0,1683.0,419.0,2365.0,1861.0,1
1673.0,1643.0,436.0,2259.0,1781.0,1
1636.0,1553.0,449.0,2130.0,1745.0,1
1468.0,1296.0,529.0,1854.0,1590.0,1
1180.0,997.0,677.0,1549.0,1127.0,2
1138.0,938.0,700.0,1500.0,1098.0,2
1192.0,1004.0,665.0,1577.0,1176.0,2
1176.0,993.0,659.0,1572.0,1178.0,2
1137.0,967.0,687.0,1557.0,1091.0,2
1035.0,851.0,764.0,1465.0,1002.0,2
943.0,709.0,893.0,1348.0,876.0,0
904.0,655.0,968.0,1326.0,824.0,0
966.0,726.0,872.0,1371.0,892.0,2
1124.0,972.0,674.0,1568.0,1092.0,2
1348.0,1217.0,559.0,1816.0,1413.0,1
1499.0,1501.0,469.0,2130.0,1565.0,1
1427.0,1311.0,503.0,1900.0,1594.0,1
1473.0,1330.0,497.0,1908.0,1677.0,1
1440.0,1294.0,506.0,1879.0,1616.0,1
1474.0,1326.0,485.0,1943.0,1610.0,1
1485.0,1359.0,477.0,2005.0,1614.0,1
1306.0,1079.0,603.0,1668.0,1286.0,1
1464.0,1251.0,530.0,1853.0,1487.0,1
1629.0,1466.0,458.0,2130.0,1703.0,1
1629.0,1536.0,435.0,2205.0,1773.0,1
1707.0,1637.0,411.0,2338.0,1848.0,1
1424.0,1293.0,524.0,1902.0,1550.0,1
1297.0,1100.0,598.0,1710.0,1350.0,1
1214.0,1022.0,645.0,1592.0,1235.0,2
1160.0,944.0,686.0,1523.0,1162.0,2
1232.0,1012.0,642.0,1595.0,1211.0,2
1134.0,914.0,699.0,1512.0,1097.0,2
1071.0,860.0,742.0,1500.0,1021.0,2
968.0,730.0,858.0,1388.0,913.0,2
994.0,711.0,867.0,1384.0,909.0,2
1046.0,804.0,774.0,1458.0,983.0,2
1066.0,827.0,751.0,1479.0,1024.0,2
1277.0,1061.0,612.0,1691.0,1243.0,2
1290.0,1093.0,592.0,1677.0,1253.0,1
1268.0,1066.0,608.0,1665.0,1240.0,2
1243.0,997.0,648.0,1587.0,1155.0,2
1300.0,1053.0,614.0,1650.0,1193.0,2
1278.0,1053.0,630.0,1641.0,1153.0,2
1249.0,1023.0,639.0,1640.0,1034.0,2
1145.0,867.0,739.0,1499.0,870.0,2
1199.0,928.0,704.0,1533.0,890.0,2
1236.0,962.0,690.0,1589.0,946.0,2
1289.0,1037.0,638.0,1648.0,1033.0,2
1299.0,1072.0,617.0,1688.0,1107.0,2
1506.0,1315.0,512.0,1954.0,1395.0,1
1432.0,1234.0,553.0,1849.0,1342.0,1
1193.0,1021.0,666.0,1633.0,1152.0,2
1188.0,1007.0,668.0,1577.0,1128.0,2
1162.0,953.0,691.0,1526.0,1104.0,2
1106.0,921.0,720.0,1506.0,1055.0,2
1037.0,836.0,788.0,1467.0,904.0,2
982.0,768.0,850.0,1416.0,835.0,2
944.0,740.0,881.0,1412.0,781.0,0
929.0,703.0,908.0,1391.0,761.0,0
906.0,672.0,948.0,1377.0,742.0,0
907.0,665.0,972.0,1370.0,779.0,0
1013.0,781.0,829.0,1469.0,894.0,2
1055.0,795.0,800.0,1476.0,927.0,2
1138.0,880.0,727.0,1538.0,1034.0,2
1250.0,1003.0,647.0,1638.0,1217.0,2
1165.0,916.0,711.0,1517.0,1093.0,2
1229.0,1025.0,663.0,1588.0,1073.0,2
1168.0,911.0,715.0,1517.0,969.0,2
1092.0,814.0,794.0,1446.0,777.0,2
1109.0,843.0,769.0,1458.0,743.0,2
1133.0,823.0,775.0,1449.0,777.0,2
1192.0,887.0,716.0,1488.0,819.0,2
1298.0,1015.0,647.0,1619.0,1056.0,2
1524.0,1320.0,514.0,1925.0,1481.0,1
1540.0,1336.0,498.0,1929.0,1590.0,1
1190.0,992.0,654.0,1587.0,1211.0,2
1092.0,911.0,735.0,1506.0,1052.0,2
1079.0,890.0,745.0,1522.0,1000.0,2
995.0,789.0,828.0,1432.0,874.0,2
960.0,772.0,838.0,1431.0,852.0,2
890.0,666.0,969.0,1323.0,728.0,0
860.0,632.0,1037.0,1322.0,713.0,0
860.0,652.0,997.0,1326.0,734.0,0
883.0,713.0,937.0,1351.0,777.0,0
929.0,795.0,858.0,1373.0,815.0,2
1100.0,1018.0,706.0,1573.0,1002.0,2
1257.0,1299.0,550.0,1864.0,1302.0,1
1402.0,1393.0,505.0,1967.0,1542.0,1
1376.0,1324.0,527.0,1886.0,1571.0,1
1374.0,1346.0,519.0,1910.0,1614.0,1
1381.0,1355.0,516.0,1931.0,1583.0,1
1282.0,1247.0,561.0,1829.0,1285.0,1
1188.0,1124.0,625.0,1655.0,1094.0,2
1227.0,1147.0,612.0,1707.0,1113.0,2
1364.0,1328.0,528.0,1898.0,1395.0,1
1531.0,1558.0,451.0,2181.0,1620.0,1
1694.0,1805.0,391.0,2523.0,1882.0,1
1723.0,1866.0,378.0,2612.0,2006.0,1
1356.0,1331.0,520.0,1925.0,1643.0,1
1084.0,979.0,699.0,1539.0,1239.0,2
1039.0,936.0,731.0,1499.0,1121.0,2
1011.0,875.0,787.0,1446.0,1012.0,2
968.0,831.0,810.0,1425.0,961.0,2
867.0,693.0,971.0,1335.0,825.0,0
820.0,620.0,1081.0,1270.0,703.0,0
826.0,631.0,1072.0,1280.0,752.0,0
835.0,620.0,1053.0,1260.0,741.0,0
887.0,717.0,955.0,1334.0,786.0,0
990.0,889.0,763.0,1450.0,952.0,2
1511.0,1569.0,476.0,2195.0,1601.0,1
1352.0,1465.0,491.0,1998.0,1621.0,1
1337.0,1339.0,525.0,1870.0,1622.0,1
1435.0,1373.0,513.0,1910.0,1759.0,1
1377.0,1276.0,539.0,1790.0,1666.0,1
1562.0,1559.0,453.0,2130.0,1918.0,1
1358.0,1389.0,516.0,1886.0,1525.0,1
1301.0,1212.0,575.0,1717.0,1332.0,1
1255.0,1136.0,611.0,1675.0,1183.0,2
1410.0,1340.0,533.0,1841.0,1414.0,1
1578.0,1595.0,459.0,2181.0,1680.0,1
1700.0,1782.0,401.0,2403.0,2004.0,1
1778.0,1805.0,380.0,2473.0,2094.0,1
1539.0,1402.0,475.0,2018.0,1780.0,1
1409.0,1304.0,500.0,1829.0,1640.0,1
1231.0,1077.0,602.0,1580.0,1379.0,2
1092.0,928.0,688.0,1470.0,1139.0,2
1036.0,850.0,760.0,1411.0,1001.0,2
984.0,780.0,810.0,1377.0,910.0,2
950.0,743.0,841.0,1377.0,895.0,2
889.0,665.0,943.0,1310.0,805.0,0
865.0,636.0,992.0,1285.0,761.0,0
917.0,686.0,933.0,1304.0,805.0,0
997.0,823.0,804.0,1395.0,894.0,2
1433.0,1409.0,506.0,1972.0,1439.0,1
1516.0,1596.0,429.0,2183.0,1706.0,1
1528.0,1449.0,473.0,2039.0,1756.0,1
1347.0,1186.0,560.0,1713.0,1493.0,1
1392.0,1231.0,530.0,1771.0,1567.0,1
1359.0,1195.0,542.0,1784.0,1376.0,1
1391.0,1249.0,518.0,1845.0,1399.0,1
1335.0,1137.0,563.0,1729.0,1293.0,1
1402.0,1213.0,530.0,1789.0,1348.0,1
1406.0,1216.0,542.0,1772.0,1314.0,1
1527.0,1419.0,476.0,1966.0,1507.0,1
1559.0,1476.0,463.0,2022.0,1660.0,1
1840.0,1852.0,360.0,2553.0,2143.0,1
1666.0,1573.0,427.0,2195.0,1968.0,1
1336.0,1204.0,542.0,1759.0,1490.0,1
1189.0,1014.0,641.0,1553.0,1249.0,2
1226.0,1029.0,620.0,1570.0,1265.0,2
1171.0,972.0,650.0,1529.0,1181.0,2
1002.0,762.0,814.0,1385.0,954.0,2
950.0,696.0,894.0,1375.0,875.0,0
930.0,660.0,925.0,1321.0,838.0,0
924.0,643.0,948.0,1329.0,825.0,0
994.0,732.0,852.0,1400.0,882.0,2
1089.0,873.0,741.0,1479.0,990.0,2
1468.0,1280.0,518.0,1899.0,1423.0,1
1696.0,1711.0,383.0,2464.0,1823.0,1
1479.0,1357.0,491.0,1937.0,1581.0,1
1425.0,1255.0,516.0,1864.0,1500.0,1
1279.0,1116.0,587.0,1668.0,1268.0,1
1319.0,1165.0,571.0,1743.0,1230.0,1
1329.0,1172.0,561.0,1739.0,1204.0,1
1327.0,1172.0,566.0,1747.0,1205.0,1
1282.0,1075.0,605.0,1651.0,1103.0,2
1342.0,1157.0,572.0,1707.0,1195.0,1
1623.0,1522.0,447.0,2110.0,1618.0,1
1576.0,1458.0,463.0,2024.0,1637.0,1
1747.0,1709.0,399.0,2370.0,1876.0,1
1757.0,1680.0,396.0,2280.0,1959.0,1
1331.0,1194.0,559.0,1715.0,1477.0,1
1182.0,1016.0,658.0,1572.0,1210.0,2
1162.0,1008.0,658.0,1556.0,1160.0,2
1147.0,964.0,668.0,1517.0,1116.0,2
1040.0,836.0,762.0,1423.0,974.0,2
920.0,688.0,920.0,1317.0,820.0,0
931.0,670.0,931.0,1326.0,792.0,0
954.0,731.0,865.0,1360.0,839.0,2
981.0,790.0,817.0,1390.0,898.0,2
1147.0,1009.0,653.0,1589.0,1096.0,2
1606.0,1578.0,440.0,2205.0,1786.0,1
1490.0,1424.0,465.0,2033.0,1604.0,1
1473.0,1409.0,483.0,1984.0,1637.0,1
1582.0,1539.0,435.0,2141.0,1827.0,1
1468.0,1323.0,496.0,1913.0,1641.0,1
1413.0,1285.0,518.0,1883.0,1505.0,1
1400.0,1331.0,520.0,1916.0,1465.0,1
1361.0,1238.0,548.0,1805.0,1368.0,1
1389.0,1311.0,525.0,1845.0,1748.0,1
1305.0,1167.0,586.0,1690.0,1301.0,1
1354.0,1275.0,543.0,1799.0,1338.0,1
1352.0,1296.0,534.0,1846.0,1337.0,1
1472.0,1327.0,497.0,1895.0,1516.0,1
1412.0,1256.0,525.0,1797.0,1435.0,1
1221.0,1061.0,619.0,1615.0,1178.0,2
1230.0,990.0,652.0,1559.0,1111.0,2
1247.0,961.0,666.0,1569.0,1112.0,2
1217.0,975.0,665.0,1565.0,1109.0,2
1158.0,923.0,673.0,1519.0,1072.0,2
1150.0,871.0,697.0,1502.0,1030.0,2
1061.0,785.0,766.0,1447.0,935.0,2
1062.0,770.0,780.0,1450.0,922.0,2
1157.0,890.0,681.0,1549.0,1054.0,2
1167.0,907.0,681.0,1548.0,1082.0,2
1403.0,1229.0,523.0,1872.0,1365.0,1
1453.0,1298.0,489.0,1940.0,1497.0,1
1455.0,1260.0,502.0,1868.0,1540.0,1
1512.0,1282.0,498.0,1899.0,1554.0,1
1331.0,1082.0,588.0,1689.0,1252.0,1
1472.0,1246.0,512.0,1873.0,1455.0,1
1430.0,1187.0,539.0,1812.0,1339.0,1
1264.0,1016.0,624.0,1650.0,1062.0,2
1378.0,1177.0,548.0,1775.0,1266.0,1
1377.0,1123.0,578.0,1716.0,1223.0,1
1527.0,1293.0,502.0,1907.0,1469.0,1
1573.0,1343.0,470.0,1990.0,1553.0,1
1674.0,1447.0,448.0,2065.0,1689.0,1
1455.0,1218.0,535.0,1796.0,1387.0,1
1242.0,1022.0,630.0,1641.0,1139.0,2
1181.0,935.0,701.0,1565.0,960.0,2
1468.0,1155.0,565.0,1738.0,1293.0,1
1520.0,1217.0,552.0,1812.0,1357.0,1
1203.0,1046.0,621.0,1664.0,1103.0,2
1096.0,903.0,732.0,1560.0,857.0,2
991.0,759.0,845.0,1440.0,658.0,2
941.0,686.0,942.0,1406.0,549.0,0
952.0,695.0,910.0,1429.0,627.0,0
1082.0,825.0,753.0,1526.0,930.0,2
1095.0,886.0,705.0,1574.0,1001.0,2
1049.0,826.0,765.0,1521.0,917.0,2
1055.0,795.0,807.0,1494.0,834.0,2
1074.0,767.0,814.0,1489.0,796.0,2
1229.0,941.0,680.0,1653.0,1040.0,2
1228.0,952.0,668.0,1622.0,1110.0,2
1107.0,807.0,768.0,1546.0,836.0,2
1031.0,732.0,872.0,1476.0,704.0,2
1155.0,804.0,815.0,1510.0,773.0,2
1131.0,841.0,784.0,1531.0,811.0,2
1143.0,890.0,744.0,1578.0,848.0,2
1145.0,915.0,733.0,1586.0,892.0,2
1169.0,910.0,726.0,1563.0,992.0,2
1105.0,905.0,734.0,1576.0,950.0,2
1049.0,817.0,806.0,1517.0,882.0,2
1069.0,844.0,767.0,1527.0,883.0,2
1073.0,838.0,768.0,1549.0,892.0,2
1039.0,817.0,799.0,1502.0,836.0,2
1021.0,811.0,794.0,1502.0,837.0,2
825.0,536.0,1203.0,1302.0,498.0,0
828.0,558.0,1166.0,1304.0,494.0,0
847.0,576.0,1139.0,1321.0,507.0,0
903.0,679.0,956.0,1385.0,660.0,0
1041.0,865.0,757.0,1486.0,902.0,2
1314.0,1267.0,559.0,1888.0,1240.0,1
1326.0,1416.0,499.0,1971.0,1395.0,1
1464.0,1444.0,475.0,2049.0,1625.0,1
1313.0,1213.0,564.0,1789.0,1359.0,1
1202.0,1058.0,647.0,1623.0,1152.0,2
1225.0,1155.0,607.0,1738.0,1159.0,2
1257.0,1248.0,557.0,1837.0,1179.0,1
1271.0,1217.0,566.0,1810.0,1227.0,1
1179.0,1120.0,634.0,1667.0,1119.0,2
1278.0,1248.0,574.0,1814.0,1243.0,1
1435.0,1429.0,499.0,2072.0,1449.0,1
1326.0,1356.0,525.0,1966.0,1405.0,1
1324.0,1335.0,537.0,1920.0,1444.0,1
1206.0,1185.0,592.0,1751.0,1386.0,1
1052.0,987.0,700.0,1556.0,1102.0,2
1057.0,934.0,743.0,1525.0,1041.0,2
952.0,833.0,846.0,1381.0,881.0,2
911.0,769.0,919.0,1340.0,791.0,0
898.0,742.0,915.0,1345.0,796.0,0
809.0,593.0,1134.0,1277.0,647.0,0
823.0,616.0,1072.0,1300.0,716.0,0
814.0,666.0,1029.0,1311.0,719.0,0
857.0,705.0,982.0,1312.0,733.0,0
935.0,810.0,881.0,1356.0,835.0,2
1159.0,1110.0,671.0,1650.0,1094.0,2
1102.0,1141.0,648.0,1594.0,1114.0,2
979.0,917.0,795.0,1398.0,903.0,2
998.0,941.0,785.0,1442.0,914.0,2
962.0,911.0,793.0,1380.0,872.0,2
985.0,957.0,773.0,1426.0,860.0,2
1043.0,1053.0,707.0,1514.0,959.0,2
929.0,875.0,826.0,1365.0,814.0,2
946.0,898.0,816.0,1377.0,827.0,2
955.0,894.0,818.0,1366.0,804.0,2
1004.0,1012.0,730.0,1460.0,906.0,2
1037.0,1053.0,708.0,1480.0,958.0,2
1066.0,1140.0,670.0,1577.0,1032.0,2
890.0,813.0,898.0,1274.0,772.0,0
843.0,729.0,990.0,1219.0,618.0,0
834.0,716.0,997.0,1205.0,614.0,0
809.0,659.0,1074.0,1161.0,550.0,0
786.0,600.0,1164.0,1132.0,511.0,0
747.0,543.0,1276.0,1100.0,469.0,0
723.0,485.0,1419.0,1065.0,425.0,0
704.0,444.0,1558.0,1050.0,394.0,0
709.0,449.0,1590.0,1055.0,392.0,0
726.0,466.0,1485.0,1066.0,408.0,0
798.0,599.0,1205.0,1141.0,517.0,0
925.0,800.0,908.0,1272.0,750.0,0
906.0,809.0,878.0,1272.0,787.0,0
896.0,809.0,882.0,1257.0,788.0,0
882.0,776.0,932.0,1222.0,760.0,0
948.0,853.0,859.0,1283.0,839.0,2
945.0,886.0,818.0,1307.0,827.0,2
942.0,871.0,832.0,1314.0,765.0,2
943.0,864.0,831.0,1297.0,814.0,2
894.0,810.0,892.0,1258.0,737.0,0
984.0,910.0,795.0,1348.0,875.0,2
1044.0,1022.0,726.0,1454.0,983.0,2
981.0,983.0,759.0,1370.0,942.0,2
1021.0,1001.0,731.0,1415.0,971.0,2
943.0,867.0,834.0,1314.0,891.0,2
863.0,732.0,970.0,1207.0,724.0,0
847.0,698.0,1013.0,1174.0,719.0,0
859.0,698.0,1015.0,1189.0,705.0,0
861.0,712.0,1004.0,1197.0,718.0,0
786.0,602.0,1146.0,1123.0,584.0,0
740.0,506.0,1333.0,1074.0,469.0,0
730.0,483.0,1434.0,1065.0,438.0,0
728.0,475.0,1436.0,1061.0,432.0,0
755.0,517.0,1325.0,1091.0,487.0,0
854.0,663.0,1080.0,1189.0,655.0,0
1079.0,985.0,758.0,1465.0,1009.0,2
1097.0,1103.0,659.0,1520.0,1113.0,2
1024.0,976.0,747.0,1386.0,1030.0,2
990.0,942.0,776.0,1359.0,986.0,2
1013.0,901.0,788.0,1369.0,975.0,2
1051.0,968.0,746.0,1442.0,984.0,2
1052.0,966.0,726.0,1446.0,982.0,2
1141.0,1049.0,675.0,1530.0,1117.0,2
1130.0,1024.0,679.0,1537.0,1177.0,2
1099.0,993.0,711.0,1507.0,1129.0,2
1182.0,1064.0,653.0,1616.0,1217.0,2
1211.0,1135.0,615.0,1682.0,1234.0,2
1340.0,1324.0,537.0,1907.0,1412.0,1
1299.0,1237.0,553.0,1804.0,1350.0,1
1046.0,872.0,769.0,1479.0,968.0,2
949.0,754.0,884.0,1393.0,759.0,0
966.0,756.0,908.0,1363.0,741.0,0
1062.0,887.0,770.0,1473.0,866.0,2
934.0,730.0,906.0,1345.0,757.0,0
862.0,649.0,1046.0,1289.0,675.0,0
823.0,590.0,1125.0,1241.0,624.0,0
839.0,604.0,1097.0,1259.0,605.0,0
879.0,681.0,992.0,1312.0,703.0,0
1095.0,977.0,725.0,1562.0,998.0,2
1359.0,1311.0,544.0,1878.0,1311.0,1
1354.0,1358.0,519.0,1942.0,1403.0,1
1420.0,1405.0,501.0,1941.0,1573.0,1
1265.0,1221.0,578.0,1760.0,1354.0,1
1146.0,1122.0,639.0,1659.0,1131.0,2
1150.0,1149.0,620.0,1676.0,1113.0,2
1282.0,1247.0,560.0,1861.0,1258.0,1
1067.0,1085.0,684.0,1548.0,985.0,2
1185.0,1243.0,603.0,1689.0,1197.0,1
1312.0,1381.0,540.0,1881.0,1402.0,1
1319.0,1426.0,509.0,1938.0,1491.0,1
1255.0,1342.0,539.0,1875.0,1396.0,1
1123.0,1119.0,648.0,1593.0,1198.0,2
1126.0,1045.0,689.0,1523.0,1166.0,2
924.0,766.0,902.0,1357.0,752.0,0
982.0,849.0,853.0,1390.0,717.0,2
936.0,756.0,939.0,1311.0,693.0,0
1069.0,865.0,825.0,1394.0,816.0,2
967.0,785.0,879.0,1326.0,766.0,0
869.0,649.0,1033.0,1249.0,631.0,0
916.0,692.0,986.0,1287.0,683.0,0
886.0,686.0,970.0,1278.0,654.0,0
926.0,747.0,902.0,1325.0,759.0,0
971.0,851.0,808.0,1389.0,876.0,2
1029.0,886.0,807.0,1446.0,926.0,2
1124.0,1057.0,667.0,1569.0,1091.0,2
1063.0,964.0,729.0,1454.0,1045.0,2
1028.0,961.0,756.0,1413.0,928.0,2
944.0,910.0,828.0,1342.0,777.0,2
913.0,857.0,892.0,1275.0,640.0,0
966.0,906.0,819.0,1354.0,741.0,2
833.0,737.0,1021.0,1162.0,483.0,0
891.0,789.0,960.0,1234.0,522.0,0
995.0,927.0,825.0,1320.0,718.0,2
1038.0,929.0,816.0,1332.0,798.0,2
1146.0,1118.0,695.0,1534.0,1174.0,2
1059.0,958.0,787.0,1417.0,891.0,2
1065.0,893.0,819.0,1397.0,799.0,2
1013.0,822.0,855.0,1377.0,855.0,2
942.0,712.0,979.0,1303.0,734.0,0
925.0,735.0,960.0,1284.0,691.0,0
871.0,628.0,1118.0,1228.0,557.0,0
864.0,633.0,1097.0,1259.0,523.0,0
929.0,698.0,991.0,1307.0,610.0,0
912.0,690.0,984.0,1309.0,574.0,0
817.0,602.0,1120.0,1227.0,470.0,0
786.0,558.0,1217.0,1179.0,434.0,0
827.0,595.0,1208.0,1214.0,507.0,0
789.0,604.0,1181.0,1171.0,467.0,0
875.0,754.0,961.0,1296.0,591.0,0
959.0,792.0,913.0,1315.0,717.0,0
969.0,850.0,846.0,1351.0,774.0,2
947.0,821.0,900.0,1302.0,697.0,0
960.0,848.0,866.0,1305.0,701.0,2
1017.0,1020.0,744.0,1478.0,752.0,2
979.0,1057.0,701.0,1473.0,760.0,2
843.0,748.0,999.0,1179.0,505.0,0
877.0,769.0,962.0,1212.0,529.0,0
1053.0,1072.0,733.0,1495.0,832.0,2
1047.0,1037.0,749.0,1429.0,904.0,2
1105.0,1074.0,712.0,1457.0,1050.0,2
1008.0,968.0,783.0,1348.0,1000.0,2
975.0,891.0,814.0,1361.0,911.0,2
954.0,850.0,840.0,1321.0,858.0,2
987.0,904.0,808.0,1344.0,903.0,2
880.0,784.0,922.0,1252.0,781.0,0
856.0,732.0,988.0,1247.0,714.0,0
788.0,614.0,1116.0,1177.0,625.0,0
760.0,555.0,1226.0,1158.0,568.0,0
777.0,570.0,1191.0,1167.0,616.0,0
825.0,661.0,1074.0,1207.0,710.0,0
1011.0,947.0,759.0,1425.0,953.0,2
1237.0,1319.0,576.0,1741.0,1271.0,1
1298.0,1473.0,514.0,1884.0,1447.0,1
1153.0,1230.0,616.0,1565.0,1296.0,2
1101.0,1124.0,646.0,1521.0,1217.0,2
1215.0,1203.0,599.0,1664.0,1341.0,1
1163.0,1179.0,608.0,1641.0,1180.0,2
1285.0,1293.0,549.0,1797.0,1365.0,1
1288.0,1253.0,537.0,1763.0,1410.0,1
1362.0,1334.0,512.0,1862.0,1529.0,1
1405.0,1372.0,497.0,1883.0,1573.0,1
1610.0,1697.0,407.0,2287.0,1810.0,1
1612.0,1745.0,398.0,2357.0,1834.0,1
1520.0,1604.0,436.0,2161.0,1672.0,1
1489.0,1534.0,444.0,2080.0,1686.0,1
1181.0,1124.0,597.0,1606.0,1302.0,2
995.0,898.0,761.0,1409.0,1023.0,2
998.0,875.0,779.0,1380.0,992.0,2
984.0,864.0,788.0,1371.0,960.0,2
1022.0,898.0,746.0,1414.0,955.0,2
951.0,835.0,788.0,1354.0,887.0,2
910.0,773.0,842.0,1303.0,851.0,0
932.0,792.0,818.0,1323.0,903.0,2
974.0,859.0,772.0,1383.0,954.0,2
1117.0,1031.0,669.0,1528.0,1107.0,2
1367.0,1343.0,517.0,1852.0,1442.0,1
1583.0,1726.0,404.0,2316.0,1818.0,1
1526.0,1552.0,441.0,2074.0,1802.0,1
1399.0,1416.0,485.0,1894.0,1671.0,1
1436.0,1435.0,479.0,1911.0,1710.0,1
1455.0,1468.0,474.0,1945.0,1746.0,1
1311.0,1286.0,544.0,1760.0,1495.0,1
1174.0,1097.0,640.0,1596.0,1203.0,2
1242.0,1158.0,602.0,1682.0,1252.0,1
1267.0,1151.0,593.0,1671.0,1528.0,1
1401.0,1326.0,530.0,1887.0,1629.0,1
1428.0,1393.0,490.0,1976.0,1608.0,1
1478.0,1447.0,474.0,2017.0,1664.0,1
1518.0,1483.0,454.0,2098.0,1666.0,1
1468.0,1415.0,470.0,1985.0,1594.0,1
1369.0,1305.0,513.0,1851.0,1421.0,1
1244.0,1141.0,571.0,1671.0,1337.0,1
1217.0,1077.0,603.0,1628.0,1270.0,2
1103.0,979.0,666.0,1520.0,1156.0,2
1118.0,951.0,675.0,1509.0,1124.0,2
1087.0,950.0,684.0,1519.0,1049.0,2
1069.0,931.0,688.0,1508.0,1044.0,2
1112.0,985.0,645.0,1544.0,1109.0,2
1196.0,1086.0,594.0,1659.0,1224.0,2
1522.0,1457.0,458.0,2043.0,1611.0,1
1715.0,1728.0,371.0,2376.0,2004.0,1
1582.0,1459.0,448.0,2036.0,1776.0,1
1494.0,1379.0,467.0,1965.0,1723.0,1
1631.0,1455.0,438.0,2027.0,1916.0,1
1650.0,1506.0,424.0,2093.0,1955.0,1
1640.0,1503.0,431.0,2094.0,1894.0,1
1589.0,1418.0,452.0,2015.0,1823.0,1
1538.0,1362.0,473.0,1924.0,1793.0,1
1597.0,1573.0,424.0,2307.0,1956.0,1
1884.0,1846.0,348.0,2595.0,2203.0,1
1835.0,1770.0,358.0,2474.0,2073.0,1
1759.0,1684.0,373.0,2378.0,1923.0,1
1666.0,1553.0,409.0,2170.0,1780.0,1
1506.0,1360.0,458.0,1944.0,1609.0,1
1378.0,1229.0,511.0,1820.0,1466.0,1
1448.0,1283.0,496.0,1877.0,1504.0,1
1481.0,1359.0,467.0,1957.0,1518.0,1
1289.0,1161.0,552.0,1765.0,1289.0,1
1109.0,951.0,664.0,1570.0,1076.0,2
994.0,812.0,784.0,1453.0,947.0,2
1015.0,839.0,754.0,1473.0,970.0,2
966.0,771.0,830.0,1420.0,900.0,2
1088.0,932.0,706.0,1565.0,1034.0,2
1303.0,1198.0,578.0,1791.0,1235.0,1
1440.0,1412.0,494.0,2016.0,1455.0,1
1392.0,1313.0,517.0,1866.0,1478.0,1
1248.0,1167.0,572.0,1704.0,1393.0,1
1197.0,1058.0,634.0,1626.0,1237.0,2
1357.0,1230.0,542.0,1834.0,1373.0,1
1263.0,1143.0,578.0,1736.0,1310.0,1
1261.0,1148.0,585.0,1733.0,1287.0,1
1382.0,1200.0,539.0,1807.0,1413.0,1
1400.0,1230.0,519.0,1864.0,1483.0,1
1443.0,1322.0,488.0,1933.0,1539.0,1
1630.0,1520.0,427.0,2166.0,1691.0,1
1720.0,1661.0,382.0,2403.0,1846.0,1
1600.0,1492.0,432.0,2160.0,1665.0,1
1525.0,1427.0,450.0,2085.0,1577.0,1
1544.0,1409.0,448.0,2048.0,1603.0,1
1455.0,1357.0,466.0,1964.0,1530.0,1
1203.0,1090.0,593.0,1655.0,1205.0,2
1038.0,895.0,714.0,1474.0,999.0,2
975.0,807.0,788.0,1423.0,904.0,2
917.0,714.0,870.0,1355.0,843.0,0
930.0,741.0,849.0,1392.0,843.0,2
960.0,804.0,802.0,1435.0,886.0,2
982.0,834.0,770.0,1435.0,911.0,2
1359.0,1282.0,541.0,1912.0,1319.0,1
1500.0,1503.0,437.0,2158.0,1927.0,1
1315.0,1261.0,535.0,1830.0,1554.0,1
1307.0,1248.0,525.0,1787.0,1565.0,1
1235.0,1125.0,574.0,1704.0,1462.0,1
1310.0,1194.0,538.0,1781.0,1487.0,1
1459.0,1375.0,467.0,2007.0,1690.0,1
1461.0,1358.0,474.0,2033.0,1603.0,1
1476.0,1352.0,474.0,1996.0,1568.0,1
1612.0,1496.0,429.0,2127.0,1743.0,1
1654.0,1546.0,435.0,2176.0,2007.0,1
1808.0,1771.0,373.0,2486.0,2235.0,1
1681.0,1666.0,397.0,2339.0,1998.0,1
1494.0,1443.0,454.0,2020.0,1795.0,1
1251.0,1107.0,579.0,1657.0,1407.0,1
1132.0,965.0,669.0,1502.0,1211.0,2
1158.0,970.0,664.0,1509.0,1202.0,2
1146.0,983.0,673.0,1518.0,1136.0,2
993.0,813.0,792.0,1413.0,946.0,2
989.0,814.0,800.0,1418.0,915.0,2
943.0,746.0,852.0,1374.0,864.0,2
910.0,712.0,872.0,1341.0,836.0,0
925.0,742.0,876.0,1381.0,842.0,0
1039.0,882.0,724.0,1473.0,1002.0,2
1208.0,1104.0,598.0,1699.0,1165.0,2
1268.0,1179.0,545.0,1753.0,1294.0,1
1353.0,1265.0,507.0,1833.0,1475.0,1
1317.0,1171.0,542.0,1727.0,1436.0,1
1356.0,1187.0,534.0,1738.0,1465.0,1
1414.0,1279.0,504.0,1854.0,1583.0,1
1326.0,1206.0,533.0,1785.0,1432.0,1
1211.0,1067.0,609.0,1608.0,1270.0,2
1324.0,1173.0,564.0,1749.0,1354.0,1
1324.0,1181.0,565.0,1747.0,1318.0,1
1361.0,1189.0,549.0,1776.0,1351.0,1
1475.0,1324.0,490.0,1925.0,1530.0,1
1537.0,1381.0,469.0,2016.0,1615.0,1
1413.0,1231.0,520.0,1853.0,1415.0,1
1229.0,1055.0,607.0,1668.0,1219.0,2
1297.0,1136.0,567.0,1725.0,1307.0,1
1302.0,1088.0,594.0,1639.0,1297.0,1
1347.0,1165.0,573.0,1741.0,1321.0,1
1165.0,1042.0,631.0,1621.0,1133.0,2
1155.0,1012.0,633.0,1577.0,1124.0,2
1050.0,916.0,696.0,1512.0,997.0,2
1035.0,855.0,731.0,1467.0,952.0,2
1057.0,925.0,684.0,1503.0,972.0,2
1029.0,880.0,709.0,1451.0,965.0,2
1037.0,902.0,704.0,1481.0,984.0,2
920.0,755.0,853.0,1359.0,880.0,2
1080.0,891.0,732.0,1477.0,1001.0,2
1152.0,966.0,661.0,1542.0,1137.0,2
1085.0,918.0,721.0,1467.0,1023.0,2
1071.0,882.0,745.0,1431.0,962.0,2
1000.0,807.0,811.0,1376.0,825.0,2
1058.0,875.0,756.0,1421.0,877.0,2
1184.0,983.0,667.0,1537.0,1046.0,2
1189.0,965.0,670.0,1533.0,1060.0,2
1277.0,1043.0,614.0,1631.0,1155.0,2
1482.0,1305.0,503.0,1874.0,1464.0,1
1555.0,1410.0,464.0,1971.0,2185.0,1
1324.0,1168.0,568.0,1716.0,1959.0,1
1015.0,869.0,747.0,1439.0,1375.0,2
1010.0,860.0,768.0,1450.0,1212.0,2
1081.0,938.0,697.0,1517.0,1273.0,2
1071.0,936.0,695.0,1516.0,1249.0,2
1014.0,864.0,745.0,1474.0,1097.0,2
891.0,735.0,878.0,1353.0,933.0,0
874.0,715.0,889.0,1315.0,858.0,0
882.0,729.0,875.0,1319.0,870.0,0
940.0,806.0,800.0,1392.0,1013.0,2
1020.0,866.0,749.0,1440.0,1087.0,2
1316.0,1253.0,527.0,1780.0,1566.0,1
1423.0,1429.0,467.0,1998.0,1631.0,1
1314.0,1262.0,531.0,1754.0,1564.0,1
1317.0,1283.0,518.0,1812.0,1601.0,1
1305.0,1245.0,524.0,1742.0,1539.0,1
1351.0,1298.0,498.0,1821.0,1577.0,1
1438.0,1425.0,451.0,1971.0,1732.0,1
1454.0,1380.0,457.0,1947.0,1672.0,1
1512.0,1441.0,432.0,2034.0,1744.0,1
1584.0,1597.0,392.0,2176.0,1845.0,1
1816.0,1897.0,330.0,2641.0,2164.0,1
1824.0,1862.0,340.0,2567.0,2106.0,1
1744.0,1793.0,352.0,2469.0,2007.0,1
1588.0,1610.0,400.0,2230.0,1791.0,1
1319.0,1273.0,511.0,1806.0,1444.0,1
1313.0,1285.0,505.0,1803.0,1373.0,1
1073.0,1005.0,661.0,1488.0,1110.0,2
1119.0,1056.0,624.0,1562.0,1099.0,2
989.0,900.0,737.0,1401.0,968.0,2
912.0,788.0,822.0,1331.0,847.0,2
904.0,787.0,820.0,1319.0,852.0,2
851.0,726.0,897.0,1277.0,799.0,0
902.0,809.0,835.0,1355.0,834.0,2
981.0,923.0,730.0,1425.0,956.0,2
1267.0,1260.0,572.0,1776.0,1259.0,1
1392.0,1429.0,469.0,1990.0,1494.0,1
1308.0,1285.0,522.0,1781.0,1458.0,1
1313.0,1318.0,511.0,1820.0,1491.0,1
1350.0,1299.0,518.0,1784.0,1560.0,1
1477.0,1471.0,455.0,2031.0,1750.0,1
1409.0,1393.0,484.0,1874.0,1709.0,1
1495.0,1465.0,451.0,2043.0,1786.0,1
1606.0,1573.0,419.0,2165.0,1900.0,1
1669.0,1615.0,404.0,2232.0,1963.0,1
1822.0,1890.0,347.0,2641.0,2161.0,1
1908.0,2007.0,325.0,2775.0,2372.0,1
1664.0,1699.0,385.0,2305.0,2062.0,1
1465.0,1404.0,468.0,1962.0,1736.0,1
1076.0,972.0,691.0,1506.0,1192.0,2
1055.0,895.0,758.0,1468.0,1043.0,2
1075.0,878.0,734.0,1495.0,948.0,2
1135.0,948.0,685.0,1569.0,992.0,2
998.0,799.0,786.0,1435.0,867.0,2
953.0,734.0,861.0,1401.0,825.0,2
926.0,708.0,874.0,1381.0,803.0,0
895.0,656.0,946.0,1343.0,786.0,0
967.0,767.0,833.0,1416.0,866.0,2
1164.0,997.0,641.0,1606.0,1113.0,2
1421.0,1313.0,502.0,1983.0,1384.0,1
1465.0,1515.0,454.0,2119.0,1516.0,1
1189.0,1075.0,614.0,1652.0,1222.0,2
1278.0,1182.0,585.0,1734.0,1354.0,1
1169.0,1144.0,611.0,1666.0,1291.0,2
1214.0,1203.0,580.0,1739.0,1308.0,1
1351.0,1345.0,502.0,1923.0,1420.0,1
1340.0,1256.0,537.0,1842.0,1297.0,1
1157.0,1131.0,623.0,1675.0,1157.0,2
1118.0,1096.0,647.0,1649.0,1130.0,2
1150.0,1173.0,608.0,1711.0,1195.0,2
1247.0,1315.0,544.0,1874.0,1341.0,1
1194.0,1198.0,587.0,1732.0,1228.0,1
1184.0,1157.0,586.0,1685.0,1273.0,2
990.0,898.0,748.0,1442.0,1006.0,2
933.0,803.0,842.0,1369.0,898.0,2
968.0,858.0,796.0,1388.0,894.0,2
861.0,735.0,925.0,1287.0,789.0,0
904.0,774.0,878.0,1329.0,805.0,0
866.0,734.0,899.0,1299.0,770.0,0
881.0,724.0,913.0,1277.0,776.0,0
838.0,700.0,936.0,1268.0,744.0,0
905.0,776.0,851.0,1327.0,825.0,0
1055.0,977.0,703.0,1506.0,1013.0,2
1328.0,1296.0,527.0,1829.0,1341.0,1
1401.0,1449.0,477.0,1969.0,1528.0,1
1291.0,1296.0,529.0,1752.0,1432.0,1
1316.0,1314.0,526.0,1780.0,1499.0,1
1116.0,1057.0,639.0,1532.0,1236.0,2
1139.0,1088.0,625.0,1580.0,1180.0,2
1165.0,1131.0,609.0,1640.0,1196.0,2
1260.0,1224.0,571.0,1731.0,1301.0,1
1475.0,1451.0,455.0,1991.0,1646.0,1
1521.0,1470.0,446.0,1977.0,1720.0,1
1633.0,1671.0,398.0,2271.0,1852.0,1
1463.0,1508.0,468.0,2092.0,1670.0,1
1140.0,1122.0,619.0,1602.0,1208.0,2
1147.0,1065.0,651.0,1562.0,1160.0,2
988.0,839.0,805.0,1382.0,937.0,2
924.0,754.0,890.0,1327.0,783.0,0
950.0,782.0,862.0,1331.0,807.0,2
926.0,727.0,925.0,1326.0,729.0,0
879.0,645.0,1023.0,1288.0,612.0,0
864.0,621.0,1073.0,1286.0,574.0,0
868.0,596.0,1092.0,1276.0,579.0,0
894.0,636.0,1010.0,1308.0,687.0,0
1009.0,816.0,799.0,1430.0,856.0,2
1069.0,889.0,738.0,1469.0,976.0,2
1311.0,1178.0,574.0,1769.0,1208.0,1
1370.0,1372.0,485.0,1945.0,1400.0,1
1246.0,1197.0,566.0,1746.0,1278.0,1
1039.0,917.0,735.0,1467.0,934.0,2
1296.0,1113.0,604.0,1736.0,1073.0,2
1523.0,1428.0,458.0,2114.0,1363.0,1
1424.0,1361.0,484.0,1983.0,1346.0,1
1513.0,1457.0,463.0,2125.0,1393.0,1
1338.0,1244.0,558.0,1847.0,1255.0,1
1214.0,1113.0,616.0,1664.0,1213.0,2
1290.0,1253.0,550.0,1807.0,1332.0,1
1353.0,1323.0,519.0,1860.0,1430.0,1
1130.0,1082.0,647.0,1591.0,1102.0,2
969.0,843.0,828.0,1375.0,895.0,2
1038.0,856.0,801.0,1415.0,905.0,2
1020.0,869.0,793.0,1410.0,869.0,2
1097.0,944.0,716.0,1489.0,982.0,2
1123.0,973.0,690.0,1520.0,999.0,2
1023.0,851.0,782.0,1413.0,881.0,2
1015.0,833.0,786.0,1400.0,868.0,2
979.0,805.0,809.0,1383.0,843.0,2
931.0,784.0,826.0,1372.0,833.0,2
922.0,783.0,857.0,1367.0,825.0,2
989.0,891.0,762.0,1453.0,901.0,2
1149.0,1103.0,622.0,1662.0,1090.0,2
1202.0,1160.0,585.0,1723.0,1165.0,2
1206.0,1131.0,592.0,1675.0,1201.0,2
1224.0,1126.0,596.0,1656.0,1231.0,2
1371.0,1305.0,521.0,1845.0,1461.0,1
1327.0,1259.0,539.0,1826.0,1434.0,1
1301.0,1218.0,553.0,1806.0,1399.0,1
1301.0,1208.0,560.0,1781.0,1417.0,1
1314.0,1191.0,564.0,1777.0,1395.0,1
1394.0,1272.0,526.0,1869.0,1442.0,1
1385.0,1260.0,528.0,1850.0,1425.0,1
1440.0,1362.0,486.0,1968.0,1496.0,1
1493.0,1437.0,470.0,2015.0,1551.0,1
1319.0,1230.0,551.0,1785.0,1381.0,1
1187.0,1110.0,612.0,1658.0,1229.0,2
1119.0,984.0,688.0,1539.0,1082.0,2
1100.0,924.0,744.0,1494.0,963.0,2
1076.0,895.0,757.0,1492.0,939.0,2
972.0,799.0,833.0,1425.0,825.0,2
973.0,828.0,818.0,1445.0,811.0,2
918.0,742.0,905.0,1386.0,720.0,0
844.0,630.0,1035.0,1320.0,627.0,0
817.0,588.0,1134.0,1310.0,589.0,0
791.0,519.0,1291.0,1295.0,540.0,0
819.0,537.0,1264.0,1315.0,551.0,0
972.0,743.0,944.0,1477.0,742.0,0
997.0,797.0,812.0,1470.0,824.0,2
1194.0,1000.0,653.0,1642.0,1059.0,2
1240.0,1014.0,628.0,1643.0,1144.0,2
1117.0,922.0,717.0,1585.0,994.0,2
1141.0,932.0,689.0,1595.0,1014.0,2
1062.0,880.0,719.0,1580.0,924.0,2
1160.0,1036.0,622.0,1727.0,1023.0,2
1169.0,983.0,672.0,1633.0,1033.0,2
1185.0,1006.0,666.0,1638.0,1065.0,2
1571.0,1559.0,440.0,2277.0,1516.0,1
1464.0,1362.0,487.0,1987.0,1648.0,1
1423.0,1314.0,508.0,1912.0,1466.0,1
1318.0,1226.0,543.0,1848.0,1365.0,1
1229.0,1114.0,598.0,1723.0,1247.0,1
1187.0,1105.0,611.0,1700.0,1183.0,2
1353.0,1176.0,584.0,1723.0,2150.0,1
1407.0,1235.0,548.0,1780.0,2519.0,1
1333.0,1201.0,552.0,1767.0,1925.0,1
1269.0,1181.0,559.0,1756.0,1762.0,1
1253.0,1206.0,540.0,1779.0,1579.0,1
1212.0,1149.0,562.0,1710.0,1599.0,1
1061.0,962.0,679.0,1554.0,1395.0,2
1028.0,890.0,733.0,1525.0,1323.0,2
1067.0,928.0,711.0,1564.0,1309.0,2
1111.0,970.0,667.0,1594.0,1441.0,2
1189.0,1065.0,609.0,1683.0,1830.0,1
1293.0,1114.0,584.0,1702.0,1704.0,1
1285.0,1065.0,597.0,1686.0,1576.0,1
1236.0,1011.0,631.0,1706.0,1305.0,2
1082.0,834.0,747.0,1562.0,991.0,2
1188.0,954.0,664.0,1636.0,1148.0,2
1348.0,1157.0,564.0,1810.0,1307.0,1
1394.0,1193.0,547.0,1811.0,1386.0,1
1472.0,1290.0,510.0,1942.0,1420.0,1
1291.0,1174.0,567.0,1746.0,1341.0,1
1264.0,1133.0,593.0,1750.0,1258.0,1
1264.0,1138.0,579.0,1733.0,1245.0,1
1260.0,1160.0,568.0,1755.0,1231.0,1
1184.0,1084.0,612.0,1674.0,1151.0,2
1122.0,996.0,660.0,1586.0,1048.0,2
983.0,881.0,752.0,1472.0,928.0,2
885.0,753.0,878.0,1374.0,813.0,0
825.0,661.0,987.0,1334.0,753.0,0
791.0,627.0,1069.0,1306.0,709.0,0
802.0,636.0,1016.0,1289.0,721.0,0
804.0,652.0,1054.0,1294.0,710.0,0
1014.0,927.0,747.0,1497.0,951.0,2
1316.0,1317.0,538.0,1860.0,1336.0,1
1296.0,1435.0,504.0,1899.0,1489.0,1
1381.0,1394.0,495.0,1911.0,1558.0,1
1570.0,1617.0,426.0,2170.0,1944.0,1
1426.0,1445.0,477.0,1970.0,1782.0,1
1535.0,1578.0,440.0,2125.0,1921.0,1
1678.0,1727.0,390.0,2318.0,2039.0,1
1605.0,1603.0,415.0,2199.0,1912.0,1
1559.0,1586.0,421.0,2197.0,1827.0,1
1713.0,1728.0,390.0,2386.0,1919.0,1
1751.0,1853.0,358.0,2496.0,2013.0,1
1723.0,1869.0,359.0,2563.0,1919.0,1
1778.0,1935.0,349.0,2643.0,1927.0,1
1461.0,1529.0,450.0,2111.0,1573.0,1
1258.0,1272.0,541.0,1804.0,1325.0,1
1138.0,1113.0,610.0,1641.0,1203.0,2
936.0,849.0,798.0,1381.0,947.0,2
1167.0,1090.0,626.0,1620.0,1106.0,2
1071.0,1003.0,665.0,1542.0,1045.0,2
866.0,717.0,909.0,1328.0,827.0,0
836.0,647.0,985.0,1271.0,777.0,0
823.0,630.0,1033.0,1253.0,748.0,0
890.0,727.0,917.0,1290.0,833.0,0
1019.0,901.0,750.0,1438.0,960.0,2
1177.0,1166.0,621.0,1667.0,1157.0,2
1348.0,1398.0,505.0,1847.0,1444.0,1
1341.0,1323.0,516.0,1786.0,1522.0,1
1307.0,1278.0,527.0,1767.0,1452.0,1
1305.0,1287.0,525.0,1771.0,1437.0,1
1177.0,1090.0,612.0,1632.0,1209.0,2
1192.0,1085.0,617.0,1638.0,1170.0,2
1214.0,1080.0,611.0,1642.0,1190.0,2
1240.0,1152.0,575.0,1699.0,1278.0,1
1271.0,1188.0,563.0,1703.0,1305.0,1
1333.0,1312.0,520.0,1853.0,1364.0,1
1390.0,1414.0,487.0,1959.0,1428.0,1
1266.0,1261.0,541.0,1807.0,1285.0,1
1140.0,1072.0,626.0,1597.0,1143.0,2
1240.0,1168.0,582.0,1714.0,1235.0,1
1187.0,1122.0,589.0,1641.0,1208.0,2
1043.0,975.0,675.0,1489.0,1041.0,2
948.0,826.0,802.0,1382.0,897.0,2
955.0,775.0,831.0,1362.0,862.0,2
915.0,721.0,891.0,1315.0,816.0,0
832.0,644.0,990.0,1239.0,747.0,0
846.0,628.0,1025.0,1218.0,727.0,0
897.0,750.0,874.0,1270.0,799.0,0
908.0,767.0,868.0,1272.0,807.0,0
1348.0,1357.0,526.0,1833.0,1324.0,1
1384.0,1386.0,504.0,1833.0,1404.0,1
1473.0,1463.0,462.0,1948.0,1605.0,1
1360.0,1287.0,517.0,1755.0,1478.0,1
1305.0,1223.0,545.0,1720.0,1414.0,1
1337.0,1302.0,507.0,1786.0,1465.0,1
1414.0,1414.0,478.0,1896.0,1588.0,1
1463.0,1417.0,467.0,1900.0,1651.0,1
1530.0,1425.0,457.0,1975.0,1652.0,1
1915.0,1889.0,340.0,2603.0,2110.0,1
1882.0,1920.0,328.0,2609.0,2204.0,1
1589.0,1619.0,406.0,2216.0,1780.0,1
1463.0,1484.0,443.0,2011.0,1590.0,1
1380.0,1345.0,493.0,1856.0,1419.0,1
1383.0,1332.0,495.0,1855.0,1415.0,1
1181.0,1094.0,600.0,1599.0,1180.0,2
1061.0,931.0,699.0,1481.0,1015.0,2
1091.0,945.0,698.0,1467.0,1014.0,2
1010.0,884.0,719.0,1430.0,938.0,2
868.0,688.0,922.0,1249.0,777.0,0
852.0,639.0,1009.0,1204.0,723.0,0
826.0,601.0,1056.0,1180.0,702.0,0
862.0,677.0,973.0,1192.0,725.0,0
951.0,800.0,803.0,1257.0,836.0,2
1210.0,1188.0,583.0,1575.0,1129.0,2
1601.0,1727.0,389.0,2252.0,1718.0,1
1477.0,1443.0,469.0,1878.0,1646.0,1
1458.0,1408.0,471.0,1889.0,1664.0,1
1354.0,1321.0,504.0,1799.0,1496.0,1
1385.0,1354.0,490.0,1823.0,1506.0,1
1460.0,1430.0,466.0,1932.0,1604.0,1
1492.0,1463.0,460.0,1935.0,1632.0,1
1569.0,1547.0,435.0,2016.0,1736.0,1
1870.0,1871.0,351.0,2483.0,2165.0,1
1774.0,1829.0,359.0,2457.0,2152.0,1
1388.0,1363.0,485.0,1815.0,1556.0,1
1303.0,1177.0,562.0,1619.0,1389.0,1
1257.0,1126.0,581.0,1599.0,1300.0,1
1132.0,1002.0,640.0,1474.0,1126.0,2
1050.0,881.0,732.0,1363.0,982.0,2
1033.0,842.0,756.0,1362.0,941.0,2
1106.0,938.0,685.0,1395.0,1010.0,2
1107.0,940.0,689.0,1403.0,985.0,2
1011.0,856.0,769.0,1341.0,889.0,2
916.0,726.0,879.0,1248.0,791.0,0
852.0,641.0,1012.0,1172.0,710.0,0
889.0,694.0,913.0,1198.0,743.0,0
1002.0,828.0,798.0,1307.0,857.0,2
1231.0,1134.0,587.0,1572.0,1143.0,2
1212.0,1191.0,551.0,1586.0,1210.0,2
1121.0,1012.0,650.0,1436.0,1060.0,2
1260.0,1121.0,568.0,1569.0,1252.0,2
1391.0,1214.0,518.0,1691.0,1435.0,1
1463.0,1280.0,482.0,1794.0,1544.0,1
1464.0,1321.0,475.0,1794.0,1600.0,1
1412.0,1230.0,516.0,1672.0,1534.0,1
1450.0,1292.0,495.0,1768.0,1495.0,1
1416.0,1283.0,510.0,1739.0,1442.0,1
1346.0,1211.0,540.0,1674.0,1340.0,1
1273.0,1137.0,586.0,1563.0,1231.0,2
1206.0,1049.0,634.0,1484.0,1128.0,2
1252.0,1094.0,615.0,1526.0,1188.0,2
1069.0,897.0,729.0,1364.0,998.0,2
1061.0,895.0,737.0,1359.0,944.0,2
1072.0,880.0,767.0,1318.0,928.0,2
1075.0,917.0,737.0,1354.0,1037.0,2
992.0,853.0,796.0,1305.0,930.0,2
914.0,741.0,891.0,1210.0,803.0,0
854.0,700.0,980.0,1151.0,665.0,0
774.0,591.0,1151.0,1044.0,533.0,0
757.0,542.0,1339.0,1004.0,449.0,0
752.0,516.0,1370.0,997.0,440.0,0
757.0,551.0,1295.0,967.0,453.0,0
777.0,580.0,1263.0,963.0,465.0,0
774.0,583.0,1246.0,966.0,457.0,0
805.0,632.0,1176.0,1033.0,475.0,0
838.0,686.0,1083.0,1046.0,532.0,0
824.0,695.0,1091.0,1035.0,526.0,0
812.0,704.0,1055.0,1044.0,520.0,0
806.0,702.0,1052.0,1035.0,500.0,0
789.0,675.0,1121.0,974.0,482.0,0
821.0,713.0,1067.0,1030.0,539.0,0
1024.0,1127.0,704.0,1346.0,943.0,2
1009.0,995.0,784.0,1201.0,1016.0,2
1064.0,1055.0,738.0,1242.0,1063.0,2
1001.0,1029.0,733.0,1255.0,1034.0,2
927.0,868.0,847.0,1155.0,864.0,2
819.0,613.0,1118.0,1060.0,500.0,0
847.0,630.0,1057.0,1091.0,537.0,0
798.0,621.0,1115.0,1041.0,524.0,0
757.0,561.0,1192.0,998.0,457.0,0
703.0,446.0,1523.0,918.0,360.0,0
689.0,407.0,1757.0,895.0,333.0,0
698.0,424.0,1665.0,903.0,339.0,0
720.0,458.0,1536.0,917.0,358.0,0
797.0,593.0,1212.0,984.0,494.0,0
950.0,875.0,850.0,1179.0,828.0,2
887.0,809.0,899.0,1111.0,769.0,0
850.0,755.0,966.0,1051.0,714.0,0
836.0,740.0,987.0,1046.0,672.0,0
827.0,768.0,972.0,1040.0,671.0,0
819.0,810.0,947.0,1027.0,631.0,0
919.0,978.0,820.0,1180.0,805.0,2
897.0,890.0,850.0,1139.0,808.0,0
973.0,1023.0,780.0,1226.0,964.0,2
1065.0,1211.0,669.0,1364.0,1188.0,2
1341.0,1575.0,503.0,1778.0,1571.0,1
1303.0,1524.0,515.0,1744.0,1580.0,1
1189.0,1381.0,566.0,1574.0,1426.0,1
1054.0,1106.0,679.0,1297.0,1239.0,2
943.0,900.0,816.0,1129.0,1064.0,2
903.0,872.0,855.0,1108.0,987.0,2
858.0,760.0,940.0,1049.0,873.0,0
821.0,696.0,1032.0,1013.0,783.0,0
781.0,645.0,1088.0,986.0,719.0,0
741.0,580.0,1224.0,952.0,660.0,0
720.0,540.0,1296.0,938.0,613.0,0
733.0,574.0,1238.0,964.0,627.0,0
780.0,666.0,1099.0,1003.0,697.0,0
915.0,873.0,873.0,1135.0,915.0,0
1228.0,1362.0,575.0,1543.0,1399.0,1
1239.0,1373.0,550.0,1593.0,1495.0,1
1209.0,1255.0,588.0,1447.0,1499.0,1
1257.0,1308.0,548.0,1466.0,1720.0,1
1007.0,1000.0,727.0,1197.0,1210.0,2
1020.0,1041.0,733.0,1245.0,1123.0,2
1094.0,1144.0,669.0,1327.0,1209.0,2
1045.0,1087.0,712.0,1270.0,1144.0,2
909.0,879.0,874.0,1083.0,847.0,0
1013.0,905.0,816.0,1201.0,923.0,2
1236.0,1206.0,615.0,1523.0,1166.0,2
1275.0,1294.0,570.0,1605.0,1280.0,1
1237.0,1194.0,615.0,1508.0,1193.0,2
1101.0,963.0,748.0,1320.0,966.0,2
962.0,778.0,911.0,1162.0,752.0,0
841.0,680.0,1052.0,1067.0,594.0,0
831.0,620.0,1164.0,1039.0,545.0,0
843.0,622.0,1146.0,1060.0,555.0,0
798.0,600.0,1151.0,1049.0,543.0,0
730.0,477.0,1433.0,950.0,420.0,0
715.0,445.0,1601.0,925.0,373.0,0
726.0,443.0,1663.0,942.0,363.0,0
771.0,490.0,1419.0,990.0,411.0,0
805.0,555.0,1255.0,1019.0,496.0,0
958.0,803.0,910.0,1172.0,738.0,0
1021.0,959.0,760.0,1297.0,910.0,2
969.0,843.0,857.0,1213.0,821.0,2
923.0,733.0,962.0,1124.0,740.0,0
973.0,850.0,868.0,1213.0,852.0,2
996.0,893.0,808.0,1237.0,895.0,2
1055.0,1007.0,736.0,1301.0,1019.0,2
1023.0,971.0,752.0,1283.0,993.0,2
1039.0,1024.0,721.0,1325.0,1043.0,2
1051.0,1061.0,696.0,1333.0,1111.0,2
1050.0,1070.0,699.0,1334.0,1087.0,2
1156.0,1209.0,614.0,1467.0,1250.0,2
1277.0,1335.0,551.0,1636.0,1331.0,1
1172.0,1159.0,621.0,1461.0,1243.0,2
1048.0,973.0,731.0,1298.0,1074.0,2
1144.0,1096.0,643.0,1394.0,1258.0,2
1104.0,1023.0,677.0,1314.0,1189.0,2
1038.0,957.0,713.0,1271.0,1092.0,2
960.0,838.0,797.0,1189.0,996.0,2
934.0,787.0,822.0,1147.0,974.0,2
930.0,784.0,850.0,1151.0,902.0,0
918.0,778.0,864.0,1136.0,859.0,0
952.0,814.0,804.0,1153.0,970.0,2
1019.0,905.0,757.0,1244.0,1062.0,2
1287.0,1218.0,580.0,1580.0,1304.0,1
1578.0,1605.0,429.0,2032.0,1643.0,1
1417.0,1407.0,490.0,1709.0,1488.0,1
1392.0,1325.0,511.0,1631.0,1465.0,1
1147.0,1073.0,628.0,1415.0,1198.0,2
1150.0,1105.0,629.0,1450.0,1160.0,2
1252.0,1240.0,564.0,1614.0,1277.0,1
1186.0,1125.0,617.0,1493.0,1171.0,2
1172.0,1107.0,629.0,1449.0,1106.0,2
1109.0,1021.0,689.0,1361.0,1036.0,2
1201.0,1196.0,597.0,1546.0,1196.0,2
1189.0,1183.0,603.0,1534.0,1170.0,2
1282.0,1312.0,551.0,1671.0,1312.0,1
1207.0,1203.0,625.0,1570.0,1251.0,2
904.0,754.0,930.0,1172.0,805.0,0
900.0,711.0,975.0,1153.0,736.0,0
932.0,740.0,926.0,1180.0,774.0,0
968.0,785.0,872.0,1209.0,826.0,0
827.0,610.0,1092.0,1120.0,636.0,0
789.0,515.0,1276.0,1054.0,516.0,0
812.0,549.0,1213.0,1079.0,531.0,0
811.0,559.0,1170.0,1085.0,558.0,0
827.0,560.0,1169.0,1087.0,565.0,0
849.0,604.0,1086.0,1108.0,604.0,0
1001.0,798.0,855.0,1257.0,794.0,2
1021.0,896.0,741.0,1314.0,907.0,2
978.0,831.0,807.0,1257.0,838.0,2
996.0,855.0,793.0,1277.0,884.0,2
1014.0,843.0,791.0,1297.0,866.0,2
1061.0,928.0,730.0,1366.0,909.0,2
1092.0,975.0,690.0,1418.0,990.0,2
1129.0,1028.0,661.0,1480.0,1050.0,2
1077.0,969.0,690.0,1405.0,1023.0,2
1153.0,1079.0,635.0,1496.0,1103.0,2
1234.0,1197.0,575.0,1597.0,1239.0,1
1319.0,1319.0,539.0,1735.0,1384.0,1
1251.0,1264.0,561.0,1677.0,1289.0,1
1165.0,1070.0,650.0,1467.0,1180.0,2
954.0,807.0,833.0,1243.0,855.0,2
971.0,818.0,828.0,1252.0,857.0,2
961.0,765.0,865.0,1212.0,811.0,0
952.0,758.0,876.0,1203.0,794.0,0
875.0,635.0,1037.0,1133.0,612.0,0
891.0,633.0,1035.0,1137.0,590.0,0
1006.0,765.0,848.0,1239.0,807.0,2
907.0,691.0,927.0,1173.0,702.0,0
938.0,702.0,904.0,1185.0,753.0,0
925.0,672.0,991.0,1154.0,709.0,0
1157.0,967.0,678.0,1365.0,1087.0,2
1169.0,1003.0,665.0,1409.0,1126.0,2
1312.0,1139.0,565.0,1568.0,1386.0,1
1347.0,1227.0,539.0,1627.0,1476.0,1
1321.0,1224.0,543.0,1617.0,1424.0,1
1267.0,1118.0,592.0,1503.0,1310.0,2
1234.0,1053.0,639.0,1476.0,1114.0,2
1101.0,947.0,699.0,1374.0,1029.0,2
1149.0,998.0,664.0,1434.0,1101.0,2
1094.0,941.0,695.0,1371.0,1040.0,2
1056.0,878.0,758.0,1308.0,856.0,2
1030.0,899.0,767.0,1275.0,836.0,2
1075.0,943.0,752.0,1305.0,894.0,2
927.0,748.0,888.0,1157.0,696.0,0
793.0,570.0,1143.0,1036.0,524.0,0
796.0,589.0,1136.0,1026.0,506.0,0
780.0,568.0,1190.0,997.0,453.0,0
774.0,569.0,1222.0,984.0,434.0,0
718.0,500.0,1401.0,914.0,373.0,0
705.0,478.0,1546.0,885.0,330.0,0
689.0,470.0,1643.0,863.0,305.0,0
678.0,427.0,1771.0,853.0,286.0,0
655.0,402.0,2077.0,814.0,268.0,0
649.0,397.0,2062.0,798.0,261.0,0
647.0,412.0,1964.0,779.0,274.0,0
667.0,429.0,1793.0,790.0,291.0,0
669.0,444.0,1664.0,791.0,304.0,0
667.0,455.0,1716.0,786.0,301.0,0
705.0,508.0,1494.0,820.0,329.0,0
710.0,523.0,1479.0,827.0,350.0,0
713.0,539.0,1593.0,829.0,380.0,0
703.0,512.0,2121.0,837.0,356.0,0
738.0,529.0,1991.0,876.0,383.0,0
795.0,569.0,1773.0,959.0,429.0,0
861.0,750.0,1481.0,1051.0,556.0,0
836.0,653.0,1798.0,978.0,537.0,0
812.0,652.0,1586.0,964.0,554.0,0
771.0,642.0,1678.0,915.0,518.0,0
711.0,556.0,1938.0,840.0,416.0,0
741.0,607.0,1312.0,865.0,433.0,0
696.0,532.0,1416.0,814.0,393.0,0
692.0,507.0,1483.0,811.0,353.0,0
679.0,449.0,1666.0,800.0,314.0,0
676.0,429.0,1750.0,803.0,296.0,0
681.0,428.0,1768.0,817.0,297.0,0
683.0,426.0,1775.0,805.0,302.0,0
704.0,478.0,1498.0,821.0,348.0,0
767.0,588.0,1292.0,885.0,508.0,0
964.0,928.0,871.0,1130.0,936.0,2
925.0,923.0,841.0,1115.0,944.0,2
883.0,849.0,910.0,1053.0,843.0,0
894.0,820.0,932.0,1072.0,820.0,0
881.0,831.0,911.0,1074.0,793.0,0
867.0,842.0,909.0,1077.0,737.0,0
856.0,821.0,937.0,1043.0,718.0,0
862.0,843.0,930.0,1032.0,743.0,0
891.0,891.0,874.0,1077.0,848.0,0
931.0,1032.0,795.0,1098.0,991.0,2
1025.0,1202.0,691.0,1263.0,1191.0,2
1029.0,1198.0,694.0,1305.0,1169.0,2
1038.0,1190.0,685.0,1291.0,1167.0,2
904.0,924.0,846.0,1083.0,966.0,2
844.0,782.0,969.0,1003.0,796.0,0
839.0,711.0,1029.0,990.0,712.0,0
844.0,705.0,1035.0,986.0,701.0,0
800.0,641.0,1113.0,957.0,591.0,0
786.0,596.0,1178.0,937.0,609.0,0
737.0,492.0,1391.0,880.0,467.0,0
732.0,472.0,1461.0,866.0,391.0,0
737.0,468.0,1481.0,869.0,395.0,0
778.0,517.0,1330.0,890.0,510.0,0
867.0,669.0,1069.0,981.0,779.0,0
1248.0,1197.0,641.0,1405.0,1395.0,2
1389.0,1463.0,518.0,1694.0,1706.0,1
1184.0,1193.0,626.0,1327.0,1479.0,2
1160.0,1165.0,655.0,1325.0,1403.0,2
982.0,1003.0,1037.0,1117.0,1072.0,2
948.0,1017.0,1065.0,1077.0,929.0,0
1017.0,1039.0,769.0,1149.0,1024.0,2
985.0,1011.0,779.0,1138.0,1010.0,2
1017.0,1029.0,768.0,1160.0,1046.0,2
1121.0,1190.0,673.0,1297.0,1264.0,2
1129.0,1255.0,634.0,1370.0,1365.0,2
1101.0,1134.0,683.0,1283.0,1281.0,2
1182.0,1175.0,637.0,1363.0,1463.0,2
1144.0,1091.0,671.0,1295.0,1388.0,2
1046.0,890.0,791.0,1109.0,1195.0,2
990.0,817.0,849.0,1071.0,1111.0,2
974.0,764.0,910.0,1029.0,992.0,0
953.0,778.0,885.0,1051.0,1019.0,0
868.0,647.0,1054.0,962.0,828.0,0
833.0,574.0,1150.0,930.0,752.0,0
786.0,522.0,1253.0,910.0,699.0,0
834.0,551.0,1193.0,917.0,719.0,0
845.0,583.0,1132.0,929.0,761.0,0
929.0,713.0,987.0,1002.0,830.0,0
1234.0,1161.0,629.0,1386.0,1318.0,2
1270.0,1267.0,565.0,1434.0,1482.0,1
1241.0,1135.0,622.0,1280.0,1474.0,2
1268.0,1180.0,593.0,1323.0,1632.0,1
1248.0,1131.0,615.0,1296.0,1592.0,1
1317.0,1269.0,554.0,1446.0,1679.0,1
1308.0,1306.0,553.0,1471.0,1670.0,1
1321.0,1281.0,557.0,1442.0,1650.0,1
1360.0,1325.0,535.0,1513.0,1692.0,1
1659.0,1685.0,423.0,1946.0,2155.0,1
1802.0,1924.0,356.0,2235.0,2452.0,1
1549.0,1553.0,446.0,1796.0,2032.0,1
1407.0,1351.0,516.0,1557.0,1751.0,1
1374.0,1268.0,536.0,1531.0,1675.0,1
1127.0,948.0,703.0,1188.0,1312.0,2
1096.0,860.0,777.0,1131.0,1179.0,2
1119.0,908.0,735.0,1173.0,1197.0,2
999.0,771.0,864.0,1068.0,995.0,2
987.0,794.0,852.0,1106.0,971.0,2
912.0,685.0,934.0,1050.0,876.0,0
893.0,701.0,935.0,1045.0,844.0,0
878.0,687.0,964.0,1035.0,813.0,0
996.0,841.0,797.0,1127.0,1005.0,2
1119.0,974.0,710.0,1224.0,1170.0,2
1407.0,1339.0,531.0,1584.0,1533.0,1
1503.0,1498.0,469.0,1749.0,1783.0,1
1446.0,1374.0,499.0,1560.0,1818.0,1
1416.0,1302.0,526.0,1471.0,1826.0,1
1448.0,1288.0,518.0,1506.0,1839.0,1
1282.0,1111.0,586.0,1455.0,1428.0,1
1271.0,1157.0,572.0,1483.0,1353.0,1
1321.0,1178.0,552.0,1539.0,1491.0,1
1362.0,1223.0,535.0,1597.0,1517.0,1
1316.0,1228.0,540.0,1610.0,1413.0,1
1374.0,1307.0,521.0,1709.0,1429.0,1
1388.0,1367.0,500.0,1722.0,1503.0,1
1422.0,1432.0,474.0,1852.0,1636.0,1
1281.0,1216.0,548.0,1604.0,1687.0,1
1192.0,1040.0,640.0,1441.0,1405.0,2
1108.0,945.0,692.0,1355.0,1199.0,2
1071.0,885.0,740.0,1298.0,1090.0,2
999.0,793.0,817.0,1242.0,898.0,2
925.0,670.0,940.0,1173.0,663.0,0
886.0,608.0,1013.0,1143.0,611.0,0
888.0,590.0,1009.0,1152.0,625.0,0
863.0,531.0,1097.0,1095.0,606.0,0
870.0,550.0,1126.0,1078.0,515.0,0
1043.0,776.0,800.0,1248.0,826.0,2
1478.0,1310.0,492.0,1775.0,1542.0,1
1436.0,1371.0,458.0,1808.0,1626.0,1
1354.0,1201.0,529.0,1593.0,1538.0,1
1290.0,1110.0,571.0,1512.0,1441.0,1
1203.0,1043.0,617.0,1470.0,1217.0,2
1298.0,1156.0,549.0,1582.0,1320.0,1
1352.0,1236.0,522.0,1659.0,1368.0,1
1247.0,1142.0,574.0,1547.0,1199.0,2
1375.0,1247.0,531.0,1650.0,1375.0,1
1553.0,1414.0,455.0,1851.0,1682.0,1
1521.0,1430.0,449.0,1907.0,1761.0,1
1623.0,1547.0,414.0,2040.0,1883.0,1
1510.0,1501.0,456.0,1901.0,1855.0,1
837.0,835.0,896.0,960.0,1078.0,0
667.0,689.0,1210.0,709.0,620.0,0
695.0,711.0,1193.0,739.0,645.0,0
683.0,686.0,1240.0,702.0,627.0,0
695.0,709.0,1236.0,717.0,645.0,0
703.0,685.0,1218.0,734.0,641.0,0
698.0,614.0,1286.0,718.0,591.0,0
714.0,605.0,1278.0,738.0,594.0,0
692.0,546.0,1347.0,697.0,500.0,0
729.0,639.0,1234.0,773.0,628.0,0
880.0,812.0,928.0,954.0,1040.0,0
974.0,1019.0,769.0,1122.0,1159.0,2
1086.0,1157.0,674.0,1237.0,1330.0,2
1087.0,1213.0,668.0,1216.0,1402.0,2
933.0,990.0,849.0,956.0,1104.0,2
852.0,919.0,967.0,831.0,855.0,0
882.0,993.0,902.0,941.0,862.0,0
888.0,1009.0,866.0,937.0,973.0,2
878.0,1000.0,880.0,942.0,936.0,0
892.0,1018.0,879.0,931.0,1009.0,2
1117.0,1327.0,692.0,1302.0,1475.0,2
1252.0,1359.0,604.0,1380.0,1765.0,1
1012.0,999.0,785.0,1057.0,1329.0,2
1025.0,916.0,832.0,1018.0,1262.0,2
1033.0,881.0,855.0,999.0,1230.0,2
1008.0,861.0,858.0,991.0,1229.0,2
992.0,867.0,876.0,997.0,1196.0,2
1187.0,1114.0,700.0,1193.0,1433.0,2
1065.0,968.0,808.0,1059.0,1249.0,2
889.0,760.0,968.0,919.0,983.0,0
901.0,767.0,961.0,944.0,965.0,0
875.0,795.0,928.0,965.0,932.0,0
808.0,636.0,1120.0,862.0,770.0,0
858.0,633.0,1136.0,878.0,788.0,0
819.0,690.0,1051.0,907.0,819.0,0
862.0,757.0,983.0,938.0,879.0,0
877.0,793.0,944.0,951.0,924.0,0
941.0,832.0,914.0,970.0,964.0,0
983.0,846.0,871.0,996.0,1055.0,2
1067.0,981.0,755.0,1104.0,1383.0,2
1100.0,1022.0,752.0,1101.0,1367.0,2
958.0,928.0,841.0,986.0,1120.0,2
866.0,763.0,1018.0,859.0,775.0,0
1018.0,907.0,889.0,981.0,1150.0,2
1175.0,1074.0,748.0,1134.0,1528.0,2
1197.0,1012.0,717.0,1103.0,1655.0,2
1110.0,872.0,822.0,971.0,1393.0,2
1060.0,825.0,854.0,967.0,1338.0,2
1136.0,885.0,806.0,1006.0,1403.0,2
1049.0,864.0,818.0,1010.0,1327.0,2
1053.0,859.0,810.0,1008.0,1346.0,2
970.0,763.0,917.0,930.0,1132.0,0
1049.0,907.0,795.0,1038.0,1209.0,2
919.0,761.0,911.0,942.0,1044.0,0
870.0,684.0,997.0,895.0,936.0,0
814.0,587.0,1146.0,876.0,840.0,0
820.0,604.0,1127.0,874.0,847.0,0
897.0,722.0,987.0,953.0,959.0,0
988.0,850.0,861.0,1030.0,1133.0,2
1242.0,1185.0,625.0,1297.0,1511.0,1
1493.0,1981.0,448.0,1567.0,2346.0,1
1394.0,2214.0,411.0,1629.0,2311.0,1
1252.0,1439.0,559.0,1383.0,1798.0,1
1255.0,1301.0,571.0,1355.0,1750.0,1
1360.0,1392.0,490.0,1458.0,1863.0,1
1369.0,1434.0,489.0,1539.0,1883.0,1
1361.0,1347.0,518.0,1456.0,1851.0,1
1411.0,1371.0,500.0,1484.0,1919.0,1
1509.0,1439.0,459.0,1577.0,2078.0,1
1738.0,1735.0,365.0,1917.0,2434.0,1
1766.0,1720.0,361.0,1881.0,2515.0,1
1706.0,1641.0,381.0,1778.0,2522.0,1
1472.0,1361.0,462.0,1455.0,2334.0,1
1392.0,1206.0,521.0,1347.0,2199.0,1
1335.0,1112.0,570.0,1331.0,1861.0,1
1285.0,1037.0,610.0,1277.0,1751.0,1
1267.0,1008.0,628.0,1264.0,1652.0,2
1176.0,930.0,679.0,1216.0,1455.0,2
1079.0,812.0,782.0,1158.0,1158.0,2
1084.0,816.0,776.0,1165.0,1126.0,2
1091.0,829.0,755.0,1177.0,1126.0,2
1126.0,886.0,713.0,1225.0,1158.0,2
1210.0,978.0,666.0,1332.0,1237.0,2
1565.0,1405.0,488.0,1830.0,1696.0,1
1578.0,1494.0,448.0,1854.0,1800.0,1
1702.0,1585.0,422.0,1960.0,1967.0,1
1552.0,1406.0,478.0,1749.0,1862.0,1
1590.0,1466.0,448.0,1831.0,2003.0,1
1640.0,1480.0,432.0,1865.0,2041.0,1
1769.0,1624.0,396.0,2041.0,2202.0,1
1581.0,1442.0,435.0,1839.0,1966.0,1
1658.0,1482.0,419.0,1893.0,2030.0,1
1821.0,1673.0,371.0,2119.0,2201.0,1
1982.0,1959.0,322.0,2536.0,2386.0,1
2008.0,1980.0,325.0,2562.0,2342.0,1
1918.0,1958.0,335.0,2477.0,2237.0,1
1693.0,1590.0,412.0,1949.0,2025.0,1
1495.0,1345.0,467.0,1649.0,1853.0,1
1449.0,1291.0,482.0,1580.0,1817.0,1
1439.0,1257.0,494.0,1571.0,1704.0,1
1270.0,1098.0,572.0,1420.0,1463.0,1
1163.0,980.0,654.0,1327.0,1299.0,2
1130.0,915.0,697.0,1281.0,1205.0,2
1023.0,781.0,809.0,1195.0,1019.0,2
931.0,679.0,947.0,1138.0,867.0,0
953.0,717.0,907.0,1152.0,911.0,0
1108.0,927.0,718.0,1315.0,1106.0,2
1414.0,1261.0,532.0,1644.0,1479.0,1
1423.0,1323.0,496.0,1727.0,1568.0,1
1352.0,1231.0,538.0,1605.0,1530.0,1
1303.0,1153.0,575.0,1520.0,1582.0,1
1103.0,931.0,711.0,1293.0,1235.0,2
1138.0,967.0,695.0,1332.0,1195.0,2
1278.0,1130.0,580.0,1506.0,1471.0,1
1292.0,1141.0,556.0,1498.0,1582.0,1
1374.0,1222.0,516.0,1582.0,1671.0,1
1464.0,1358.0,477.0,1719.0,1711.0,1
1562.0,1557.0,427.0,1916.0,1852.0,1
1592.0,1627.0,401.0,1957.0,1902.0,1
1669.0,1686.0,384.0,2066.0,1961.0,1
1429.0,1401.0,475.0,1698.0,1689.0,1
1354.0,1269.0,506.0,1530.0,1580.0,1
1311.0,1203.0,542.0,1448.0,1428.0,1
1311.0,1225.0,538.0,1464.0,1434.0,1
1292.0,1221.0,547.0,1437.0,1389.0,1
1091.0,1025.0,666.0,1262.0,1130.0,2
1009.0,928.0,754.0,1166.0,983.0,2
1050.0,956.0,725.0,1162.0,1025.0,2
1053.0,955.0,710.0,1154.0,1050.0,2
1016.0,945.0,724.0,1147.0,1038.0,2
1057.0,1004.0,702.0,1204.0,1080.0,2
1309.0,1333.0,537.0,1555.0,1411.0,1
1315.0,1375.0,526.0,1576.0,1549.0,1
1315.0,1300.0,547.0,1531.0,1659.0,1
1111.0,1042.0,682.0,1257.0,1434.0,2
1087.0,1000.0,706.0,1251.0,1310.0,2
1104.0,1028.0,696.0,1263.0,1227.0,2
1142.0,1078.0,670.0,1256.0,1261.0,2
1164.0,1096.0,662.0,1311.0,1261.0,2
1214.0,1124.0,659.0,1302.0,1345.0,2
1369.0,1346.0,558.0,1537.0,1608.0,1
1368.0,1334.0,529.0,1547.0,1653.0,1
1226.0,1161.0,606.0,1368.0,1442.0,2
1225.0,1134.0,614.0,1352.0,1421.0,2
1190.0,1028.0,654.0,1287.0,1329.0,2
1128.0,889.0,743.0,1160.0,1212.0,2
1105.0,883.0,747.0,1180.0,1179.0,2
1152.0,959.0,689.0,1232.0,1231.0,2
1141.0,967.0,698.0,1245.0,1214.0,2
1121.0,901.0,712.0,1215.0,1134.0,2
1043.0,805.0,798.0,1155.0,992.0,2
1090.0,841.0,757.0,1202.0,989.0,2
982.0,752.0,844.0,1153.0,897.0,0
974.0,743.0,864.0,1155.0,885.0,0
1118.0,915.0,731.0,1289.0,1059.0,2
1508.0,1379.0,496.0,1767.0,1567.0,1
1521.0,1470.0,456.0,1857.0,1727.0,1
1562.0,1458.0,458.0,1770.0,2021.0,1
1392.0,1192.0,543.0,1508.0,1795.0,1
1439.0,1267.0,522.0,1586.0,1852.0,1
1539.0,1371.0,488.0,1712.0,1943.0,1
1608.0,1483.0,446.0,1845.0,2058.0,1
1589.0,1407.0,556.0,1757.0,1972.0,1
1704.0,1531.0,507.0,1904.0,2098.0,1
1822.0,1686.0,387.0,2077.0,2244.0,1
1956.0,1877.0,347.0,2338.0,2465.0,1
1676.0,1568.0,444.0,1983.0,2096.0,1
1834.0,1723.0,400.0,2204.0,2190.0,1
1759.0,1588.0,437.0,1971.0,2234.0,1
1518.0,1293.0,515.0,1602.0,2048.0,1
1502.0,1256.0,560.0,1568.0,2044.0,1
1499.0,1207.0,748.0,1530.0,1881.0,1
1531.0,1238.0,619.0,1583.0,1774.0,1
1424.0,1145.0,641.0,1482.0,1615.0,1
1279.0,986.0,756.0,1362.0,1473.0,2
1250.0,942.0,755.0,1323.0,1380.0,2
1189.0,870.0,821.0,1272.0,1251.0,2
1197.0,881.0,820.0,1295.0,1173.0,2
1273.0,946.0,729.0,1349.0,1217.0,2
1298.0,1017.0,727.0,1418.0,1193.0,2
1453.0,1190.0,583.0,1644.0,1358.0,1
1492.0,1233.0,561.0,1672.0,1481.0,1
1481.0,1202.0,768.0,1639.0,1532.0,1
1524.0,1228.0,853.0,1646.0,1675.0,1
1562.0,1280.0,479.0,1711.0,1709.0,1
1567.0,1300.0,473.0,1753.0,1743.0,1
1568.0,1280.0,479.0,1703.0,1774.0,1
1622.0,1312.0,477.0,1727.0,1804.0,1
1515.0,1259.0,508.0,1695.0,1555.0,1
1603.0,1417.0,459.0,1871.0,1621.0,1
1514.0,1334.0,489.0,1755.0,1614.0,1
1567.0,1392.0,470.0,1821.0,1637.0,1
1380.0,1163.0,573.0,1547.0,1485.0,1
1214.0,972.0,663.0,1359.0,1280.0,2
1225.0,982.0,656.0,1358.0,1236.0,2
1250.0,989.0,665.0,1343.0,1204.0,2
1143.0,882.0,738.0,1260.0,1069.0,2
1046.0,817.0,790.0,1214.0,957.0,2
953.0,722.0,911.0,1148.0,828.0,0
913.0,659.0,1010.0,1121.0,748.0,0
858.0,554.0,1207.0,1047.0,663.0,0
848.0,560.0,1206.0,1045.0,644.0,0
871.0,548.0,1197.0,1025.0,662.0,0
909.0,624.0,1056.0,1073.0,736.0,0
906.0,637.0,1024.0,1070.0,761.0,0
859.0,573.0,1126.0,1039.0,696.0,0
1028.0,773.0,877.0,1194.0,871.0,2
1089.0,835.0,778.0,1216.0,1004.0,2
1184.0,954.0,701.0,1313.0,1133.0,2
1136.0,906.0,729.0,1274.0,1140.0,2
1069.0,854.0,780.0,1242.0,999.0,2
1214.0,922.0,741.0,1273.0,1124.0,2
1212.0,926.0,720.0,1283.0,1193.0,2
1218.0,981.0,677.0,1335.0,1258.0,2
1279.0,1069.0,628.0,1418.0,1356.0,2
1382.0,1196.0,573.0,1543.0,1468.0,1
1292.0,1085.0,620.0,1438.0,1390.0,2
1250.0,1054.0,634.0,1407.0,1348.0,2
1260.0,1030.0,639.0,1378.0,1355.0,2
1203.0,988.0,658.0,1350.0,1315.0,2
1146.0,900.0,718.0,1280.0,1183.0,2
1130.0,902.0,715.0,1289.0,1117.0,2
1032.0,757.0,837.0,1182.0,1001.0,2
993.0,720.0,891.0,1143.0,925.0,0
987.0,759.0,856.0,1162.0,940.0,2
1018.0,800.0,821.0,1185.0,956.0,2
1129.0,971.0,707.0,1315.0,1064.0,2
1440.0,1312.0,537.0,1657.0,1515.0,1
1609.0,1540.0,486.0,1961.0,1803.0,1
1573.0,1511.0,531.0,1916.0,1927.0,1
1705.0,1562.0,473.0,1988.0,2197.0,1
1551.0,1377.0,564.0,1734.0,2038.0,1
1163.0,1016.0,781.0,1363.0,1339.0,2
1186.0,1077.0,797.0,1404.0,1328.0,2
1166.0,1007.0,775.0,1391.0,1227.0,2
1200.0,1027.0,760.0,1416.0,1199.0,2
1134.0,903.0,821.0,1299.0,1046.0,2
1161.0,979.0,758.0,1375.0,1132.0,2
1117.0,871.0,781.0,1320.0,986.0,2
1114.0,872.0,857.0,1310.0,991.0,2
1022.0,744.0,1224.0,1210.0,847.0,0
996.0,710.0,1699.0,1182.0,783.0,0
1002.0,704.0,1472.0,1202.0,752.0,0
1032.0,688.0,1514.0,1200.0,737.0,0
1052.0,766.0,1031.0,1302.0,796.0,0
1014.0,737.0,1509.0,1288.0,765.0,0
897.0,581.0,1184.0,1181.0,636.0,0
878.0,518.0,1294.0,1149.0,539.0,0
840.0,534.0,1268.0,1109.0,483.0,0
879.0,575.0,1262.0,1111.0,537.0,0
999.0,690.0,1027.0,1192.0,707.0,0
1251.0,1015.0,751.0,1453.0,1070.0,2
1351.0,1226.0,648.0,1649.0,1248.0,1
1312.0,1177.0,711.0,1588.0,1261.0,1
1201.0,1098.0,763.0,1500.0,1209.0,2
1120.0,932.0,897.0,1301.0,1039.0,2
1071.0,955.0,940.0,1311.0,977.0,2
1085.0,967.0,943.0,1321.0,976.0,2
1113.0,980.0,984.0,1311.0,995.0,2
1310.0,1301.0,746.0,1694.0,1350.0,1
1183.0,1122.0,897.0,1476.0,1215.0,2
1362.0,1373.0,755.0,1698.0,1461.0,1
1408.0,1502.0,640.0,1843.0,1598.0,1
1471.0,1559.0,605.0,1939.0,1669.0,1
1157.0,1063.0,905.0,1394.0,1223.0,2
1061.0,899.0,1067.0,1277.0,939.0,2
1006.0,836.0,1226.0,1210.0,902.0,0
1039.0,880.0,1198.0,1251.0,933.0,0
886.0,699.0,1900.0,1106.0,766.0,0
900.0,701.0,1955.0,1127.0,749.0,0
856.0,654.0,2042.0,1100.0,709.0,0
857.0,638.0,2061.0,1083.0,746.0,0
844.0,618.0,2095.0,1064.0,757.0,0
927.0,671.0,2009.0,1098.0,792.0,0
1007.0,857.0,1699.0,1248.0,921.0,0
1318.0,1243.0,1261.0,1638.0,1318.0,2
1396.0,1419.0,1104.0,1799.0,1547.0,1
1337.0,1288.0,1192.0,1648.0,1516.0,1
1202.0,1083.0,1376.0,1410.0,1340.0,2
1309.0,1212.0,1267.0,1533.0,1556.0,2
1351.0,1278.0,1249.0,1623.0,1582.0,1
1501.0,1514.0,1090.0,1898.0,1791.0,1
1426.0,1375.0,1143.0,1751.0,1631.0,1
1544.0,1446.0,1070.0,1834.0,1679.0,1
1566.0,1474.0,1049.0,1887.0,1681.0,1
1547.0,1532.0,1009.0,1972.0,1718.0,1
1124.0,1047.0,1401.0,1419.0,1193.0,2
1090.0,981.0,1513.0,1390.0,1044.0,0
1034.0,865.0,1732.0,1280.0,925.0,0
1040.0,859.0,1705.0,1293.0,889.0,0
1060.0,877.0,1648.0,1313.0,929.0,0
1076.0,903.0,1627.0,1330.0,958.0,0
975.0,787.0,1812.0,1238.0,844.0,0
987.0,796.0,1789.0,1254.0,830.0,0
928.0,699.0,1930.0,1198.0,785.0,0
889.0,646.0,2047.0,1163.0,743.0,0
880.0,610.0,2095.0,1150.0,711.0,0
919.0,711.0,1667.0,1195.0,819.0,0
1073.0,867.0,768.0,1329.0,981.0,2
1435.0,1341.0,501.0,1787.0,1480.0,1
1477.0,1501.0,444.0,1972.0,1691.0,1
1337.0,1275.0,525.0,1655.0,1548.0,1
1308.0,1191.0,537.0,1559.0,1523.0,1
1245.0,1143.0,569.0,1531.0,1406.0,1
1295.0,1205.0,538.0,1579.0,1476.0,1
1338.0,1208.0,539.0,1600.0,1481.0,1
1405.0,1269.0,500.0,1735.0,1534.0,1
1456.0,1291.0,490.0,1753.0,1592.0,1
1516.0,1423.0,455.0,1881.0,1688.0,1
1707.0,1721.0,375.0,2260.0,1940.0,1
1816.0,1851.0,341.0,2405.0,2069.0,1
1713.0,1699.0,371.0,2196.0,1943.0,1
1646.0,1570.0,401.0,2049.0,1846.0,1
1468.0,1351.0,472.0,1783.0,1611.0,1
1443.0,1323.0,486.0,1760.0,1487.0,1
1289.0,1087.0,587.0,1515.0,1208.0,2
1194.0,950.0,667.0,1433.0,1043.0,2
1165.0,957.0,661.0,1452.0,979.0,2
1003.0,747.0,843.0,1289.0,806.0,2
986.0,700.0,883.0,1249.0,768.0,0
930.0,623.0,975.0,1215.0,720.0,0
988.0,709.0,897.0,1267.0,785.0,0
1094.0,857.0,739.0,1378.0,903.0,2
1528.0,1328.0,487.0,1839.0,1389.0,1
1628.0,1528.0,416.0,2081.0,1649.0,1
1555.0,1377.0,455.0,1834.0,1621.0,1
1290.0,1084.0,586.0,1544.0,1362.0,1
1280.0,1144.0,555.0,1599.0,1624.0,1
1302.0,1169.0,544.0,1636.0,1605.0,1
1332.0,1242.0,524.0,1716.0,1608.0,1
1332.0,1163.0,548.0,1664.0,1522.0,1
1493.0,1399.0,466.0,1893.0,1708.0,1
1648.0,1612.0,401.0,2177.0,1885.0,1
1482.0,1404.0,463.0,1883.0,1657.0,1
1501.0,1392.0,476.0,1832.0,1645.0,1
1601.0,1568.0,422.0,2111.0,1729.0,1
1421.0,1320.0,496.0,1804.0,1556.0,1
1232.0,1074.0,606.0,1504.0,1317.0,2
1270.0,1117.0,586.0,1528.0,1290.0,2
1257.0,1108.0,592.0,1520.0,1287.0,2
1246.0,1077.0,621.0,1462.0,1235.0,2
1166.0,1013.0,643.0,1408.0,1144.0,2
1062.0,906.0,724.0,1305.0,1004.0,2
1005.0,829.0,779.0,1246.0,944.0,2
1032.0,848.0,751.0,1266.0,972.0,2
1034.0,876.0,740.0,1305.0,968.0,2
1024.0,822.0,800.0,1266.0,954.0,2
1243.0,1108.0,595.0,1539.0,1201.0,2
1148.0,963.0,680.0,1395.0,1017.0,2
1182.0,994.0,654.0,1431.0,1039.0,2
1015.0,835.0,796.0,1263.0,911.0,2
1175.0,1002.0,668.0,1422.0,1059.0,2
1224.0,1046.0,630.0,1476.0,1213.0,2
1123.0,916.0,709.0,1346.0,1003.0,2
1187.0,961.0,685.0,1408.0,1017.0,2
1116.0,860.0,758.0,1316.0,937.0,2
1131.0,912.0,728.0,1356.0,987.0,2
1215.0,1012.0,653.0,1441.0,1131.0,2
1077.0,852.0,773.0,1302.0,969.0,2
1210.0,1000.0,679.0,1456.0,1062.0,2
1181.0,956.0,689.0,1400.0,1058.0,2
1088.0,851.0,766.0,1307.0,959.0,2
1054.0,794.0,830.0,1282.0,887.0,2
1096.0,826.0,795.0,1285.0,911.0,2
1042.0,834.0,808.0,1267.0,914.0,2
887.0,679.0,969.0,1132.0,786.0,0
884.0,651.0,1034.0,1105.0,741.0,0
862.0,639.0,1033.0,1100.0,727.0,0
821.0,584.0,1132.0,1070.0,686.0,0
797.0,543.0,1235.0,1047.0,648.0,0
802.0,538.0,1237.0,1042.0,645.0,0
848.0,578.0,1160.0,1068.0,679.0,0
863.0,610.0,1088.0,1086.0,696.0,0
889.0,661.0,1001.0,1115.0,735.0,0
969.0,733.0,901.0,1191.0,803.0,0
1013.0,795.0,826.0,1257.0,848.0,2
1100.0,842.0,774.0,1296.0,882.0,2
1019.0,788.0,828.0,1267.0,812.0,2
1061.0,887.0,745.0,1367.0,889.0,2
940.0,692.0,934.0,1177.0,749.0,0
904.0,640.0,1022.0,1152.0,682.0,0
1120.0,935.0,744.0,1385.0,922.0,2
987.0,746.0,880.0,1212.0,833.0,0
971.0,734.0,905.0,1187.0,808.0,0
965.0,733.0,909.0,1173.0,790.0,0
873.0,641.0,1025.0,1120.0,685.0,0
892.0,672.0,1012.0,1111.0,706.0,0
857.0,605.0,1094.0,1071.0,636.0,0
901.0,662.0,1034.0,1127.0,678.0,0
901.0,661.0,1022.0,1124.0,714.0,0
904.0,649.0,983.0,1157.0,726.0,0
857.0,562.0,1140.0,1130.0,646.0,0
881.0,602.0,1034.0,1157.0,685.0,0
913.0,701.0,926.0,1219.0,750.0,0
1012.0,817.0,819.0,1314.0,878.0,2
1314.0,1173.0,589.0,1627.0,1238.0,1
1479.0,1465.0,471.0,2018.0,1572.0,1
1299.0,1254.0,566.0,1662.0,1488.0,1
1221.0,1090.0,641.0,1489.0,1424.0,2
1171.0,1049.0,655.0,1418.0,1338.0,2
1316.0,1293.0,538.0,1682.0,1559.0,1
1208.0,1191.0,573.0,1589.0,1415.0,1
1145.0,1112.0,621.0,1481.0,1331.0,2
1189.0,1167.0,599.0,1541.0,1315.0,2
1173.0,1170.0,597.0,1551.0,1289.0,2
1237.0,1239.0,570.0,1620.0,1389.0,1
1253.0,1238.0,571.0,1613.0,1351.0,1
1155.0,1126.0,617.0,1511.0,1267.0,2
1175.0,1077.0,634.0,1480.0,1279.0,2
1001.0,871.0,806.0,1264.0,1071.0,2
1014.0,804.0,871.0,1233.0,994.0,2
966.0,770.0,900.0,1206.0,956.0,0
987.0,786.0,901.0,1220.0,936.0,2
888.0,680.0,985.0,1138.0,826.0,0
911.0,719.0,947.0,1170.0,839.0,0
828.0,627.0,1074.0,1103.0,748.0,0
857.0,604.0,1126.0,1091.0,740.0,0
886.0,641.0,1082.0,1098.0,783.0,0
964.0,730.0,985.0,1146.0,891.0,0
1230.0,1070.0,761.0,1431.0,1197.0,2
1236.0,1203.0,681.0,1566.0,1311.0,1
1322.0,1219.0,682.0,1591.0,1472.0,1
1407.0,1292.0,643.0,1638.0,1694.0,1
1357.0,1339.0,657.0,1583.0,1639.0,1
1289.0,1239.0,733.0,1635.0,1469.0,1
1257.0,1179.0,818.0,1545.0,1415.0,2
1199.0,1108.0,818.0,1450.0,1250.0,2
1181.0,1121.0,629.0,1466.0,1236.0,2
1175.0,1112.0,628.0,1484.0,1212.0,2
1202.0,1126.0,606.0,1480.0,1212.0,2
1170.0,1095.0,618.0,1470.0,1195.0,2
1115.0,1036.0,649.0,1381.0,1200.0,2
1130.0,1026.0,657.0,1374.0,1209.0,2
1195.0,1013.0,646.0,1345.0,1276.0,2
1111.0,887.0,720.0,1262.0,1132.0,2
1092.0,855.0,750.0,1231.0,1061.0,2
1111.0,856.0,746.0,1254.0,1036.0,2
992.0,731.0,1035.0,1149.0,911.0,0
1051.0,815.0,1305.0,1203.0,951.0,0
1080.0,896.0,1075.0,1262.0,1033.0,2
893.0,655.0,990.0,1097.0,816.0,0
923.0,664.0,988.0,1121.0,822.0,0
950.0,713.0,917.0,1139.0,841.0,0
947.0,666.0,985.0,1115.0,795.0,0
973.0,712.0,923.0,1157.0,831.0,0
1111.0,884.0,751.0,1280.0,1025.0,2
1206.0,969.0,701.0,1365.0,1178.0,2
1202.0,958.0,732.0,1330.0,1181.0,2
1261.0,1022.0,635.0,1407.0,1250.0,2
1102.0,855.0,763.0,1279.0,1039.0,2
997.0,742.0,911.0,1180.0,899.0,0
1049.0,790.0,870.0,1183.0,1019.0,2
1082.0,834.0,800.0,1207.0,1057.0,2
1177.0,987.0,692.0,1324.0,1229.0,2
1166.0,935.0,756.0,1301.0,1135.0,2
1352.0,1118.0,625.0,1524.0,1188.0,2
1210.0,947.0,697.0,1404.0,1060.0,2
1161.0,909.0,721.0,1370.0,962.0,2
1142.0,866.0,815.0,1329.0,939.0,2
1054.0,789.0,886.0,1254.0,864.0,2
926.0,649.0,1035.0,1145.0,741.0,0
873.0,583.0,1155.0,1108.0,642.0,0
832.0,518.0,1264.0,1061.0,539.0,0
803.0,466.0,1451.0,1034.0,449.0,0
818.0,463.0,1509.0,1046.0,437.0,0
814.0,482.0,1426.0,1027.0,457.0,0
832.0,530.0,1346.0,1027.0,512.0,0
1091.0,882.0,844.0,1288.0,931.0,2
1019.0,874.0,1113.0,1235.0,905.0,0
937.0,750.0,1386.0,1141.0,790.0,0
950.0,786.0,1038.0,1145.0,850.0,0
962.0,785.0,993.0,1161.0,870.0,0
969.0,812.0,989.0,1189.0,842.0,0
1010.0,863.0,915.0,1257.0,886.0,2
946.0,780.0,945.0,1142.0,801.0,0
988.0,865.0,876.0,1190.0,895.0,2
948.0,799.0,1539.0,1145.0,827.0,0
1045.0,960.0,1376.0,1259.0,972.0,0
1114.0,1057.0,777.0,1301.0,1079.0,2
1006.0,987.0,1028.0,1247.0,964.0,2
889.0,738.0,1379.0,1061.0,743.0,0
792.0,583.0,1972.0,946.0,517.0,0
808.0,572.0,1729.0,954.0,468.0,0
814.0,574.0,1613.0,965.0,461.0,0
827.0,636.0,1485.0,980.0,483.0,0
801.0,633.0,1489.0,940.0,482.0,0
770.0,600.0,2081.0,901.0,416.0,0
721.0,470.0,2331.0,815.0,367.0,0
709.0,437.0,2559.0,787.0,324.0,0
734.0,478.0,2294.0,805.0,378.0,0
770.0,533.0,2683.0,839.0,480.0,0
919.0,795.0,2327.0,998.0,822.0,0
996.0,998.0,2318.0,1136.0,1060.0,0
925.0,866.0,2542.0,1013.0,916.0,0
883.0,821.0,886.0,967.0,844.0,0
884.0,822.0,909.0,968.0,807.0,0
920.0,903.0,849.0,1011.0,853.0,0
941.0,941.0,837.0,1036.0,884.0,2
934.0,914.0,873.0,1016.0,834.0,0
929.0,928.0,842.0,1001.0,893.0,2
972.0,1043.0,764.0,1083.0,1037.0,2
1073.0,1195.0,675.0,1249.0,1244.0,2
1050.0,1260.0,662.0,1256.0,1269.0,2
980.0,1132.0,742.0,1102.0,1125.0,2
872.0,900.0,918.0,910.0,946.0,0
802.0,743.0,1051.0,826.0,751.0,0
792.0,674.0,1122.0,810.0,670.0,0
857.0,753.0,1034.0,860.0,754.0,0
856.0,734.0,1041.0,853.0,781.0,0
869.0,702.0,1019.0,891.0,842.0,0
890.0,688.0,1015.0,897.0,840.0,0
834.0,632.0,1102.0,871.0,746.0,0
860.0,616.0,1105.0,873.0,754.0,0
909.0,728.0,933.0,948.0,905.0,0
955.0,772.0,1030.0,957.0,960.0,0
1035.0,914.0,947.0,1064.0,1080.0,2
1087.0,1121.0,711.0,1177.0,1209.0,2
1101.0,1083.0,692.0,1130.0,1243.0,2
1135.0,1100.0,679.0,1161.0,1273.0,2
1095.0,1067.0,702.0,1152.0,1216.0,2
986.0,931.0,815.0,1011.0,976.0,2
991.0,940.0,816.0,1035.0,973.0,2
926.0,815.0,931.0,945.0,827.0,0
974.0,891.0,857.0,1005.0,912.0,2
1042.0,1031.0,756.0,1094.0,1084.0,2
1006.0,1005.0,781.0,1071.0,1045.0,2
979.0,946.0,826.0,1018.0,1026.0,2
1072.0,1011.0,762.0,1075.0,1172.0,2
1217.0,1037.0,669.0,1167.0,1452.0,2
1124.0,939.0,737.0,1126.0,1317.0,2
1152.0,1036.0,670.0,1206.0,1365.0,2
1216.0,1039.0,685.0,1183.0,1378.0,2
1095.0,1024.0,708.0,1219.0,1246.0,2
1099.0,994.0,715.0,1164.0,1186.0,2
974.0,832.0,832.0,1035.0,1024.0,2
1091.0,971.0,703.0,1148.0,1187.0,2
955.0,804.0,843.0,1017.0,1007.0,0
975.0,859.0,777.0,1043.0,1019.0,2
909.0,709.0,936.0,953.0,921.0,0
992.0,853.0,821.0,1052.0,1038.0,2
1018.0,889.0,780.0,1085.0,1105.0,2
1100.0,974.0,728.0,1131.0,1208.0,2
1101.0,934.0,751.0,1085.0,1208.0,2
1148.0,1025.0,701.0,1165.0,1282.0,2
1253.0,1108.0,633.0,1253.0,1494.0,2
1229.0,1075.0,638.0,1226.0,1500.0,2
1250.0,1133.0,629.0,1274.0,1463.0,2
1432.0,1251.0,547.0,1396.0,1722.0,1
1530.0,1352.0,491.0,1550.0,1934.0,1
1604.0,1438.0,466.0,1650.0,2018.0,1
1352.0,1191.0,570.0,1362.0,1796.0,1
1235.0,1065.0,640.0,1213.0,1594.0,2
1127.0,962.0,751.0,1120.0,1389.0,2
1073.0,860.0,896.0,1058.0,1238.0,2
1074.0,867.0,888.0,1064.0,1221.0,2
1133.0,951.0,825.0,1156.0,1254.0,2
1021.0,808.0,961.0,1048.0,1098.0,0
995.0,807.0,978.0,1056.0,1044.0,0
882.0,614.0,1221.0,931.0,888.0,0
869.0,594.0,1326.0,935.0,835.0,0
868.0,567.0,1238.0,919.0,823.0,0
921.0,655.0,1001.0,972.0,908.0,0
1041.0,846.0,829.0,1112.0,1076.0,2
1275.0,1193.0,596.0,1389.0,1393.0,1
1238.0,1202.0,748.0,1382.0,1429.0,2
1288.0,1220.0,937.0,1391.0,1594.0,1
1422.0,1362.0,775.0,1509.0,1956.0,1
1293.0,1236.0,784.0,1370.0,1872.0,1
1410.0,1363.0,690.0,1515.0,2014.0,1
1425.0,1386.0,691.0,1536.0,1978.0,1
1590.0,1503.0,575.0,1559.0,2257.0,1
1520.0,1552.0,568.0,1615.0,2104.0,1
1595.0,1628.0,495.0,1822.0,2140.0,1
1881.0,1983.0,334.0,2271.0,2523.0,1
1633.0,1677.0,400.0,1880.0,2188.0,1
1391.0,1338.0,509.0,1514.0,1816.0,1
1263.0,1164.0,581.0,1338.0,1587.0,1
1147.0,1012.0,665.0,1214.0,1381.0,2
1103.0,928.0,715.0,1174.0,1287.0,2
1071.0,873.0,739.0,1150.0,1193.0,2
1137.0,975.0,687.0,1234.0,1223.0,2
1066.0,907.0,728.0,1174.0,1122.0,2
918.0,704.0,920.0,1032.0,932.0,0
895.0,663.0,977.0,1007.0,866.0,0
885.0,655.0,996.0,1015.0,848.0,0
964.0,784.0,824.0,1080.0,959.0,2
1088.0,927.0,715.0,1196.0,1154.0,2
1274.0,1160.0,587.0,1412.0,1373.0,1
1406.0,1483.0,478.0,1767.0,1708.0,1
1521.0,1568.0,440.0,1843.0,2097.0,1
1408.0,1412.0,484.0,1608.0,2056.0,1
1377.0,1342.0,499.0,1546.0,2006.0,1
1470.0,1450.0,481.0,1706.0,2015.0,1
1416.0,1346.0,609.0,1570.0,1945.0,1
1383.0,1314.0,785.0,1538.0,1793.0,1
1574.0,1483.0,460.0,1778.0,1962.0,1
1325.0,1191.0,564.0,1542.0,1389.0,1
1316.0,1099.0,610.0,1451.0,1268.0,2
1170.0,906.0,707.0,1317.0,1046.0,2
1061.0,800.0,819.0,1232.0,862.0,2
1109.0,855.0,787.0,1220.0,866.0,2
1025.0,794.0,848.0,1202.0,788.0,2
1086.0,769.0,822.0,1196.0,857.0,2
1058.0,727.0,834.0,1193.0,860.0,2
1034.0,719.0,858.0,1189.0,845.0,0
1065.0,816.0,777.0,1245.0,873.0,2
988.0,774.0,842.0,1189.0,841.0,2
986.0,785.0,842.0,1173.0,853.0,2
1136.0,1015.0,702.0,1287.0,1063.0,2
1256.0,1184.0,582.0,1448.0,1276.0,2
1228.0,1170.0,596.0,1375.0,1332.0,2
956.0,931.0,799.0,1046.0,1015.0,2
781.0,704.0,1062.0,842.0,594.0,0
759.0,699.0,1223.0,799.0,501.0,0
722.0,671.0,1596.0,737.0,448.0,0
699.0,613.0,1731.0,682.0,387.0,0
755.0,690.0,1653.0,750.0,467.0,0
746.0,684.0,1301.0,764.0,484.0,0
784.0,744.0,1080.0,802.0,608.0,0
931.0,972.0,868.0,974.0,953.0,2
1112.0,1267.0,671.0,1250.0,1307.0,2
1133.0,1215.0,674.0,1196.0,1415.0,2
886.0,917.0,908.0,901.0,1023.0,0
993.0,1030.0,805.0,1005.0,1154.0,2
1215.0,1167.0,664.0,1181.0,1426.0,2
1160.0,1083.0,706.0,1114.0,1363.0,2
928.0,819.0,919.0,923.0,1006.0,0
879.0,722.0,1014.0,878.0,873.0,0
833.0,632.0,1107.0,834.0,760.0,0
840.0,649.0,1044.0,869.0,799.0,0
848.0,612.0,1169.0,852.0,703.0,0
828.0,660.0,1078.0,881.0,781.0,0
847.0,698.0,1034.0,905.0,815.0,0
868.0,665.0,1067.0,865.0,800.0,0
970.0,819.0,923.0,959.0,926.0,0
1077.0,963.0,761.0,1081.0,1151.0,2
1058.0,962.0,778.0,1058.0,1153.0,2
1136.0,1067.0,702.0,1143.0,1298.0,2
1228.0,1068.0,658.0,1264.0,1238.0,2
1235.0,1118.0,612.0,1354.0,1222.0,2
1217.0,1036.0,661.0,1260.0,1171.0,2
1298.0,1082.0,642.0,1287.0,1237.0,2
1327.0,1219.0,582.0,1453.0,1366.0,1
1293.0,1136.0,631.0,1365.0,1278.0,2
1353.0,1187.0,599.0,1424.0,1293.0,1
1254.0,1111.0,630.0,1360.0,1198.0,2
1189.0,999.0,680.0,1286.0,1115.0,2
1183.0,944.0,731.0,1226.0,1092.0,2
1185.0,966.0,711.0,1250.0,1104.0,2
1098.0,859.0,792.0,1211.0,1006.0,2
938.0,639.0,1020.0,1059.0,777.0,0
883.0,583.0,1116.0,1019.0,710.0,0
839.0,536.0,1229.0,970.0,600.0,0
784.0,479.0,1365.0,905.0,477.0,0
779.0,466.0,1393.0,881.0,454.0,0
883.0,625.0,1069.0,997.0,630.0,0
970.0,776.0,873.0,1059.0,858.0,0
1012.0,861.0,785.0,1133.0,951.0,2
934.0,766.0,878.0,1047.0,836.0,0
888.0,700.0,956.0,999.0,721.0,0
918.0,737.0,1007.0,1030.0,703.0,0
901.0,747.0,1001.0,1020.0,657.0,0
857.0,708.0,972.0,983.0,581.0,0
838.0,699.0,1015.0,944.0,546.0,0
869.0,772.0,1051.0,966.0,641.0,0
928.0,850.0,1118.0,1004.0,794.0,0
1037.0,1047.0,869.0,1159.0,1042.0,2
980.0,1008.0,758.0,1103.0,993.0,2
978.0,1031.0,765.0,1066.0,968.0,2
891.0,882.0,885.0,950.0,894.0,0
762.0,657.0,1158.0,783.0,592.0,0
794.0,687.0,1100.0,826.0,611.0,0
799.0,690.0,1125.0,823.0,611.0,0
818.0,725.0,1065.0,849.0,694.0,0
691.0,471.0,1552.0,698.0,357.0,0
697.0,455.0,1726.0,698.0,318.0,0
697.0,437.0,1705.0,702.0,325.0,0
716.0,473.0,1595.0,734.0,343.0,0
791.0,598.0,1186.0,802.0,608.0,0
804.0,630.0,1188.0,806.0,712.0,0
1093.0,1098.0,782.0,1221.0,1173.0,2
1179.0,1390.0,567.0,1453.0,1459.0,1
951.0,953.0,812.0,1022.0,1055.0,2
882.0,826.0,952.0,910.0,799.0,0
897.0,845.0,942.0,943.0,787.0,0
949.0,965.0,860.0,1041.0,892.0,2
896.0,891.0,921.0,935.0,766.0,0
908.0,886.0,922.0,947.0,835.0,0
959.0,924.0,899.0,993.0,897.0,0
994.0,1005.0,832.0,1054.0,1009.0,2
1081.0,1202.0,691.0,1230.0,1250.0,2
1081.0,1164.0,705.0,1171.0,1283.0,2
1175.0,1248.0,661.0,1308.0,1377.0,2
1123.0,1110.0,732.0,1152.0,1322.0,2
1032.0,952.0,833.0,1025.0,1198.0,2
927.0,805.0,965.0,918.0,1007.0,0
952.0,838.0,948.0,937.0,976.0,0
987.0,883.0,913.0,949.0,1013.0,0
902.0,761.0,1048.0,872.0,868.0,0
833.0,648.0,1135.0,814.0,760.0,0
776.0,525.0,1391.0,770.0,585.0,0
812.0,541.0,1309.0,774.0,616.0,0
821.0,563.0,1270.0,807.0,678.0,0
932.0,701.0,944.0,875.0,936.0,0
1069.0,931.0,782.0,1054.0,1110.0,2
1137.0,1066.0,681.0,1151.0,1258.0,2
1009.0,926.0,791.0,1015.0,1080.0,2
962.0,877.0,841.0,969.0,949.0,2
972.0,909.0,827.0,1012.0,894.0,2
968.0,920.0,831.0,991.0,882.0,2
939.0,902.0,884.0,969.0,872.0,0
901.0,843.0,1061.0,907.0,751.0,0
975.0,938.0,874.0,989.0,928.0,2
1028.0,1025.0,774.0,1024.0,1160.0,2
998.0,972.0,806.0,984.0,1090.0,2
1094.0,1105.0,708.0,1086.0,1274.0,2
1128.0,1161.0,672.0,1163.0,1340.0,2
1111.0,1030.0,751.0,1033.0,1271.0,2
1121.0,1023.0,725.0,1053.0,1354.0,2
956.0,796.0,915.0,861.0,1084.0,0
973.0,785.0,916.0,883.0,1086.0,0
952.0,790.0,921.0,896.0,1038.0,0
969.0,773.0,889.0,914.0,1064.0,0
919.0,693.0,955.0,882.0,979.0,0
874.0,657.0,985.0,867.0,930.0,0
806.0,554.0,1206.0,807.0,783.0,0
874.0,623.0,1096.0,847.0,831.0,0
961.0,779.0,917.0,960.0,983.0,0
1195.0,1096.0,668.0,1166.0,1315.0,2
1184.0,1148.0,651.0,1178.0,1389.0,2
1135.0,1076.0,685.0,1120.0,1396.0,2
1211.0,1177.0,620.0,1221.0,1585.0,2
1228.0,1178.0,621.0,1202.0,1628.0,1
1247.0,1188.0,598.0,1237.0,1692.0,1
1336.0,1256.0,567.0,1320.0,1828.0,1
1205.0,1079.0,652.0,1168.0,1476.0,2
1305.0,1238.0,565.0,1325.0,1640.0,1
1568.0,1528.0,455.0,1661.0,2046.0,1
1630.0,1622.0,421.0,1757.0,2238.0,1
1704.0,1689.0,402.0,1820.0,2480.0,1
1701.0,1692.0,402.0,1832.0,2415.0,1
1564.0,1462.0,472.0,1574.0,2181.0,1
1441.0,1314.0,517.0,1389.0,2051.0,1
1376.0,1209.0,549.0,1283.0,2041.0,1
1412.0,1216.0,543.0,1300.0,2059.0,1
1352.0,1137.0,567.0,1234.0,2016.0,1
1285.0,1052.0,605.0,1164.0,1967.0,1
1263.0,997.0,625.0,1140.0,1960.0,1
1200.0,929.0,664.0,1082.0,1847.0,2
1187.0,931.0,669.0,1093.0,1792.0,2
1166.0,909.0,691.0,1079.0,1680.0,2
1209.0,958.0,666.0,1124.0,1662.0,2
1349.0,1136.0,575.0,1299.0,1810.0,1
1458.0,1307.0,497.0,1483.0,2103.0,1
1462.0,1263.0,510.0,1421.0,2082.0,1
1448.0,1263.0,511.0,1428.0,1971.0,1
1419.0,1254.0,524.0,1406.0,1950.0,1
1561.0,1425.0,465.0,1624.0,2101.0,1
1558.0,1375.0,471.0,1563.0,2112.0,1
1438.0,1208.0,528.0,1405.0,1962.0,1
1532.0,1356.0,474.0,1610.0,2033.0,1
1522.0,1337.0,479.0,1578.0,2034.0,1
1514.0,1338.0,474.0,1598.0,2018.0,1
1505.0,1168.0,525.0,1447.0,2066.0,1
1458.0,1123.0,540.0,1395.0,2030.0,1
1431.0,1100.0,553.0,1385.0,1913.0,1
1366.0,1027.0,583.0,1328.0,1901.0,1
1332.0,997.0,601.0,1304.0,1783.0,1
1243.0,924.0,648.0,1250.0,1534.0,2
1251.0,924.0,644.0,1246.0,1568.0,2
1259.0,944.0,631.0,1267.0,1622.0,2
1268.0,926.0,645.0,1247.0,1628.0,2
1288.0,956.0,623.0,1272.0,1553.0,2
1410.0,1015.0,594.0,1319.0,1769.0,1
1374.0,999.0,598.0,1316.0,1776.0,1
1458.0,1090.0,553.0,1383.0,1898.0,1
1609.0,1243.0,505.0,1491.0,2100.0,1
1424.0,1090.0,566.0,1351.0,1896.0,1
1331.0,966.0,633.0,1266.0,1745.0,1
1434.0,1093.0,561.0,1366.0,1893.0,1
1542.0,1161.0,531.0,1435.0,1972.0,1
1651.0,1234.0,501.0,1513.0,2020.0,1
1633.0,1240.0,496.0,1555.0,1906.0,1
1739.0,1333.0,460.0,1689.0,1832.0,1
1523.0,1132.0,541.0,1488.0,1470.0,1
1543.0,1174.0,521.0,1542.0,1494.0,1
1469.0,1086.0,564.0,1485.0,1394.0,1
1271.0,886.0,688.0,1321.0,1113.0,2
1161.0,810.0,775.0,1281.0,958.0,2
1053.0,680.0,890.0,1166.0,807.0,0
916.0,541.0,1143.0,1064.0,536.0,0
900.0,522.0,1242.0,1070.0,471.0,0
855.0,479.0,1319.0,1068.0,450.0,0
848.0,464.0,1425.0,1062.0,438.0,0
873.0,485.0,1305.0,1083.0,512.0,0
945.0,569.0,1140.0,1135.0,632.0,0
1003.0,618.0,1003.0,1159.0,754.0,0
1041.0,659.0,908.0,1188.0,792.0,0
1036.0,685.0,942.0,1168.0,776.0,0
1124.0,799.0,775.0,1231.0,969.0,2
1130.0,803.0,772.0,1230.0,975.0,2
991.0,632.0,981.0,1114.0,637.0,0
988.0,596.0,1056.0,1118.0,541.0,0
1163.0,801.0,772.0,1288.0,876.0,2
1226.0,853.0,725.0,1307.0,1029.0,2
1286.0,942.0,687.0,1362.0,1103.0,2
1423.0,1116.0,553.0,1531.0,1369.0,1
1408.0,1088.0,560.0,1504.0,1381.0,1
1178.0,866.0,700.0,1342.0,1094.0,2
985.0,701.0,877.0,1187.0,835.0,0
1113.0,776.0,828.0,1217.0,881.0,2
1178.0,873.0,700.0,1328.0,987.0,2
1024.0,705.0,876.0,1168.0,807.0,0
954.0,630.0,988.0,1107.0,664.0,0
875.0,548.0,1165.0,1049.0,525.0,0
877.0,526.0,1171.0,1023.0,496.0,0
826.0,465.0,1322.0,978.0,433.0,0
862.0,535.0,1193.0,1020.0,524.0,0
938.0,653.0,970.0,1100.0,747.0,0
1205.0,943.0,688.0,1361.0,1052.0,2
1171.0,978.0,637.0,1374.0,1092.0,2
1131.0,926.0,684.0,1324.0,1036.0,2
1074.0,832.0,748.0,1230.0,934.0,2
1062.0,822.0,764.0,1228.0,917.0,2
1045.0,800.0,796.0,1193.0,839.0,2
1034.0,763.0,840.0,1192.0,761.0,2
1186.0,899.0,695.0,1332.0,926.0,2
1256.0,996.0,625.0,1417.0,1104.0,2
1138.0,854.0,735.0,1276.0,911.0,2
1138.0,891.0,721.0,1295.0,918.0,2
1114.0,899.0,710.0,1279.0,948.0,2
1107.0,905.0,705.0,1288.0,966.0,2
1117.0,876.0,706.0,1264.0,1057.0,2
1090.0,812.0,753.0,1213.0,1001.0,2
954.0,665.0,916.0,1119.0,777.0,0
987.0,715.0,884.0,1145.0,797.0,0
969.0,659.0,945.0,1082.0,691.0,0
939.0,648.0,949.0,1084.0,680.0,0
961.0,654.0,925.0,1084.0,755.0,0
916.0,623.0,962.0,1064.0,725.0,0
835.0,484.0,1266.0,961.0,432.0,0
885.0,572.0,1081.0,1031.0,612.0,0
1088.0,839.0,760.0,1236.0,951.0,2
1358.0,1158.0,529.0,1537.0,1326.0,1
1456.0,1389.0,443.0,1808.0,1504.0,1
1274.0,1159.0,545.0,1493.0,1326.0,1
1092.0,946.0,691.0,1234.0,1043.0,2
1111.0,993.0,662.0,1287.0,1058.0,2
1177.0,1143.0,574.0,1443.0,1205.0,2
1199.0,1138.0,581.0,1452.0,1203.0,2
1121.0,1003.0,656.0,1323.0,1058.0,2
1252.0,1164.0,559.0,1474.0,1257.0,2
1233.0,1144.0,575.0,1436.0,1271.0,2
1215.0,1063.0,616.0,1370.0,1214.0,2
1193.0,1020.0,645.0,1340.0,1135.0,2
1195.0,1026.0,637.0,1342.0,1150.0,2
1301.0,1080.0,579.0,1435.0,1248.0,2
1126.0,828.0,722.0,1250.0,955.0,2
1013.0,687.0,872.0,1135.0,726.0,0
982.0,645.0,922.0,1107.0,708.0,0
970.0,642.0,922.0,1107.0,704.0,0
959.0,637.0,958.0,1107.0,667.0,0
925.0,598.0,978.0,1079.0,662.0,0
847.0,502.0,1198.0,1020.0,508.0,0
885.0,534.0,1144.0,1036.0,529.0,0
883.0,549.0,1019.0,1025.0,607.0,0
892.0,587.0,1070.0,1041.0,623.0,0
970.0,678.0,916.0,1101.0,732.0,0
904.0,644.0,949.0,1036.0,697.0,0
919.0,652.0,953.0,1045.0,712.0,0
929.0,668.0,937.0,1054.0,696.0,0
938.0,729.0,874.0,1060.0,702.0,0
971.0,786.0,812.0,1086.0,796.0,0
914.0,739.0,870.0,1025.0,714.0,0
892.0,719.0,918.0,1019.0,635.0,0
913.0,735.0,905.0,1024.0,706.0,0
928.0,759.0,871.0,1040.0,775.0,0
1035.0,941.0,734.0,1175.0,965.0,2
1033.0,939.0,729.0,1159.0,979.0,2
990.0,865.0,764.0,1130.0,902.0,2
934.0,750.0,891.0,1035.0,798.0,0
881.0,670.0,979.0,978.0,697.0,0
855.0,631.0,1033.0,932.0,626.0,0
832.0,598.0,1122.0,912.0,537.0,0
848.0,639.0,1057.0,929.0,574.0,0
806.0,567.0,1163.0,878.0,490.0,0
796.0,545.0,1210.0,853.0,450.0,0
777.0,493.0,1247.0,828.0,438.0,0
785.0,505.0,1226.0,829.0,428.0,0
766.0,470.0,1317.0,810.0,404.0,0
808.0,534.0,1243.0,853.0,480.0,0
975.0,822.0,852.0,1049.0,876.0,0
943.0,816.0,828.0,1033.0,868.0,0
886.0,764.0,920.0,946.0,740.0,0
861.0,716.0,973.0,921.0,628.0,0
881.0,734.0,961.0,925.0,636.0,0
855.0,741.0,965.0,901.0,616.0,0
855.0,725.0,983.0,898.0,613.0,0
844.0,689.0,1040.0,867.0,545.0,0
900.0,794.0,906.0,930.0,710.0,0
883.0,751.0,962.0,922.0,661.0,0
994.0,903.0,781.0,1079.0,922.0,2
927.0,774.0,883.0,976.0,755.0,0
1078.0,987.0,718.0,1152.0,1015.0,2
952.0,788.0,849.0,1018.0,876.0,0
882.0,660.0,991.0,922.0,727.0,0
924.0,724.0,946.0,969.0,781.0,0
987.0,823.0,827.0,1027.0,893.0,2
930.0,752.0,889.0,981.0,820.0,0
861.0,654.0,995.0,919.0,632.0,0
783.0,522.0,1241.0,832.0,458.0,0
744.0,431.0,1539.0,778.0,345.0,0
753.0,426.0,1568.0,792.0,337.0,0
787.0,452.0,1400.0,823.0,370.0,0
820.0,506.0,1221.0,871.0,466.0,0
840.0,552.0,1152.0,893.0,510.0,0
897.0,656.0,953.0,964.0,641.0,0
989.0,793.0,815.0,1052.0,862.0,0
909.0,737.0,909.0,941.0,753.0,0
865.0,697.0,1002.0,883.0,589.0,0
924.0,821.0,899.0,955.0,704.0,0
912.0,794.0,885.0,943.0,731.0,0
872.0,717.0,991.0,882.0,592.0,0
917.0,794.0,907.0,946.0,740.0,0
962.0,883.0,818.0,996.0,896.0,2
932.0,817.0,883.0,942.0,854.0,0
930.0,781.0,933.0,906.0,866.0,0
962.0,780.0,919.0,909.0,884.0,0
974.0,790.0,915.0,895.0,951.0,0
1055.0,791.0,845.0,936.0,1195.0,2
1003.0,744.0,882.0,899.0,1138.0,0
1046.0,724.0,848.0,898.0,1201.0,2
1275.0,930.0,649.0,1024.0,1617.0,2
1173.0,878.0,738.0,1002.0,1355.0,2
1163.0,881.0,748.0,1001.0,1296.0,2
1054.0,791.0,830.0,967.0,1131.0,2
1004.0,753.0,879.0,942.0,1036.0,0
1001.0,777.0,859.0,954.0,1009.0,0
974.0,736.0,888.0,945.0,966.0,0
915.0,653.0,973.0,905.0,901.0,0
939.0,649.0,996.0,897.0,879.0,0
973.0,748.0,878.0,968.0,991.0,0
1011.0,782.0,846.0,992.0,1019.0,2
1097.0,875.0,778.0,1080.0,1151.0,2
1149.0,914.0,742.0,1072.0,1242.0,2
1117.0,934.0,721.0,1075.0,1206.0,2
1085.0,896.0,760.0,1049.0,1138.0,2
1102.0,885.0,772.0,1051.0,1142.0,2
1281.0,1053.0,659.0,1192.0,1438.0,2
1472.0,1198.0,555.0,1344.0,1735.0,1
1328.0,1029.0,637.0,1188.0,1611.0,2
1198.0,897.0,720.0,1072.0,1436.0,2
1176.0,905.0,718.0,1104.0,1389.0,2
1118.0,830.0,765.0,1058.0,1313.0,2
1091.0,773.0,820.0,1003.0,1232.0,2
1078.0,775.0,809.0,1012.0,1195.0,2
1043.0,726.0,875.0,972.0,1107.0,2
992.0,685.0,916.0,963.0,1035.0,0
1004.0,739.0,868.0,1004.0,1030.0,0
947.0,673.0,929.0,974.0,929.0,0
923.0,634.0,984.0,943.0,875.0,0
911.0,613.0,992.0,934.0,861.0,0
924.0,629.0,994.0,941.0,852.0,0
954.0,674.0,940.0,981.0,891.0,0
960.0,704.0,887.0,1003.0,947.0,0
1016.0,760.0,835.0,1044.0,1016.0,2
1139.0,879.0,753.0,1092.0,1201.0,2
1130.0,860.0,752.0,1058.0,1218.0,2
1237.0,962.0,685.0,1138.0,1385.0,2
1159.0,837.0,742.0,1087.0,1311.0,2
1124.0,790.0,791.0,1071.0,1206.0,2
1312.0,998.0,640.0,1249.0,1473.0,2
1246.0,936.0,665.0,1182.0,1460.0,2
1232.0,931.0,674.0,1171.0,1627.0,2
1286.0,996.0,644.0,1217.0,1827.0,1
1347.0,1084.0,582.0,1290.0,2004.0,1
1135.0,792.0,727.0,1170.0,1151.0,2
1188.0,901.0,657.0,1261.0,1185.0,2
1242.0,921.0,626.0,1219.0,1374.0,2
1219.0,889.0,649.0,1186.0,1405.0,2
1187.0,850.0,653.0,1169.0,1383.0,2
1225.0,904.0,644.0,1194.0,1460.0,2
1333.0,1019.0,576.0,1275.0,1612.0,1
1489.0,1193.0,497.0,1475.0,1776.0,1
1596.0,1341.0,436.0,1672.0,1991.0,1
1585.0,1277.0,456.0,1567.0,1944.0,1
1674.0,1376.0,438.0,1643.0,2098.0,1
1741.0,1438.0,416.0,1741.0,2159.0,1
1680.0,1434.0,417.0,1790.0,2005.0,1
1295.0,1090.0,553.0,1479.0,1441.0,1
1288.0,1112.0,560.0,1492.0,1380.0,1
1281.0,1111.0,553.0,1483.0,1409.0,1
1310.0,1099.0,559.0,1481.0,1445.0,1
1276.0,1099.0,559.0,1504.0,1388.0,1
1312.0,1148.0,532.0,1525.0,1411.0,1
1332.0,1146.0,539.0,1523.0,1377.0,1
1248.0,1046.0,588.0,1404.0,1316.0,2
1182.0,947.0,643.0,1334.0,1210.0,2
1059.0,810.0,764.0,1200.0,1002.0,2
1056.0,795.0,783.0,1187.0,896.0,2
1064.0,785.0,769.0,1184.0,946.0,2
1059.0,783.0,781.0,1188.0,877.0,2
991.0,681.0,874.0,1125.0,718.0,0
950.0,622.0,960.0,1093.0,643.0,0
1005.0,679.0,875.0,1120.0,745.0,0
939.0,568.0,1037.0,1054.0,656.0,0
961.0,629.0,1011.0,1114.0,682.0,0
1017.0,712.0,827.0,1147.0,829.0,0
1108.0,823.0,720.0,1247.0,961.0,2
1122.0,803.0,733.0,1225.0,960.0,2
1099.0,826.0,739.0,1223.0,940.0,2
1124.0,805.0,726.0,1233.0,938.0,2
1186.0,921.0,660.0,1310.0,1040.0,2
1096.0,819.0,733.0,1238.0,904.0,2
1120.0,829.0,725.0,1259.0,910.0,2
1185.0,893.0,666.0,1312.0,1011.0,2
1173.0,885.0,685.0,1288.0,1038.0,2
1221.0,935.0,642.0,1323.0,1144.0,2
1330.0,1063.0,578.0,1419.0,1352.0,2
1325.0,1027.0,591.0,1394.0,1365.0,2
1195.0,915.0,666.0,1295.0,1245.0,2
1150.0,869.0,694.0,1252.0,1203.0,2
1145.0,806.0,736.0,1207.0,1120.0,2
1041.0,729.0,819.0,1130.0,972.0,2
1032.0,687.0,867.0,1109.0,878.0,0
1010.0,661.0,881.0,1100.0,853.0,0
951.0,620.0,938.0,1077.0,779.0,0
944.0,617.0,944.0,1039.0,766.0,0
862.0,540.0,1110.0,999.0,670.0,0
909.0,567.0,1049.0,993.0,694.0,0
965.0,659.0,973.0,1059.0,739.0,0
1102.0,884.0,719.0,1218.0,940.0,2
1226.0,1157.0,552.0,1464.0,1201.0,2
1132.0,950.0,659.0,1253.0,1106.0,2
1183.0,1013.0,632.0,1306.0,1186.0,2
1211.0,998.0,605.0,1298.0,1302.0,2
1253.0,1030.0,590.0,1351.0,1368.0,2
1311.0,1088.0,563.0,1402.0,1452.0,1
1341.0,1142.0,536.0,1454.0,1537.0,1
1432.0,1195.0,509.0,1513.0,1651.0,1
1404.0,1195.0,499.0,1501.0,1623.0,1
1493.0,1337.0,466.0,1638.0,1742.0,1
1478.0,1357.0,473.0,1652.0,1639.0,1
1411.0,1311.0,487.0,1589.0,1537.0,1
1387.0,1231.0,523.0,1487.0,1463.0,1
1306.0,1161.0,557.0,1407.0,1379.0,1
1232.0,1035.0,623.0,1296.0,1256.0,2
1277.0,1085.0,589.0,1329.0,1344.0,2
1063.0,843.0,762.0,1125.0,1089.0,2
991.0,744.0,863.0,1069.0,949.0,0
989.0,701.0,871.0,1049.0,933.0,0
972.0,674.0,926.0,1032.0,882.0,0
973.0,675.0,903.0,1029.0,905.0,0
985.0,691.0,878.0,1056.0,902.0,0
1020.0,736.0,854.0,1069.0,923.0,0
1192.0,978.0,638.0,1273.0,1210.0,2
1325.0,1140.0,542.0,1403.0,1468.0,1
1219.0,1026.0,604.0,1311.0,1329.0,2
1195.0,992.0,632.0,1251.0,1295.0,2
1230.0,1020.0,605.0,1301.0,1365.0,2
1312.0,1087.0,567.0,1393.0,1452.0,1
1387.0,1127.0,530.0,1430.0,1615.0,1
1375.0,1076.0,555.0,1377.0,1599.0,1
1532.0,1265.0,482.0,1578.0,1777.0,1
1531.0,1235.0,484.0,1541.0,1742.0,1
1479.0,1196.0,498.0,1511.0,1739.0,1
1521.0,1208.0,497.0,1549.0,1770.0,1
1616.0,1363.0,442.0,1701.0,1918.0,1
1371.0,1105.0,553.0,1429.0,1581.0,1
1198.0,943.0,647.0,1307.0,1291.0,2
1102.0,813.0,764.0,1204.0,1000.0,2
1120.0,826.0,750.0,1222.0,974.0,2
1093.0,789.0,771.0,1206.0,949.0,2
1112.0,791.0,764.0,1216.0,934.0,2
986.0,674.0,883.0,1137.0,730.0,0
934.0,609.0,976.0,1094.0,581.0,0
919.0,571.0,1017.0,1082.0,521.0,0
929.0,556.0,1035.0,1094.0,575.0,0
919.0,552.0,1063.0,1080.0,522.0,0
944.0,586.0,977.0,1090.0,586.0,0
943.0,580.0,980.0,1074.0,566.0,0
1036.0,683.0,846.0,1144.0,693.0,0
1168.0,797.0,698.0,1235.0,1022.0,2
1232.0,903.0,626.0,1313.0,1152.0,2
1236.0,901.0,628.0,1311.0,1108.0,2
1278.0,1070.0,557.0,1479.0,1110.0,2
1369.0,1242.0,476.0,1669.0,1306.0,1
1182.0,929.0,648.0,1324.0,1029.0,2
1210.0,933.0,648.0,1327.0,1094.0,2
1316.0,1121.0,548.0,1488.0,1282.0,1
1221.0,952.0,641.0,1334.0,1147.0,2
1260.0,1034.0,588.0,1402.0,1208.0,2
1231.0,962.0,625.0,1348.0,1192.0,2
1115.0,804.0,734.0,1220.0,1136.0,2
1180.0,877.0,680.0,1297.0,1131.0,2
1174.0,873.0,672.0,1300.0,1071.0,2
1178.0,876.0,666.0,1319.0,1059.0,2
1052.0,704.0,807.0,1210.0,909.0,2
998.0,591.0,937.0,1147.0,820.0,0
960.0,532.0,1059.0,1122.0,724.0,0
958.0,571.0,998.0,1138.0,707.0,0
989.0,650.0,900.0,1171.0,768.0,0
1162.0,843.0,685.0,1336.0,1027.0,2
1523.0,1324.0,451.0,1776.0,1502.0,1
1511.0,1334.0,433.0,1804.0,1606.0,1
1420.0,1183.0,488.0,1626.0,1520.0,1
1413.0,1193.0,484.0,1598.0,1566.0,1
1335.0,1141.0,512.0,1536.0,1501.0,1
1451.0,1298.0,452.0,1744.0,1634.0,1
1410.0,1276.0,459.0,1701.0,1587.0,1
1429.0,1277.0,456.0,1721.0,1560.0,1
1409.0,1223.0,475.0,1640.0,1538.0,1
1372.0,1210.0,484.0,1629.0,1491.0,1
1366.0,1213.0,489.0,1611.0,1469.0,1
1365.0,1192.0,492.0,1593.0,1486.0,1
1385.0,1218.0,478.0,1620.0,1494.0,1
1361.0,1137.0,503.0,1526.0,1471.0,1
1312.0,1047.0,545.0,1430.0,1399.0,1
1177.0,871.0,660.0,1292.0,1192.0,2
1205.0,888.0,647.0,1292.0,1187.0,2
1114.0,757.0,744.0,1204.0,1070.0,2
1047.0,708.0,816.0,1167.0,949.0,2
982.0,592.0,953.0,1106.0,830.0,0
992.0,644.0,899.0,1128.0,854.0,0
977.0,629.0,908.0,1129.0,835.0,0
1047.0,671.0,863.0,1147.0,887.0,0
1126.0,775.0,760.0,1205.0,1019.0,2
1474.0,1268.0,502.0,1677.0,1503.0,1
1526.0,1466.0,415.0,1855.0,1687.0,1
1386.0,1158.0,518.0,1485.0,1553.0,1
1392.0,1166.0,519.0,1488.0,1624.0,1
1363.0,1192.0,499.0,1501.0,1637.0,1
1331.0,1184.0,507.0,1508.0,1533.0,1
1401.0,1261.0,479.0,1580.0,1577.0,1
1374.0,1239.0,483.0,1569.0,1532.0,1
1436.0,1299.0,451.0,1616.0,1621.0,1
1386.0,1228.0,479.0,1546.0,1578.0,1
1419.0,1277.0,459.0,1603.0,1631.0,1
1428.0,1288.0,465.0,1580.0,1629.0,1
1508.0,1416.0,418.0,1773.0,1733.0,1
1438.0,1251.0,470.0,1593.0,1622.0,1
1415.0,1197.0,486.0,1539.0,1597.0,1
1433.0,1186.0,479.0,1497.0,1738.0,1
1208.0,964.0,602.0,1305.0,1350.0,2
1280.0,1029.0,564.0,1366.0,1363.0,2
1174.0,942.0,626.0,1296.0,1262.0,2
1022.0,729.0,803.0,1139.0,1034.0,2
1002.0,722.0,807.0,1161.0,998.0,2
1018.0,746.0,800.0,1171.0,958.0,2
1095.0,868.0,676.0,1241.0,1078.0,2
1182.0,951.0,634.0,1327.0,1143.0,2
1478.0,1234.0,470.0,1606.0,1551.0,1
1515.0,1298.0,434.0,1706.0,1669.0,1
1488.0,1286.0,452.0,1648.0,1766.0,1
1383.0,1196.0,497.0,1514.0,1717.0,1
1383.0,1218.0,497.0,1506.0,1738.0,1
1337.0,1231.0,505.0,1518.0,1611.0,1
1243.0,1155.0,546.0,1473.0,1398.0,1
1304.0,1244.0,507.0,1558.0,1497.0,1
1284.0,1216.0,522.0,1545.0,1415.0,1
1303.0,1226.0,521.0,1554.0,1457.0,1
1461.0,1440.0,440.0,1806.0,1669.0,1
1517.0,1512.0,421.0,1902.0,1740.0,1
1526.0,1492.0,428.0,1883.0,1770.0,1
1495.0,1386.0,457.0,1736.0,1734.0,1
1333.0,1154.0,534.0,1441.0,1647.0,1
1216.0,1020.0,605.0,1337.0,1379.0,2
1232.0,1032.0,599.0,1347.0,1331.0,2
1181.0,985.0,629.0,1312.0,1240.0,2
1042.0,814.0,746.0,1167.0,1036.0,2
1027.0,824.0,753.0,1171.0,969.0,2
915.0,695.0,883.0,1094.0,826.0,0
891.0,666.0,931.0,1058.0,798.0,0
937.0,694.0,915.0,1054.0,817.0,0
1086.0,901.0,715.0,1216.0,1055.0,2
1326.0,1190.0,531.0,1509.0,1391.0,1
1469.0,1403.0,452.0,1780.0,1665.0,1
1321.0,1170.0,532.0,1488.0,1539.0,1
1396.0,1196.0,524.0,1492.0,1653.0,1
1270.0,1077.0,583.0,1353.0,1586.0,1
1189.0,1025.0,626.0,1316.0,1332.0,2
1227.0,1081.0,570.0,1396.0,1369.0,2
1266.0,1118.0,564.0,1410.0,1373.0,2
1277.0,1175.0,531.0,1480.0,1397.0,1
1438.0,1295.0,470.0,1620.0,1577.0,1
1523.0,1470.0,414.0,1811.0,1783.0,1
1384.0,1290.0,475.0,1571.0,1568.0,1
1283.0,1093.0,581.0,1354.0,1356.0,2
1304.0,1085.0,571.0,1385.0,1419.0,1
1126.0,880.0,690.0,1202.0,1177.0,2
1141.0,892.0,686.0,1213.0,1141.0,2
1183.0,930.0,669.0,1210.0,1179.0,2
1090.0,830.0,744.0,1125.0,1056.0,2
1032.0,736.0,809.0,1064.0,973.0,2
940.0,691.0,877.0,1036.0,827.0,0
981.0,721.0,866.0,1059.0,836.0,0
1104.0,851.0,687.0,1101.0,1085.0,2
989.0,762.0,793.0,1076.0,959.0,2
1079.0,869.0,732.0,1160.0,1039.0,2
1472.0,1418.0,459.0,1681.0,1554.0,1
1313.0,1206.0,513.0,1469.0,1546.0,1
1363.0,1229.0,515.0,1490.0,1638.0,1
1347.0,1212.0,527.0,1443.0,1568.0,1
1240.0,1140.0,567.0,1388.0,1433.0,2
1280.0,1222.0,526.0,1519.0,1452.0,1
1210.0,1151.0,569.0,1428.0,1345.0,2
1216.0,1134.0,566.0,1403.0,1336.0,2
1320.0,1207.0,535.0,1498.0,1442.0,1
1477.0,1412.0,450.0,1704.0,1748.0,1
1500.0,1458.0,428.0,1750.0,1776.0,1
1512.0,1463.0,435.0,1720.0,1802.0,1
1496.0,1447.0,435.0,1710.0,1796.0,1
1360.0,1246.0,513.0,1504.0,1600.0,1
1024.0,819.0,782.0,1101.0,1083.0,2
1094.0,845.0,780.0,1127.0,1064.0,2
1111.0,877.0,735.0,1142.0,1104.0,2
1097.0,878.0,737.0,1140.0,1053.0,2
1051.0,820.0,778.0,1087.0,1009.0,2
979.0,767.0,827.0,1041.0,908.0,0
978.0,756.0,834.0,1015.0,878.0,0
902.0,659.0,940.0,972.0,800.0,0
957.0,641.0,1013.0,940.0,784.0,0
973.0,728.0,902.0,1004.0,854.0,0
1074.0,967.0,703.0,1201.0,1065.0,2
1115.0,1012.0,650.0,1230.0,1161.0,2
1136.0,1001.0,653.0,1216.0,1192.0,2
1128.0,977.0,673.0,1199.0,1202.0,2
1196.0,1035.0,633.0,1259.0,1338.0,2
1267.0,1166.0,567.0,1382.0,1505.0,1
1355.0,1244.0,536.0,1454.0,1715.0,1
1194.0,1061.0,622.0,1257.0,1473.0,2
1188.0,1029.0,635.0,1243.0,1433.0,2
1279.0,1154.0,573.0,1391.0,1544.0,1
1361.0,1223.0,525.0,1454.0,1648.0,1
1474.0,1319.0,496.0,1524.0,1784.0,1
1235.0,1078.0,616.0,1265.0,1519.0,2
1289.0,1140.0,590.0,1317.0,1532.0,1
1124.0,910.0,717.0,1112.0,1340.0,2
1231.0,1017.0,655.0,1207.0,1414.0,2
1289.0,1104.0,623.0,1257.0,1499.0,2
1166.0,970.0,705.0,1136.0,1306.0,2
1062.0,884.0,748.0,1062.0,1172.0,2
1028.0,813.0,794.0,1019.0,1076.0,2
1003.0,807.0,819.0,1021.0,1005.0,2
929.0,721.0,923.0,956.0,913.0,0
951.0,737.0,910.0,977.0,922.0,0
1011.0,783.0,835.0,1013.0,1026.0,2
939.0,751.0,898.0,984.0,952.0,0
946.0,827.0,876.0,1037.0,915.0,0
841.0,625.0,1054.0,846.0,687.0,0
850.0,629.0,1076.0,847.0,597.0,0
831.0,602.0,1123.0,824.0,527.0,0
866.0,652.0,1060.0,857.0,573.0,0
819.0,576.0,1142.0,809.0,492.0,0
833.0,584.0,1144.0,821.0,463.0,0
877.0,642.0,1037.0,859.0,565.0,0
892.0,668.0,1017.0,872.0,632.0,0
899.0,674.0,1002.0,893.0,691.0,0
1008.0,861.0,839.0,977.0,943.0,2
1013.0,873.0,820.0,984.0,985.0,2
912.0,730.0,959.0,893.0,821.0,0
907.0,705.0,995.0,880.0,767.0,0
953.0,771.0,905.0,936.0,895.0,0
916.0,701.0,954.0,899.0,791.0,0
894.0,682.0,991.0,881.0,770.0,0
895.0,648.0,1001.0,875.0,839.0,0
845.0,534.0,1168.0,833.0,721.0,0
837.0,512.0,1228.0,836.0,720.0,0
795.0,504.0,1258.0,840.0,682.0,0
874.0,552.0,1162.0,857.0,723.0,0
920.0,667.0,1005.0,916.0,813.0,0
1257.0,1176.0,612.0,1357.0,1365.0,2
1222.0,1239.0,574.0,1346.0,1472.0,1
1196.0,1139.0,617.0,1271.0,1497.0,2
1214.0,1153.0,612.0,1244.0,1626.0,2
1149.0,1096.0,639.0,1219.0,1476.0,2
1166.0,1134.0,603.0,1227.0,1531.0,2
1170.0,1138.0,611.0,1233.0,1503.0,2
1176.0,1209.0,588.0,1264.0,1488.0,2
1147.0,1158.0,615.0,1200.0,1435.0,2
1294.0,1330.0,535.0,1363.0,1725.0,1
1683.0,1831.0,374.0,1964.0,2331.0,1
1615.0,1712.0,384.0,1811.0,2312.0,1
1256.0,1201.0,563.0,1251.0,1699.0,1
1205.0,1098.0,610.0,1170.0,1587.0,2
1087.0,926.0,715.0,1053.0,1390.0,2
1092.0,875.0,751.0,1010.0,1347.0,2
1039.0,845.0,775.0,993.0,1268.0,2
1001.0,762.0,850.0,948.0,1155.0,2
925.0,677.0,958.0,901.0,1024.0,0
880.0,613.0,1016.0,878.0,968.0,0
873.0,592.0,1076.0,869.0,915.0,0
880.0,618.0,1023.0,893.0,928.0,0
950.0,680.0,936.0,914.0,1028.0,0
1039.0,855.0,783.0,1025.0,1210.0,2
1284.0,1204.0,599.0,1337.0,1531.0,1
1350.0,1305.0,509.0,1383.0,1745.0,1
1476.0,1428.0,477.0,1536.0,1974.0,1
1342.0,1215.0,542.0,1332.0,1806.0,1
1488.0,1336.0,479.0,1483.0,1985.0,1
1557.0,1432.0,445.0,1605.0,2068.0,1
1610.0,1502.0,420.0,1697.0,2087.0,1
1583.0,1457.0,431.0,1640.0,1994.0,1
1620.0,1420.0,436.0,1598.0,1971.0,1
1605.0,1416.0,436.0,1614.0,1941.0,1
1604.0,1496.0,410.0,1733.0,1969.0,1
1582.0,1455.0,423.0,1725.0,1813.0,1
1523.0,1342.0,466.0,1588.0,1677.0,1
1172.0,813.0,774.0,1233.0,1118.0,2
1021.0,670.0,932.0,1187.0,828.0,0
1125.0,758.0,820.0,1241.0,867.0,2
1197.0,840.0,712.0,1298.0,974.0,2
1174.0,842.0,723.0,1286.0,975.0,2
1106.0,733.0,822.0,1208.0,902.0,2
873.0,549.0,1106.0,1008.0,791.0,0
828.0,506.0,1222.0,945.0,673.0,0
830.0,492.0,1263.0,948.0,578.0,0
840.0,515.0,1235.0,941.0,563.0,0
909.0,622.0,1046.0,992.0,730.0,0
1098.0,881.0,760.0,1203.0,974.0,2
1036.0,868.0,732.0,1158.0,958.0,2
912.0,692.0,923.0,1020.0,713.0,0
873.0,618.0,1036.0,994.0,617.0,0
889.0,634.0,1009.0,1018.0,591.0,0
965.0,742.0,889.0,1099.0,661.0,0
1009.0,845.0,771.0,1132.0,856.0,2
918.0,729.0,904.0,1014.0,639.0,0
920.0,729.0,891.0,1013.0,647.0,0
923.0,715.0,915.0,1015.0,646.0,0
1021.0,883.0,766.0,1139.0,846.0,2
998.0,858.0,770.0,1109.0,857.0,2
1061.0,962.0,721.0,1167.0,942.0,2
1016.0,892.0,758.0,1109.0,945.0,2
859.0,611.0,1053.0,918.0,562.0,0
945.0,707.0,963.0,1005.0,657.0,0
937.0,715.0,896.0,995.0,723.0,0
876.0,618.0,1032.0,948.0,555.0,0
831.0,530.0,1169.0,893.0,472.0,0
828.0,514.0,1205.0,880.0,434.0,0
810.0,470.0,1315.0,863.0,412.0,0
822.0,493.0,1278.0,876.0,453.0,0
898.0,646.0,1013.0,954.0,702.0,0
909.0,636.0,992.0,947.0,720.0,0
1256.0,1130.0,616.0,1316.0,1311.0,2
1298.0,1217.0,552.0,1409.0,1444.0,1
1326.0,1223.0,547.0,1381.0,1613.0,1
1139.0,1031.0,649.0,1181.0,1388.0,2
1135.0,1047.0,641.0,1175.0,1379.0,2
1117.0,1071.0,638.0,1178.0,1289.0,2
1094.0,1128.0,626.0,1191.0,1280.0,2
982.0,990.0,745.0,1018.0,1059.0,2
1107.0,1134.0,639.0,1172.0,1299.0,2
1290.0,1349.0,534.0,1386.0,1638.0,1
1445.0,1516.0,455.0,1594.0,1946.0,1
1357.0,1330.0,511.0,1414.0,1798.0,1
1248.0,1179.0,577.0,1259.0,1609.0,1
1220.0,1085.0,618.0,1205.0,1531.0,2
1137.0,856.0,758.0,1032.0,1338.0,2
1102.0,829.0,773.0,1015.0,1274.0,2
1082.0,801.0,780.0,1035.0,1200.0,2
1053.0,795.0,786.0,1039.0,1143.0,2
1003.0,740.0,847.0,992.0,1048.0,0
1019.0,744.0,836.0,1000.0,1049.0,2
1071.0,808.0,757.0,1046.0,1172.0,2
1118.0,841.0,702.0,1056.0,1368.0,2
1206.0,948.0,628.0,1129.0,1540.0,2
1256.0,1056.0,582.0,1230.0,1575.0,2
1501.0,1367.0,465.0,1558.0,1856.0,1
1578.0,1527.0,419.0,1761.0,2086.0,1
1427.0,1280.0,500.0,1481.0,1948.0,1
1440.0,1311.0,482.0,1476.0,2022.0,1
1522.0,1365.0,464.0,1526.0,2104.0,1
1517.0,1403.0,451.0,1579.0,2195.0,1
1300.0,1113.0,573.0,1291.0,1845.0,1
1401.0,1204.0,526.0,1401.0,1947.0,1
1551.0,1303.0,469.0,1520.0,2171.0,1
1411.0,1191.0,519.0,1426.0,1920.0,1
1434.0,1239.0,506.0,1458.0,1835.0,1
1489.0,1305.0,476.0,1547.0,1919.0,1
1835.0,1731.0,355.0,2083.0,2254.0,1
1804.0,1679.0,370.0,2005.0,2210.0,1
1579.0,1345.0,459.0,1608.0,1961.0,1
1508.0,1246.0,496.0,1498.0,1791.0,1
1535.0,1300.0,483.0,1524.0,1725.0,1
1395.0,1131.0,552.0,1362.0,1553.0,1
1392.0,1153.0,542.0,1395.0,1506.0,1
1326.0,1087.0,571.0,1333.0,1398.0,2
1297.0,1032.0,605.0,1297.0,1300.0,2
1331.0,1106.0,568.0,1322.0,1383.0,1
1288.0,1036.0,590.0,1242.0,1413.0,2
1322.0,1091.0,565.0,1307.0,1471.0,1
1390.0,1167.0,522.0,1392.0,1619.0,1
1443.0,1207.0,502.0,1431.0,1673.0,1
1496.0,1254.0,484.0,1472.0,1881.0,1
1439.0,1198.0,502.0,1426.0,1877.0,1
1432.0,1150.0,527.0,1393.0,1818.0,1
1398.0,1149.0,535.0,1417.0,1699.0,1
1380.0,1206.0,515.0,1500.0,1677.0,1
1022.0,857.0,770.0,1068.0,1088.0,2
973.0,806.0,851.0,994.0,926.0,0
951.0,862.0,823.0,972.0,961.0,2
987.0,925.0,776.0,1016.0,1066.0,2
1100.0,1057.0,687.0,1126.0,1241.0,2
1064.0,1072.0,704.0,1103.0,1220.0,2
1316.0,1327.0,549.0,1328.0,1613.0,1
1262.0,1208.0,587.0,1219.0,1577.0,1
1259.0,1152.0,610.0,1165.0,1569.0,2
1166.0,981.0,697.0,993.0,1445.0,2
1066.0,880.0,784.0,946.0,1240.0,2
1051.0,883.0,783.0,978.0,1169.0,2
992.0,808.0,849.0,926.0,1052.0,0
969.0,788.0,854.0,938.0,1006.0,0
862.0,609.0,1101.0,810.0,757.0,0
859.0,581.0,1112.0,829.0,753.0,0
849.0,552.0,1165.0,812.0,737.0,0
879.0,594.0,1119.0,839.0,792.0,0
956.0,735.0,915.0,942.0,945.0,0
1039.0,828.0,791.0,987.0,1115.0,2
1066.0,871.0,775.0,996.0,1131.0,2
1124.0,927.0,722.0,1047.0,1242.0,2
1160.0,948.0,712.0,1072.0,1289.0,2
1110.0,896.0,737.0,1040.0,1276.0,2
1138.0,940.0,706.0,1088.0,1359.0,2
1095.0,857.0,756.0,1075.0,1020.0,2
1045.0,694.0,911.0,1025.0,805.0,0
1078.0,727.0,849.0,1057.0,857.0,0
1169.0,846.0,767.0,1157.0,942.0,2
1174.0,926.0,674.0,1220.0,1020.0,2
1075.0,749.0,827.0,1050.0,899.0,2
1044.0,685.0,903.0,1042.0,860.0,0
1110.0,782.0,798.0,1101.0,954.0,2
1086.0,733.0,848.0,1064.0,883.0,2
1092.0,811.0,773.0,1129.0,966.0,2
1127.0,884.0,704.0,1173.0,983.0,2
881.0,578.0,1017.0,876.0,607.0,0
831.0,498.0,1237.0,855.0,443.0,0
791.0,459.0,1421.0,809.0,390.0,0
836.0,520.0,1296.0,832.0,479.0,0
907.0,644.0,1028.0,902.0,732.0,0
1174.0,1018.0,688.0,1210.0,1149.0,2
1094.0,967.0,682.0,1147.0,1136.0,2
992.0,800.0,797.0,1007.0,934.0,2
955.0,783.0,844.0,976.0,845.0,0
959.0,771.0,852.0,975.0,808.0,0
981.0,804.0,829.0,997.0,783.0,0
947.0,791.0,825.0,963.0,785.0,0
1023.0,898.0,759.0,1034.0,899.0,2
1009.0,860.0,787.0,993.0,922.0,2
1007.0,884.0,780.0,1014.0,951.0,2
1054.0,992.0,715.0,1092.0,1051.0,2
1018.0,934.0,740.0,1014.0,967.0,2
976.0,870.0,795.0,971.0,861.0,2
872.0,689.0,970.0,866.0,631.0,0
805.0,559.0,1183.0,781.0,466.0,0
800.0,541.0,1250.0,779.0,407.0,0
785.0,504.0,1306.0,760.0,387.0,0
757.0,459.0,1447.0,735.0,337.0,0
751.0,424.0,1583.0,726.0,303.0,0
766.0,412.0,1651.0,763.0,295.0,0
759.0,399.0,1696.0,749.0,288.0,0
758.0,388.0,1785.0,765.0,274.0,0
761.0,383.0,1745.0,787.0,289.0,0
762.0,434.0,1556.0,763.0,318.0,0
869.0,646.0,1068.0,876.0,476.0,0
938.0,785.0,853.0,969.0,704.0,0
951.0,769.0,856.0,1000.0,735.0,0
892.0,702.0,935.0,924.0,735.0,0
876.0,703.0,968.0,892.0,653.0,0
872.0,686.0,972.0,880.0,603.0,0
893.0,722.0,932.0,917.0,645.0,0
879.0,687.0,980.0,914.0,564.0,0
896.0,689.0,966.0,909.0,614.0,0
909.0,706.0,928.0,923.0,658.0,0
958.0,758.0,858.0,985.0,719.0,0
984.0,803.0,813.0,1012.0,772.0,0
991.0,814.0,790.0,1040.0,812.0,2
881.0,638.0,990.0,910.0,583.0,0
853.0,616.0,1071.0,870.0,491.0,0
804.0,546.0,1194.0,796.0,400.0,0
788.0,514.0,1285.0,771.0,354.0,0
788.0,487.0,1346.0,769.0,329.0,0
763.0,428.0,1532.0,757.0,296.0,0
771.0,410.0,1622.0,765.0,283.0,0
747.0,390.0,1775.0,738.0,266.0,0
744.0,383.0,1881.0,720.0,253.0,0
774.0,441.0,1646.0,760.0,282.0,0
800.0,492.0,1310.0,783.0,353.0,0
896.0,668.0,1043.0,887.0,519.0,0
913.0,733.0,902.0,901.0,681.0,0
871.0,638.0,1022.0,860.0,583.0,0
872.0,662.0,1007.0,874.0,628.0,0
858.0,634.0,1053.0,868.0,566.0,0
876.0,683.0,993.0,894.0,572.0,0
900.0,751.0,891.0,913.0,637.0,0
864.0,678.0,987.0,866.0,579.0,0
902.0,721.0,924.0,900.0,666.0,0
916.0,720.0,912.0,922.0,707.0,0
1004.0,918.0,752.0,1033.0,990.0,2
1024.0,945.0,729.0,1073.0,1026.0,2
1011.0,884.0,763.0,1048.0,910.0,2
1006.0,822.0,794.0,1025.0,897.0,2
913.0,645.0,966.0,922.0,651.0,0
905.0,620.0,986.0,904.0,598.0,0
872.0,628.0,1009.0,857.0,560.0,0
843.0,597.0,1059.0,808.0,527.0,0
863.0,622.0,1025.0,826.0,574.0,0
791.0,480.0,1259.0,738.0,422.0,0
769.0,412.0,1481.0,727.0,326.0,0
778.0,417.0,1531.0,745.0,312.0,0
801.0,470.0,1313.0,762.0,382.0,0
827.0,533.0,1198.0,775.0,488.0,0
1038.0,837.0,822.0,972.0,915.0,2
1040.0,917.0,739.0,1038.0,1021.0,2
980.0,790.0,839.0,934.0,897.0,0
912.0,683.0,961.0,872.0,699.0,0
887.0,649.0,1009.0,854.0,588.0,0
922.0,716.0,930.0,893.0,643.0,0
928.0,748.0,900.0,900.0,685.0,0
921.0,736.0,921.0,881.0,673.0,0
905.0,747.0,924.0,850.0,691.0,0
906.0,769.0,913.0,865.0,726.0,0
981.0,886.0,819.0,928.0,912.0,2
1053.0,987.0,750.0,1025.0,1048.0,2
1086.0,1032.0,717.0,1049.0,1136.0,2
967.0,811.0,863.0,911.0,909.0,0
902.0,689.0,995.0,838.0,719.0,0
916.0,725.0,953.0,855.0,746.0,0
895.0,677.0,999.0,827.0,700.0,0
866.0,613.0,1075.0,810.0,579.0,0
861.0,585.0,1120.0,807.0,553.0,0
845.0,534.0,1146.0,781.0,519.0,0
849.0,522.0,1158.0,779.0,467.0,0
818.0,486.0,1282.0,781.0,422.0,0
864.0,554.0,1159.0,819.0,545.0,0
856.0,559.0,1138.0,810.0,556.0,0
1024.0,823.0,827.0,992.0,879.0,2
1050.0,909.0,742.0,1055.0,993.0,2
984.0,832.0,822.0,966.0,892.0,0
990.0,808.0,838.0,975.0,901.0,0
970.0,798.0,842.0,941.0,874.0,0
943.0,781.0,871.0,925.0,722.0,0
994.0,871.0,793.0,997.0,836.0,2
932.0,767.0,888.0,920.0,669.0,0
891.0,706.0,949.0,860.0,600.0,0
793.0,480.0,1306.0,745.0,376.0,0
790.0,455.0,1376.0,751.0,336.0,0
776.0,445.0,1460.0,737.0,330.0,0
766.0,448.0,1494.0,734.0,321.0,0
774.0,458.0,1473.0,735.0,334.0,0
801.0,494.0,1324.0,754.0,395.0,0
847.0,586.0,1163.0,814.0,473.0,0
874.0,641.0,1022.0,857.0,553.0,0
879.0,642.0,1027.0,836.0,545.0,0
888.0,652.0,1025.0,833.0,547.0,0
873.0,610.0,1051.0,819.0,527.0,0
877.0,618.0,1027.0,830.0,505.0,0
893.0,653.0,987.0,845.0,550.0,0
866.0,602.0,1071.0,809.0,465.0,0
873.0,629.0,1049.0,817.0,467.0,0
911.0,676.0,998.0,855.0,555.0,0
908.0,653.0,980.0,847.0,551.0,0
907.0,657.0,981.0,844.0,569.0,0
925.0,678.0,960.0,861.0,594.0,0
920.0,649.0,983.0,849.0,598.0,0
865.0,561.0,1102.0,791.0,434.0,0
867.0,553.0,1136.0,792.0,412.0,0
900.0,604.0,1051.0,815.0,469.0,0
901.0,599.0,1023.0,825.0,515.0,0
863.0,560.0,1107.0,787.0,430.0,0
884.0,599.0,1065.0,813.0,503.0,0
873.0,565.0,1097.0,793.0,494.0,0
806.0,459.0,1322.0,728.0,368.0,0
801.0,454.0,1374.0,727.0,348.0,0
790.0,431.0,1439.0,722.0,354.0,0
805.0,465.0,1358.0,736.0,382.0,0
843.0,520.0,1202.0,762.0,450.0,0
849.0,537.0,1148.0,757.0,460.0,0
872.0,583.0,1126.0,765.0,441.0,0
890.0,585.0,1097.0,776.0,454.0,0
874.0,552.0,1128.0,760.0,415.0,0
863.0,553.0,1133.0,742.0,419.0,0
840.0,566.0,1176.0,717.0,368.0,0
845.0,569.0,1151.0,709.0,397.0,0
888.0,625.0,1062.0,763.0,510.0,0
845.0,582.0,1120.0,719.0,473.0,0
880.0,641.0,1077.0,759.0,537.0,0
917.0,708.0,972.0,787.0,670.0,0
927.0,715.0,965.0,797.0,711.0,0
868.0,615.0,1095.0,752.0,551.0,0
932.0,685.0,996.0,820.0,670.0,0
971.0,741.0,901.0,864.0,771.0,0
891.0,650.0,987.0,782.0,586.0,0
806.0,495.0,1282.0,685.0,355.0,0
787.0,446.0,1395.0,657.0,310.0,0
791.0,435.0,1486.0,668.0,292.0,0
787.0,415.0,1474.0,667.0,293.0,0
814.0,449.0,1363.0,674.0,328.0,0
844.0,538.0,1164.0,726.0,479.0,0
1049.0,863.0,826.0,923.0,979.0,2
1201.0,1116.0,617.0,1130.0,1469.0,2
1293.0,1153.0,602.0,1141.0,1667.0,1
1121.0,1066.0,683.0,1040.0,1378.0,2
1112.0,1078.0,683.0,1028.0,1426.0,2
1060.0,1048.0,707.0,983.0,1246.0,2
1056.0,1040.0,711.0,976.0,1187.0,2
1131.0,1139.0,643.0,1097.0,1363.0,2
1162.0,1170.0,618.0,1131.0,1425.0,2
1283.0,1328.0,552.0,1294.0,1722.0,1
1414.0,1490.0,488.0,1433.0,2051.0,1
1486.0,1570.0,455.0,1557.0,2179.0,1
1523.0,1533.0,456.0,1532.0,2214.0,1
1283.0,1149.0,587.0,1148.0,1799.0,1
1109.0,863.0,737.0,960.0,1527.0,2
1055.0,782.0,798.0,940.0,1377.0,2
1038.0,756.0,813.0,921.0,1317.0,2
996.0,698.0,871.0,894.0,1228.0,0
995.0,680.0,879.0,904.0,1201.0,0
1000.0,670.0,868.0,917.0,1158.0,0
1042.0,688.0,814.0,935.0,1204.0,2
1042.0,701.0,795.0,945.0,1216.0,2
1024.0,724.0,814.0,944.0,1198.0,2
1147.0,886.0,702.0,1056.0,1381.0,2
1496.0,1298.0,492.0,1441.0,1873.0,1
1541.0,1353.0,449.0,1492.0,2112.0,1
1491.0,1215.0,503.0,1343.0,2038.0,1
1533.0,1334.0,466.0,1434.0,2118.0,1
1507.0,1292.0,479.0,1379.0,2110.0,1
1451.0,1264.0,497.0,1408.0,1965.0,1
1432.0,1264.0,487.0,1476.0,1888.0,1
1408.0,1202.0,506.0,1411.0,1774.0,1
1377.0,1129.0,540.0,1392.0,1626.0,1
1454.0,1190.0,508.0,1434.0,1761.0,1
1268.0,1128.0,573.0,1255.0,1533.0,1
1259.0,1211.0,559.0,1243.0,1531.0,1
1261.0,1143.0,595.0,1208.0,1477.0,2
1133.0,971.0,683.0,1059.0,1332.0,2
1054.0,818.0,777.0,966.0,1210.0,2
1055.0,783.0,805.0,969.0,1167.0,2
1059.0,747.0,820.0,964.0,1133.0,2
1063.0,769.0,807.0,993.0,1109.0,2
1135.0,854.0,722.0,1065.0,1218.0,2
1126.0,869.0,680.0,1075.0,1222.0,2
1058.0,753.0,764.0,986.0,1149.0,2
1040.0,688.0,846.0,920.0,1090.0,0
1069.0,737.0,792.0,946.0,1114.0,2
1042.0,771.0,795.0,941.0,1089.0,2
1322.0,1151.0,566.0,1286.0,1446.0,1
1549.0,1485.0,422.0,1638.0,1930.0,1
1416.0,1285.0,501.0,1390.0,1809.0,1
1337.0,1143.0,560.0,1236.0,1769.0,1
1281.0,1132.0,577.0,1206.0,1696.0,1
1037.0,981.0,721.0,1000.0,1086.0,2
1028.0,983.0,728.0,979.0,1048.0,2
984.0,913.0,762.0,930.0,990.0,2
1010.0,940.0,759.0,960.0,1027.0,2
1113.0,1096.0,645.0,1092.0,1359.0,2
1253.0,1284.0,536.0,1285.0,1618.0,1
1400.0,1499.0,461.0,1527.0,1869.0,1
1470.0,1584.0,436.0,1641.0,2033.0,1
1281.0,1168.0,571.0,1195.0,1756.0,1
1084.0,855.0,748.0,939.0,1446.0,2
1097.0,892.0,719.0,979.0,1423.0,2
1032.0,791.0,793.0,915.0,1278.0,2
1046.0,812.0,782.0,940.0,1265.0,2
975.0,707.0,860.0,902.0,1107.0,0
932.0,642.0,950.0,871.0,1014.0,0
926.0,623.0,954.0,873.0,1011.0,0
932.0,645.0,916.0,882.0,1006.0,0
937.0,640.0,923.0,870.0,1010.0,0
996.0,724.0,861.0,938.0,1067.0,0
1382.0,1202.0,534.0,1352.0,1630.0,1
1544.0,1530.0,416.0,1706.0,2030.0,1
1429.0,1317.0,495.0,1425.0,1916.0,1
1312.0,1164.0,570.0,1230.0,1761.0,1
1205.0,989.0,643.0,1084.0,1597.0,2
1322.0,1110.0,568.0,1208.0,1776.0,1
1301.0,1074.0,574.0,1255.0,1636.0,1
1280.0,1030.0,597.0,1246.0,1480.0,2
1256.0,986.0,612.0,1240.0,1413.0,2
1358.0,1128.0,545.0,1344.0,1611.0,1
1713.0,1605.0,383.0,1870.0,2186.0,1
1655.0,1527.0,393.0,1758.0,2203.0,1
1444.0,1227.0,485.0,1414.0,1891.0,1
1314.0,1069.0,571.0,1271.0,1662.0,1
1368.0,1164.0,524.0,1350.0,1674.0,1
1195.0,943.0,645.0,1149.0,1462.0,2
1083.0,828.0,734.0,1067.0,1273.0,2
1055.0,771.0,781.0,1030.0,1174.0,2
973.0,672.0,887.0,954.0,1031.0,0
1039.0,777.0,778.0,1031.0,1082.0,2
949.0,657.0,895.0,948.0,991.0,0
920.0,601.0,974.0,920.0,925.0,0
989.0,703.0,843.0,988.0,1017.0,0
1100.0,854.0,714.0,1075.0,1187.0,2
1411.0,1288.0,492.0,1472.0,1638.0,1
1328.0,1300.0,499.0,1405.0,1672.0,1
1308.0,1189.0,534.0,1325.0,1656.0,1
1280.0,1127.0,558.0,1277.0,1641.0,1
1056.0,857.0,735.0,1028.0,1117.0,2
1019.0,825.0,781.0,994.0,901.0,2
1084.0,923.0,712.0,1085.0,1046.0,2
998.0,841.0,792.0,979.0,884.0,2
987.0,816.0,816.0,959.0,821.0,0
1079.0,932.0,719.0,1018.0,1056.0,2
1096.0,954.0,687.0,1085.0,1139.0,2
1146.0,1043.0,639.0,1169.0,1248.0,2
1125.0,1025.0,653.0,1147.0,1200.0,2
1130.0,968.0,680.0,1102.0,1220.0,2
1017.0,805.0,807.0,958.0,1032.0,2
1017.0,776.0,843.0,946.0,971.0,0
1041.0,778.0,828.0,947.0,1011.0,2
1034.0,769.0,816.0,952.0,1049.0,2
1009.0,751.0,828.0,939.0,1053.0,0
1105.0,828.0,735.0,997.0,1157.0,2
1084.0,859.0,703.0,1017.0,1163.0,2
989.0,731.0,815.0,936.0,1018.0,0
1047.0,792.0,757.0,957.0,1121.0,2
1091.0,868.0,705.0,1021.0,1200.0,2
1263.0,1074.0,614.0,1198.0,1403.0,2
1165.0,1024.0,646.0,1134.0,1365.0,2
966.0,760.0,877.0,890.0,940.0,0
927.0,702.0,932.0,847.0,750.0,0
909.0,678.0,960.0,838.0,652.0,0
941.0,723.0,922.0,880.0,643.0,0
903.0,696.0,932.0,850.0,629.0,0
891.0,668.0,991.0,819.0,549.0,0
904.0,674.0,968.0,824.0,578.0,0
900.0,659.0,990.0,807.0,582.0,0
926.0,725.0,933.0,847.0,694.0,0
999.0,821.0,846.0,915.0,926.0,0
994.0,774.0,854.0,917.0,915.0,0
1010.0,801.0,826.0,944.0,986.0,2
938.0,685.0,934.0,870.0,840.0,0
983.0,760.0,869.0,898.0,939.0,0
963.0,749.0,900.0,834.0,869.0,0
962.0,756.0,902.0,843.0,908.0,0
980.0,761.0,854.0,876.0,1051.0,0
914.0,644.0,972.0,832.0,922.0,0
898.0,624.0,987.0,825.0,871.0,0
854.0,572.0,1070.0,788.0,793.0,0
838.0,531.0,1146.0,774.0,753.0,0
831.0,543.0,1132.0,787.0,737.0,0
833.0,526.0,1169.0,771.0,722.0,0
870.0,582.0,1091.0,791.0,737.0,0
984.0,727.0,891.0,908.0,913.0,0
1065.0,844.0,780.0,979.0,1117.0,2
968.0,743.0,886.0,840.0,774.0,0
911.0,683.0,981.0,790.0,558.0,0
868.0,590.0,1081.0,753.0,420.0,0
868.0,576.0,1128.0,755.0,363.0,0
904.0,633.0,1040.0,789.0,410.0,0
944.0,693.0,928.0,832.0,568.0,0
925.0,649.0,1003.0,819.0,570.0,0
985.0,736.0,891.0,875.0,774.0,0
1002.0,780.0,855.0,892.0,857.0,0
938.0,692.0,937.0,805.0,737.0,0
896.0,627.0,1033.0,782.0,610.0,0
907.0,614.0,1052.0,782.0,627.0,0
902.0,613.0,1049.0,777.0,566.0,0
885.0,582.0,1072.0,760.0,517.0,0
863.0,545.0,1119.0,749.0,484.0,0
861.0,518.0,1141.0,738.0,482.0,0
852.0,482.0,1187.0,726.0,496.0,0
879.0,495.0,1147.0,753.0,623.0,0
900.0,525.0,1090.0,780.0,696.0,0
963.0,615.0,980.0,837.0,916.0,0
1183.0,929.0,675.0,1037.0,1309.0,2
1161.0,996.0,639.0,1067.0,1396.0,2
1102.0,896.0,720.0,969.0,1226.0,2
1029.0,835.0,771.0,897.0,1002.0,2
973.0,797.0,845.0,845.0,769.0,0
981.0,820.0,807.0,876.0,784.0,0
960.0,784.0,842.0,868.0,643.0,0
973.0,761.0,862.0,865.0,682.0,0
968.0,765.0,843.0,863.0,692.0,0
1022.0,854.0,771.0,941.0,926.0,2
1067.0,879.0,740.0,989.0,996.0,2
1101.0,908.0,707.0,1025.0,1095.0,2
1081.0,885.0,720.0,1017.0,1058.0,2
988.0,738.0,843.0,906.0,893.0,0
932.0,630.0,980.0,842.0,681.0,0
923.0,602.0,1028.0,831.0,599.0,0
915.0,589.0,1045.0,813.0,550.0,0
879.0,534.0,1129.0,785.0,470.0,0
852.0,479.0,1275.0,761.0,375.0,0
844.0,453.0,1378.0,748.0,337.0,0
878.0,496.0,1182.0,782.0,451.0,0
910.0,524.0,1102.0,802.0,600.0,0
918.0,551.0,1062.0,817.0,712.0,0
991.0,653.0,944.0,885.0,931.0,0
1223.0,979.0,658.0,1120.0,1332.0,2
1277.0,1153.0,543.0,1268.0,1520.0,1
1114.0,922.0,689.0,1022.0,1223.0,2
1088.0,853.0,729.0,996.0,1122.0,2
1064.0,881.0,727.0,979.0,1099.0,2
1047.0,854.0,753.0,959.0,904.0,2
1075.0,920.0,726.0,992.0,1022.0,2
973.0,777.0,858.0,844.0,719.0,0
942.0,733.0,912.0,800.0,609.0,0
1521.0,1203.0,476.0,1400.0,2141.0,1
1428.0,1085.0,526.0,1268.0,2023.0,1
1463.0,1069.0,530.0,1279.0,1967.0,1
1494.0,1124.0,504.0,1313.0,1931.0,1
1462.0,1080.0,522.0,1274.0,1889.0,1
1326.0,967.0,578.0,1174.0,1699.0,2
1185.0,807.0,685.0,1051.0,1467.0,2
1154.0,788.0,709.0,1065.0,1390.0,2
1175.0,839.0,670.0,1087.0,1371.0,2
1203.0,870.0,641.0,1103.0,1427.0,2
1250.0,933.0,620.0,1144.0,1489.0,2
1321.0,1046.0,562.0,1263.0,1610.0,1
1323.0,1049.0,550.0,1290.0,1619.0,1
1381.0,1045.0,541.0,1307.0,1706.0,1
1480.0,1186.0,498.0,1382.0,1882.0,1
1485.0,1229.0,477.0,1450.0,1911.0,1
1522.0,1229.0,470.0,1488.0,1943.0,1
1570.0,1224.0,468.0,1448.0,2020.0,1
1507.0,1170.0,488.0,1392.0,1999.0,1
1540.0,1202.0,475.0,1440.0,2008.0,1
1556.0,1214.0,472.0,1435.0,2026.0,1
1707.0,1378.0,416.0,1637.0,2225.0,1
1766.0,1419.0,404.0,1659.0,2317.0,1
1846.0,1474.0,389.0,1712.0,2426.0,1
1795.0,1382.0,410.0,1609.0,2355.0,1
1755.0,1352.0,417.0,1587.0,2375.0,1
1738.0,1309.0,424.0,1543.0,2494.0,1
1712.0,1239.0,443.0,1488.0,2411.0,1
1751.0,1255.0,435.0,1541.0,2226.0,1
1574.0,1093.0,497.0,1451.0,1808.0,1
1458.0,1024.0,530.0,1413.0,1571.0,1
1515.0,1066.0,508.0,1430.0,1548.0,1
1491.0,1031.0,515.0,1387.0,1541.0,1
1453.0,1012.0,534.0,1348.0,1441.0,1
1443.0,1003.0,542.0,1356.0,1396.0,1
1473.0,1047.0,522.0,1420.0,1411.0,1
1548.0,1097.0,491.0,1477.0,1497.0,1
1586.0,1084.0,495.0,1473.0,1619.0,1
1488.0,1023.0,533.0,1456.0,1590.0,1
1220.0,787.0,675.0,1310.0,1163.0,2
1198.0,758.0,698.0,1277.0,1001.0,2
1168.0,836.0,666.0,1278.0,822.0,2
1149.0,917.0,616.0,1293.0,773.0,2
1052.0,734.0,799.0,1109.0,588.0,0
1053.0,727.0,789.0,1081.0,610.0,0
1238.0,1037.0,583.0,1388.0,1000.0,2
1188.0,939.0,658.0,1234.0,1048.0,2
1150.0,891.0,684.0,1198.0,1002.0,2
984.0,694.0,881.0,1032.0,711.0,0
1111.0,777.0,760.0,1137.0,1024.0,2
1131.0,793.0,728.0,1173.0,1054.0,2
1115.0,778.0,749.0,1158.0,994.0,2
1133.0,811.0,708.0,1182.0,1031.0,2
1024.0,709.0,798.0,1120.0,884.0,2
968.0,639.0,891.0,1080.0,794.0,0
923.0,567.0,994.0,1024.0,688.0,0
902.0,548.0,1063.0,1024.0,617.0,0
995.0,646.0,895.0,1053.0,818.0,0
858.0,597.0,1054.0,857.0,690.0,0
1233.0,1030.0,619.0,1257.0,1291.0,2
1140.0,958.0,627.0,1175.0,1200.0,2
1096.0,1036.0,635.0,1043.0,1127.0,2
1295.0,1639.0,477.0,1013.0,1582.0,1
926.0,882.0,744.0,913.0,700.0,0
970.0,857.0,748.0,990.0,693.0,0
960.0,853.0,782.0,967.0,709.0,0
941.0,800.0,823.0,917.0,671.0,0
921.0,771.0,850.0,885.0,632.0,0
940.0,829.0,823.0,901.0,716.0,0
1036.0,1046.0,694.0,1044.0,1059.0,2
1102.0,1221.0,609.0,1136.0,1329.0,2
1035.0,1141.0,670.0,1018.0,1196.0,2
990.0,978.0,751.0,928.0,1131.0,2
950.0,839.0,834.0,878.0,977.0,0
988.0,839.0,803.0,936.0,963.0,2
884.0,658.0,982.0,813.0,581.0,0
840.0,597.0,1081.0,766.0,432.0,0
814.0,526.0,1228.0,740.0,352.0,0
821.0,509.0,1235.0,762.0,348.0,0
802.0,440.0,1413.0,738.0,312.0,0
805.0,437.0,1491.0,738.0,296.0,0
850.0,529.0,1183.0,780.0,385.0,0
913.0,619.0,1018.0,834.0,586.0,0
1047.0,844.0,784.0,979.0,987.0,2
1055.0,899.0,731.0,1017.0,1035.0,2
974.0,778.0,832.0,905.0,782.0,0
863.0,669.0,993.0,776.0,511.0,0
889.0,734.0,942.0,801.0,566.0,0
906.0,790.0,893.0,837.0,642.0,0
874.0,751.0,918.0,792.0,591.0,0
849.0,680.0,1015.0,741.0,461.0,0
923.0,761.0,909.0,840.0,609.0,0
962.0,841.0,827.0,901.0,821.0,0
1067.0,1059.0,671.0,1085.0,1163.0,2
1125.0,1121.0,630.0,1132.0,1405.0,2
1149.0,1124.0,623.0,1141.0,1405.0,2
1155.0,1034.0,648.0,1061.0,1429.0,2
1065.0,908.0,741.0,953.0,1284.0,2
1145.0,946.0,699.0,1015.0,1409.0,2
1134.0,912.0,707.0,999.0,1376.0,2
1195.0,1004.0,652.0,1078.0,1421.0,2
1141.0,898.0,689.0,1014.0,1356.0,2
1077.0,806.0,725.0,949.0,1296.0,2
1052.0,740.0,768.0,913.0,1202.0,2
1033.0,701.0,782.0,883.0,1206.0,2
1080.0,768.0,732.0,924.0,1305.0,2
1208.0,931.0,622.0,1052.0,1485.0,2
1363.0,1183.0,520.0,1273.0,1643.0,1
1239.0,1096.0,577.0,1211.0,1459.0,2
1044.0,940.0,706.0,1014.0,1152.0,2
956.0,761.0,849.0,887.0,885.0,0
955.0,725.0,890.0,880.0,770.0,0
997.0,825.0,790.0,948.0,852.0,0
987.0,810.0,801.0,939.0,830.0,0
1007.0,798.0,793.0,942.0,867.0,0
1025.0,795.0,783.0,967.0,881.0,2
1083.0,856.0,720.0,1010.0,975.0,2
1143.0,960.0,641.0,1110.0,1136.0,2
1288.0,1178.0,539.0,1300.0,1434.0,1
1464.0,1421.0,457.0,1542.0,1746.0,1
1341.0,1204.0,534.0,1294.0,1592.0,1
1177.0,1004.0,640.0,1111.0,1341.0,2
1089.0,913.0,712.0,1016.0,1208.0,2
1196.0,1014.0,643.0,1101.0,1334.0,2
1107.0,874.0,721.0,984.0,1208.0,2
1102.0,897.0,715.0,1024.0,1196.0,2
993.0,688.0,847.0,874.0,931.0,0
912.0,559.0,1016.0,837.0,656.0,0
883.0,496.0,1140.0,804.0,478.0,0
893.0,507.0,1111.0,794.0,489.0,0
1033.0,711.0,893.0,935.0,893.0,0
1222.0,966.0,636.0,1134.0,1322.0,2
1190.0,1000.0,624.0,1152.0,1280.0,2
1035.0,783.0,794.0,969.0,943.0,2
990.0,705.0,873.0,913.0,772.0,0
1011.0,732.0,830.0,944.0,826.0,0
1041.0,763.0,790.0,1003.0,808.0,0
1086.0,850.0,723.0,1072.0,901.0,2
1021.0,755.0,807.0,980.0,763.0,0
1014.0,761.0,806.0,972.0,722.0,0
1023.0,771.0,807.0,982.0,735.0,0
1172.0,977.0,657.0,1160.0,1047.0,2
1172.0,1017.0,623.0,1185.0,1163.0,2
1219.0,1081.0,590.0,1246.0,1244.0,2
1106.0,891.0,708.0,1058.0,1025.0,2
1078.0,824.0,759.0,1016.0,982.0,2
939.0,637.0,960.0,883.0,607.0,0
975.0,670.0,943.0,910.0,616.0,0
958.0,660.0,935.0,905.0,654.0,0
921.0,594.0,1025.0,867.0,479.0,0
931.0,580.0,983.0,863.0,487.0,0
874.0,472.0,1179.0,803.0,382.0,0
872.0,476.0,1249.0,794.0,350.0,0
904.0,530.0,1079.0,846.0,438.0,0
951.0,568.0,1021.0,888.0,578.0,0
1183.0,896.0,673.0,1115.0,1140.0,2
1187.0,970.0,625.0,1174.0,1203.0,2
1072.0,874.0,715.0,1033.0,1000.0,2
1011.0,780.0,805.0,964.0,806.0,0
997.0,752.0,837.0,952.0,724.0,0
989.0,791.0,804.0,953.0,690.0,0
1006.0,837.0,775.0,971.0,757.0,0
1016.0,845.0,771.0,987.0,818.0,2
1069.0,918.0,724.0,1045.0,936.0,2
1109.0,989.0,664.0,1096.0,1133.0,2
1182.0,1071.0,617.0,1187.0,1298.0,2
1253.0,1179.0,573.0,1268.0,1387.0,2
1288.0,1228.0,549.0,1333.0,1502.0,1
1153.0,981.0,666.0,1097.0,1273.0,2
1161.0,969.0,677.0,1111.0,1271.0,2
1271.0,1031.0,618.0,1138.0,1464.0,2
1156.0,909.0,684.0,1023.0,1384.0,2
1106.0,850.0,727.0,997.0,1281.0,2
1008.0,726.0,834.0,913.0,1083.0,0
966.0,703.0,865.0,903.0,989.0,0
931.0,627.0,948.0,860.0,911.0,0
922.0,611.0,962.0,867.0,893.0,0
911.0,606.0,950.0,866.0,894.0,0
993.0,736.0,819.0,941.0,1018.0,0
1100.0,919.0,678.0,1072.0,1191.0,2
1141.0,940.0,651.0,1099.0,1285.0,2
1085.0,800.0,750.0,983.0,1219.0,2
1153.0,853.0,696.0,1027.0,1370.0,2
1122.0,831.0,722.0,982.0,1317.0,2
992.0,685.0,890.0,902.0,818.0,0
1018.0,693.0,868.0,937.0,683.0,0
981.0,649.0,924.0,901.0,573.0,0
988.0,679.0,905.0,911.0,595.0,0
1059.0,777.0,797.0,969.0,774.0,0
1110.0,870.0,708.0,1057.0,1059.0,2
1204.0,979.0,639.0,1147.0,1326.0,2
1275.0,1061.0,593.0,1203.0,1494.0,2
1297.0,1044.0,600.0,1185.0,1559.0,2
1277.0,991.0,609.0,1141.0,1575.0,2
1207.0,888.0,664.0,1062.0,1447.0,2
1222.0,880.0,684.0,1083.0,1367.0,2
1141.0,816.0,745.0,1026.0,1230.0,2
1228.0,913.0,643.0,1124.0,1396.0,2
1120.0,770.0,756.0,1012.0,1191.0,2
1067.0,758.0,775.0,993.0,1009.0,2
947.0,580.0,978.0,894.0,572.0,0
918.0,501.0,1148.0,881.0,420.0,0
920.0,506.0,1142.0,905.0,453.0,0
941.0,541.0,1065.0,919.0,520.0,0
949.0,552.0,1035.0,919.0,531.0,0
990.0,604.0,944.0,947.0,579.0,0
996.0,620.0,928.0,946.0,570.0,0
1023.0,623.0,916.0,976.0,571.0,0
1037.0,636.0,891.0,1024.0,582.0,0
1017.0,613.0,919.0,1007.0,551.0,0
1042.0,671.0,861.0,1038.0,634.0,0
1037.0,665.0,854.0,1013.0,633.0,0
1009.0,640.0,915.0,996.0,613.0,0
1033.0,675.0,853.0,1006.0,702.0,0
1016.0,647.0,906.0,997.0,649.0,0
1076.0,745.0,801.0,1040.0,841.0,2
1029.0,699.0,851.0,1001.0,795.0,0
984.0,661.0,898.0,965.0,638.0,0
1003.0,694.0,876.0,976.0,663.0,0
1009.0,671.0,877.0,1010.0,610.0,0
946.0,588.0,1005.0,948.0,480.0,0
910.0,518.0,1130.0,936.0,404.0,0
886.0,464.0,1273.0,919.0,357.0,0
879.0,447.0,1317.0,910.0,348.0,0
907.0,502.0,1129.0,947.0,399.0,0
949.0,589.0,987.0,1001.0,464.0,0
1054.0,786.0,766.0,1129.0,699.0,2
1214.0,1010.0,609.0,1282.0,1006.0,2
1253.0,1095.0,566.0,1375.0,1206.0,2
1197.0,964.0,614.0,1260.0,1122.0,2
1156.0,859.0,684.0,1196.0,1069.0,2
1132.0,837.0,694.0,1199.0,1062.0,2
1207.0,950.0,623.0,1303.0,1162.0,2
1127.0,896.0,664.0,1227.0,1010.0,2
1112.0,851.0,694.0,1184.0,931.0,2
1186.0,925.0,641.0,1272.0,1025.0,2
1192.0,976.0,618.0,1290.0,1110.0,2
1177.0,931.0,656.0,1281.0,979.0,2
1478.0,1301.0,469.0,1682.0,1409.0,1
1486.0,1289.0,466.0,1633.0,1438.0,1
1118.0,863.0,680.0,1194.0,1083.0,2
1019.0,730.0,811.0,1082.0,916.0,2
961.0,643.0,914.0,1046.0,825.0,0
931.0,591.0,1015.0,1015.0,704.0,0
938.0,592.0,992.0,1032.0,668.0,0
888.0,511.0,1112.0,963.0,512.0,0
844.0,454.0,1327.0,908.0,385.0,0
851.0,440.0,1349.0,918.0,377.0,0
905.0,503.0,1152.0,956.0,467.0,0
987.0,628.0,929.0,1035.0,691.0,0
1124.0,842.0,690.0,1180.0,981.0,2
1408.0,1200.0,490.0,1523.0,1369.0,1
1501.0,1403.0,418.0,1789.0,1589.0,1
1266.0,1149.0,528.0,1435.0,1370.0,1
1082.0,855.0,725.0,1140.0,1005.0,2
1123.0,942.0,653.0,1225.0,1105.0,2
1174.0,979.0,611.0,1282.0,1142.0,2
1209.0,1082.0,573.0,1355.0,1105.0,2
1120.0,940.0,657.0,1245.0,917.0,2
1174.0,1010.0,613.0,1305.0,1050.0,2
1068.0,896.0,702.0,1177.0,848.0,2
1146.0,985.0,650.0,1236.0,952.0,2
1204.0,1089.0,601.0,1335.0,1059.0,2
1062.0,903.0,717.0,1141.0,720.0,2
1122.0,919.0,680.0,1201.0,981.0,2
940.0,686.0,903.0,1005.0,648.0,0
935.0,628.0,995.0,986.0,611.0,0
1011.0,725.0,852.0,1050.0,773.0,0
952.0,665.0,907.0,1007.0,703.0,0
899.0,572.0,1063.0,951.0,560.0,0
880.0,533.0,1161.0,948.0,499.0,0
882.0,516.0,1132.0,959.0,575.0,0
844.0,466.0,1261.0,894.0,478.0,0
860.0,497.0,1251.0,912.0,442.0,0
917.0,597.0,1084.0,994.0,602.0,0
1126.0,886.0,719.0,1208.0,936.0,2
1033.0,820.0,740.0,1114.0,870.0,2
944.0,697.0,881.0,1022.0,688.0,0
955.0,687.0,895.0,1004.0,706.0,0
992.0,694.0,900.0,1020.0,756.0,0
1090.0,910.0,701.0,1192.0,974.0,2
1151.0,983.0,629.0,1244.0,1121.0,2
1148.0,975.0,638.0,1243.0,1064.0,2
1140.0,946.0,653.0,1231.0,1076.0,2
1160.0,990.0,632.0,1254.0,1090.0,2
1167.0,1027.0,610.0,1289.0,1119.0,2
1194.0,1038.0,605.0,1317.0,1181.0,2
1224.0,1071.0,590.0,1331.0,1240.0,2
1209.0,1028.0,619.0,1264.0,1254.0,2
1145.0,962.0,657.0,1212.0,1192.0,2
1016.0,744.0,825.0,1053.0,1020.0,2
1018.0,750.0,831.0,1051.0,916.0,0
937.0,625.0,977.0,983.0,798.0,0
949.0,647.0,956.0,1023.0,762.0,0
895.0,545.0,1080.0,964.0,685.0,0
884.0,528.0,1148.0,960.0,619.0,0
883.0,518.0,1135.0,962.0,606.0,0
968.0,652.0,937.0,1051.0,788.0,0
1071.0,787.0,755.0,1146.0,947.0,2
1310.0,1082.0,555.0,1400.0,1254.0,2
1332.0,1132.0,522.0,1439.0,1352.0,1
1178.0,939.0,640.0,1228.0,1165.0,2
1093.0,836.0,728.0,1142.0,1025.0,2
1060.0,784.0,770.0,1117.0,941.0,2
1121.0,873.0,697.0,1206.0,1000.0,2
1118.0,888.0,685.0,1223.0,962.0,2
1205.0,1002.0,612.0,1299.0,1214.0,2
1274.0,1094.0,537.0,1364.0,1428.0,2
1301.0,1092.0,525.0,1388.0,1484.0,1
1405.0,1224.0,468.0,1503.0,1658.0,1
1375.0,1230.0,473.0,1522.0,1632.0,1
1367.0,1225.0,485.0,1492.0,1628.0,1
1324.0,1121.0,531.0,1399.0,1481.0,1
1170.0,917.0,652.0,1218.0,1205.0,2
1169.0,895.0,681.0,1201.0,1106.0,2
1181.0,905.0,657.0,1215.0,1106.0,2
1146.0,860.0,692.0,1181.0,1092.0,2
1059.0,773.0,767.0,1127.0,984.0,2
1010.0,679.0,854.0,1046.0,889.0,0
1007.0,677.0,863.0,1053.0,848.0,0
932.0,595.0,991.0,1025.0,771.0,0
998.0,717.0,872.0,1095.0,895.0,0
1072.0,819.0,751.0,1161.0,1003.0,2
1424.0,1260.0,494.0,1568.0,1442.0,1
1527.0,1502.0,411.0,1868.0,1727.0,1
1364.0,1234.0,504.0,1533.0,1606.0,1
1190.0,1044.0,615.0,1324.0,1354.0,2
1021.0,839.0,771.0,1084.0,914.0,2
1051.0,914.0,707.0,1122.0,913.0,2
1021.0,882.0,727.0,1097.0,847.0,2
1016.0,842.0,762.0,1067.0,778.0,2
1040.0,893.0,723.0,1104.0,835.0,2
1089.0,916.0,710.0,1124.0,903.0,2
1148.0,1054.0,631.0,1233.0,1157.0,2
1162.0,1070.0,625.0,1229.0,1237.0,2
1197.0,1102.0,609.0,1309.0,1253.0,2
1059.0,905.0,735.0,1098.0,1130.0,2
1207.0,1023.0,629.0,1233.0,1373.0,2
1188.0,983.0,648.0,1193.0,1338.0,2
1153.0,933.0,687.0,1133.0,1268.0,2
1061.0,849.0,757.0,1063.0,1125.0,2
1028.0,831.0,771.0,1063.0,1054.0,2
1082.0,843.0,729.0,1061.0,1090.0,2
1037.0,771.0,784.0,1004.0,1029.0,2
942.0,688.0,897.0,947.0,882.0,0
904.0,633.0,993.0,897.0,717.0,0
855.0,578.0,1121.0,855.0,599.0,0
914.0,705.0,966.0,926.0,687.0,0
933.0,714.0,899.0,927.0,706.0,0
942.0,696.0,920.0,912.0,682.0,0
943.0,688.0,924.0,909.0,629.0,0
959.0,717.0,892.0,939.0,664.0,0
971.0,739.0,868.0,972.0,664.0,0
954.0,735.0,863.0,953.0,630.0,0
929.0,645.0,962.0,906.0,524.0,0
933.0,660.0,955.0,911.0,488.0,0
967.0,704.0,888.0,961.0,609.0,0
987.0,723.0,863.0,974.0,684.0,0
1003.0,772.0,821.0,1008.0,788.0,0
1138.0,986.0,663.0,1188.0,1030.0,2
1087.0,903.0,713.0,1106.0,1026.0,2
1129.0,920.0,689.0,1139.0,1182.0,2
1191.0,1005.0,637.0,1224.0,1284.0,2
1256.0,1032.0,612.0,1230.0,1371.0,2
1171.0,960.0,679.0,1121.0,1234.0,2
1016.0,780.0,798.0,1004.0,1060.0,2
1035.0,805.0,790.0,1022.0,1038.0,2
980.0,744.0,840.0,979.0,970.0,0
901.0,631.0,988.0,915.0,751.0,0
914.0,655.0,949.0,949.0,742.0,0
940.0,665.0,900.0,955.0,879.0,0
935.0,689.0,894.0,949.0,871.0,0
970.0,691.0,891.0,956.0,890.0,0
1064.0,830.0,739.0,1053.0,1059.0,2
1023.0,776.0,817.0,972.0,808.0,0
955.0,706.0,888.0,884.0,616.0,0
943.0,714.0,898.0,868.0,609.0,0
895.0,622.0,1012.0,804.0,471.0,0
890.0,601.0,1053.0,803.0,391.0,0
904.0,608.0,1033.0,807.0,398.0,0
888.0,611.0,1035.0,791.0,419.0,0
905.0,648.0,1007.0,822.0,509.0,0
974.0,757.0,886.0,884.0,723.0,0
1048.0,847.0,801.0,955.0,888.0,2
895.0,660.0,975.0,826.0,596.0,0
875.0,594.0,1079.0,793.0,451.0,0
943.0,703.0,950.0,870.0,581.0,0
947.0,697.0,913.0,878.0,698.0,0
865.0,566.0,1119.0,797.0,423.0,0
823.0,503.0,1268.0,755.0,332.0,0
798.0,452.0,1435.0,699.0,280.0,0
781.0,425.0,1609.0,667.0,261.0,0
781.0,409.0,1664.0,669.0,252.0,0
779.0,402.0,1665.0,684.0,257.0,0
817.0,462.0,1378.0,732.0,308.0,0
893.0,629.0,1015.0,837.0,456.0,0
883.0,659.0,943.0,842.0,527.0,0
839.0,608.0,1040.0,780.0,475.0,0
809.0,587.0,1084.0,744.0,434.0,0
805.0,584.0,1137.0,726.0,385.0,0
840.0,661.0,1016.0,757.0,435.0,0
812.0,646.0,1045.0,731.0,421.0,0
782.0,594.0,1134.0,673.0,371.0,0
799.0,617.0,1099.0,699.0,382.0,0
812.0,640.0,1093.0,716.0,408.0,0
922.0,842.0,849.0,858.0,676.0,0
938.0,903.0,790.0,885.0,798.0,0
939.0,872.0,814.0,870.0,793.0,0
827.0,687.0,1015.0,727.0,573.0,0
776.0,580.0,1183.0,655.0,402.0,0
755.0,538.0,1285.0,621.0,343.0,0
766.0,515.0,1327.0,642.0,322.0,0
762.0,487.0,1364.0,640.0,307.0,0
736.0,453.0,1498.0,602.0,268.0,0
715.0,387.0,1791.0,559.0,227.0,0
716.0,390.0,1804.0,551.0,221.0,0
731.0,408.0,1727.0,561.0,225.0,0
735.0,407.0,1677.0,579.0,232.0,0
779.0,500.0,1361.0,652.0,313.0,0
915.0,774.0,911.0,839.0,629.0,0
905.0,818.0,853.0,840.0,790.0,0
835.0,688.0,988.0,720.0,630.0,0
798.0,609.0,1122.0,660.0,472.0,0
783.0,580.0,1181.0,647.0,378.0,0
807.0,623.0,1097.0,684.0,384.0,0
827.0,660.0,1030.0,709.0,426.0,0
822.0,632.0,1074.0,701.0,442.0,0
830.0,655.0,1045.0,710.0,467.0,0
833.0,653.0,1073.0,708.0,448.0,0
882.0,766.0,922.0,815.0,582.0,0
967.0,880.0,815.0,887.0,892.0,0
1009.0,958.0,751.0,935.0,1006.0,2
911.0,777.0,913.0,796.0,852.0,0
808.0,613.0,1137.0,672.0,543.0,0
812.0,621.0,1143.0,669.0,529.0,0
790.0,597.0,1184.0,637.0,465.0,0
765.0,544.0,1253.0,601.0,405.0,0
761.0,525.0,1307.0,605.0,332.0,0
788.0,486.0,1294.0,650.0,420.0,0
790.0,471.0,1302.0,669.0,532.0,0
804.0,489.0,1262.0,698.0,630.0,0
831.0,537.0,1158.0,722.0,768.0,0
881.0,680.0,1023.0,813.0,866.0,0
1099.0,1013.0,690.0,1056.0,1254.0,2
1100.0,1065.0,669.0,1072.0,1347.0,2
1042.0,910.0,774.0,922.0,1216.0,2
1026.0,935.0,747.0,942.0,1151.0,2
905.0,796.0,900.0,767.0,699.0,0
891.0,790.0,927.0,764.0,584.0,0
968.0,938.0,790.0,897.0,836.0,2
909.0,826.0,898.0,802.0,626.0,0
938.0,945.0,804.0,855.0,878.0,0
971.0,917.0,802.0,885.0,952.0,2
1148.0,1226.0,624.0,1126.0,1460.0,2
1299.0,1384.0,523.0,1325.0,1855.0,1
1315.0,1269.0,551.0,1282.0,1860.0,1
1180.0,1020.0,656.0,1054.0,1629.0,2
1070.0,821.0,754.0,936.0,1454.0,2
1031.0,763.0,818.0,905.0,1348.0,2
1047.0,778.0,799.0,907.0,1326.0,2
1030.0,724.0,832.0,893.0,1285.0,2
986.0,682.0,875.0,884.0,1205.0,0
992.0,655.0,876.0,887.0,1220.0,0
1076.0,715.0,783.0,947.0,1448.0,2
1104.0,713.0,754.0,1001.0,1433.0,2
1160.0,770.0,702.0,1063.0,1447.0,2
1217.0,846.0,650.0,1120.0,1481.0,2
1457.0,1167.0,496.0,1422.0,1785.0,1
1337.0,1212.0,529.0,1406.0,1756.0,1
1111.0,931.0,687.0,1069.0,1368.0,2
1165.0,852.0,692.0,1155.0,1197.0,2
1129.0,783.0,757.0,1127.0,1084.0,2
1092.0,759.0,773.0,1088.0,1039.0,2
1096.0,777.0,767.0,1107.0,961.0,2
1108.0,783.0,758.0,1115.0,964.0,2
1124.0,787.0,740.0,1147.0,941.0,2
1216.0,879.0,670.0,1252.0,1111.0,2
1437.0,1202.0,507.0,1510.0,1459.0,1
1473.0,1245.0,476.0,1539.0,1519.0,1
1396.0,1164.0,508.0,1488.0,1412.0,1
1285.0,1013.0,568.0,1331.0,1336.0,2
1206.0,928.0,621.0,1235.0,1285.0,2
1179.0,868.0,664.0,1205.0,1240.0,2
1213.0,877.0,654.0,1206.0,1282.0,2
1142.0,849.0,680.0,1173.0,1189.0,2
1089.0,750.0,765.0,1108.0,1117.0,2
982.0,617.0,891.0,977.0,1024.0,0
888.0,526.0,1134.0,912.0,744.0,0
979.0,602.0,925.0,993.0,928.0,0
1023.0,690.0,833.0,1049.0,1006.0,0
1153.0,878.0,682.0,1180.0,1173.0,2
1393.0,1204.0,506.0,1497.0,1568.0,1
1567.0,1502.0,399.0,1848.0,1913.0,1
1334.0,1174.0,524.0,1432.0,1643.0,1
1280.0,1165.0,533.0,1435.0,1605.0,1
1330.0,1145.0,537.0,1399.0,1668.0,1
1349.0,1193.0,507.0,1493.0,1710.0,1
1349.0,1167.0,515.0,1443.0,1632.0,1
1344.0,1182.0,525.0,1411.0,1545.0,1
1337.0,1198.0,521.0,1401.0,1557.0,1
1316.0,1177.0,544.0,1392.0,1529.0,1
1253.0,1094.0,575.0,1327.0,1430.0,2
1258.0,1144.0,558.0,1336.0,1509.0,1
1326.0,1253.0,514.0,1479.0,1615.0,1
1109.0,896.0,710.0,1132.0,1242.0,2
1029.0,762.0,820.0,1049.0,1065.0,2
1112.0,833.0,759.0,1104.0,1180.0,2
1100.0,810.0,768.0,1070.0,1158.0,2
1136.0,849.0,715.0,1132.0,1216.0,2
1000.0,712.0,848.0,989.0,971.0,0
1041.0,732.0,789.0,1003.0,1076.0,2
1009.0,710.0,819.0,974.0,1011.0,0
975.0,681.0,889.0,948.0,813.0,0
993.0,727.0,810.0,989.0,1001.0,0
872.0,587.0,1082.0,866.0,655.0,0
1017.0,818.0,842.0,1034.0,933.0,2
1070.0,928.0,701.0,1112.0,1088.0,2
915.0,658.0,957.0,866.0,562.0,0
978.0,772.0,870.0,955.0,586.0,0
968.0,777.0,830.0,929.0,617.0,0
1008.0,843.0,787.0,998.0,705.0,0
1025.0,913.0,724.0,1035.0,814.0,2
983.0,806.0,820.0,966.0,615.0,0
1018.0,868.0,751.0,1015.0,804.0,2
1101.0,916.0,721.0,1125.0,861.0,2
1116.0,888.0,695.0,1176.0,980.0,2
1161.0,945.0,654.0,1205.0,1077.0,2
1212.0,1010.0,622.0,1284.0,1214.0,2
1225.0,985.0,635.0,1255.0,1169.0,2
1154.0,891.0,697.0,1197.0,1079.0,2
1140.0,856.0,707.0,1171.0,1147.0,2
1201.0,949.0,665.0,1220.0,1260.0,2
1011.0,742.0,842.0,998.0,929.0,0
867.0,590.0,1088.0,826.0,465.0,0
856.0,545.0,1166.0,803.0,398.0,0
859.0,527.0,1203.0,810.0,342.0,0
859.0,479.0,1285.0,822.0,313.0,0
842.0,454.0,1433.0,788.0,292.0,0
856.0,505.0,1246.0,833.0,367.0,0
867.0,500.0,1219.0,818.0,387.0,0
877.0,541.0,1148.0,829.0,399.0,0
869.0,535.0,1162.0,783.0,376.0,0
900.0,582.0,1081.0,792.0,377.0,0
899.0,603.0,1055.0,782.0,379.0,0
895.0,624.0,1002.0,787.0,387.0,0
992.0,844.0,830.0,990.0,552.0,0
1104.0,1095.0,609.0,1210.0,930.0,2
933.0,711.0,912.0,850.0,554.0,0
973.0,778.0,839.0,916.0,723.0,0
1069.0,923.0,735.0,1036.0,875.0,2
1055.0,821.0,797.0,942.0,949.0,2
1032.0,778.0,834.0,926.0,869.0,0
982.0,714.0,879.0,905.0,747.0,0
968.0,680.0,918.0,891.0,740.0,0
979.0,718.0,883.0,903.0,807.0,0
935.0,666.0,939.0,836.0,653.0,0
942.0,666.0,960.0,848.0,553.0,0
883.0,561.0,1080.0,785.0,412.0,0
841.0,470.0,1311.0,708.0,289.0,0
843.0,443.0,1490.0,730.0,262.0,0
872.0,460.0,1359.0,755.0,288.0,0
862.0,474.0,1312.0,753.0,310.0,0
917.0,562.0,1099.0,827.0,418.0,0
1022.0,771.0,812.0,941.0,769.0,0
1022.0,837.0,755.0,978.0,881.0,2
961.0,789.0,839.0,910.0,816.0,0
912.0,731.0,912.0,811.0,684.0,0
896.0,731.0,911.0,799.0,627.0,0
890.0,726.0,921.0,779.0,523.0,0
891.0,740.0,919.0,788.0,502.0,0
894.0,737.0,913.0,805.0,604.0,0
907.0,753.0,886.0,819.0,682.0,0
973.0,827.0,825.0,888.0,846.0,0
1035.0,961.0,726.0,985.0,1027.0,2
1146.0,1147.0,621.0,1148.0,1315.0,2
1176.0,1162.0,600.0,1137.0,1363.0,2
1057.0,935.0,720.0,982.0,1236.0,2
974.0,763.0,861.0,865.0,1076.0,0
1044.0,834.0,781.0,924.0,1200.0,2
988.0,734.0,860.0,868.0,1081.0,0
1016.0,781.0,799.0,918.0,1174.0,2
929.0,659.0,920.0,851.0,1033.0,0
876.0,576.0,1040.0,815.0,900.0,0
872.0,558.0,1054.0,807.0,853.0,0
888.0,574.0,1035.0,820.0,886.0,0
927.0,638.0,949.0,846.0,949.0,0
991.0,786.0,817.0,931.0,1037.0,2
1317.0,1247.0,558.0,1360.0,1571.0,1
1402.0,1462.0,449.0,1599.0,1885.0,1
1222.0,1188.0,554.0,1265.0,1683.0,1
1109.0,1060.0,650.0,1091.0,1412.0,2
959.0,875.0,797.0,864.0,1006.0,2
964.0,902.0,780.0,882.0,855.0,2
1006.0,1006.0,705.0,988.0,964.0,2
1002.0,968.0,732.0,920.0,886.0,2
997.0,975.0,739.0,926.0,947.0,2
1019.0,964.0,729.0,957.0,984.0,2
1192.0,1196.0,581.0,1222.0,1450.0,2
1399.0,1387.0,487.0,1499.0,1837.0,1
1419.0,1408.0,466.0,1531.0,1899.0,1
1250.0,1094.0,600.0,1198.0,1629.0,2
1156.0,916.0,687.0,1055.0,1490.0,2
1064.0,783.0,785.0,954.0,1319.0,2
1066.0,771.0,795.0,949.0,1247.0,2
1031.0,741.0,821.0,927.0,1144.0,2
973.0,663.0,889.0,887.0,1014.0,0
937.0,600.0,985.0,873.0,885.0,0
930.0,616.0,969.0,893.0,875.0,0
949.0,640.0,902.0,909.0,971.0,0
979.0,707.0,851.0,959.0,1048.0,0
1094.0,865.0,708.0,1061.0,1223.0,2
1450.0,1322.0,490.0,1497.0,1756.0,1
1508.0,1479.0,419.0,1685.0,2014.0,1
1374.0,1255.0,504.0,1375.0,1855.0,1
1308.0,1117.0,549.0,1261.0,1795.0,1
1249.0,996.0,593.0,1198.0,1575.0,2
1282.0,1023.0,573.0,1305.0,1461.0,2
1253.0,988.0,589.0,1292.0,1314.0,2
1222.0,924.0,612.0,1216.0,1147.0,2
1201.0,882.0,638.0,1189.0,948.0,2
1238.0,985.0,592.0,1271.0,1252.0,2
1434.0,1234.0,476.0,1520.0,1676.0,1
1573.0,1436.0,407.0,1747.0,2056.0,1
1552.0,1413.0,407.0,1724.0,2088.0,1
1510.0,1297.0,458.0,1606.0,1945.0,1
1165.0,870.0,671.0,1181.0,1482.0,2
1177.0,837.0,670.0,1161.0,1448.0,2
1135.0,800.0,705.0,1130.0,1304.0,2
1070.0,739.0,767.0,1070.0,1186.0,2
1034.0,715.0,801.0,1067.0,1051.0,2
1014.0,731.0,784.0,1062.0,1038.0,2
988.0,673.0,838.0,1034.0,969.0,0
975.0,668.0,874.0,1020.0,951.0,0
984.0,681.0,852.0,1020.0,970.0,0
1092.0,831.0,720.0,1143.0,1090.0,2
1454.0,1299.0,457.0,1606.0,1673.0,1
1446.0,1328.0,439.0,1620.0,1833.0,1
1316.0,1105.0,511.0,1372.0,1828.0,1
1283.0,1039.0,549.0,1308.0,1724.0,1
1223.0,999.0,578.0,1258.0,1547.0,2
1176.0,969.0,612.0,1196.0,1300.0,2
1041.0,945.0,692.0,1082.0,1000.0,2
1008.0,946.0,705.0,1016.0,942.0,2
962.0,807.0,821.0,901.0,745.0,0
1048.0,925.0,721.0,1022.0,941.0,2
1145.0,1074.0,593.0,1186.0,1232.0,2
1198.0,1291.0,531.0,1295.0,1527.0,1
1319.0,1399.0,497.0,1458.0,1746.0,1
1274.0,1136.0,547.0,1233.0,1741.0,1
1085.0,882.0,705.0,985.0,1433.0,2
1017.0,760.0,806.0,922.0,1235.0,2
1039.0,774.0,786.0,949.0,1173.0,2
1027.0,751.0,798.0,936.0,1171.0,2
952.0,662.0,905.0,887.0,1024.0,0
930.0,609.0,968.0,864.0,928.0,0
942.0,665.0,923.0,912.0,956.0,0
897.0,594.0,999.0,870.0,871.0,0
928.0,631.0,985.0,908.0,884.0,0
987.0,738.0,833.0,957.0,1010.0,0
1272.0,1111.0,563.0,1279.0,1416.0,2
1452.0,1370.0,445.0,1581.0,1817.0,1
1415.0,1278.0,483.0,1399.0,1870.0,1
1203.0,951.0,618.0,1162.0,1305.0,2
1258.0,1052.0,551.0,1297.0,1205.0,2
1328.0,1123.0,508.0,1404.0,1339.0,1
1260.0,1059.0,544.0,1319.0,1161.0,2
1201.0,985.0,585.0,1252.0,996.0,2
1161.0,992.0,601.0,1211.0,906.0,2
1254.0,1112.0,533.0,1349.0,1161.0,2
1452.0,1381.0,428.0,1661.0,1695.0,1
1438.0,1374.0,435.0,1640.0,1705.0,1
1273.0,1096.0,553.0,1350.0,1379.0,2
1096.0,850.0,690.0,1146.0,943.0,2
1151.0,813.0,702.0,1156.0,1073.0,2
1189.0,797.0,688.0,1157.0,1213.0,2
1078.0,704.0,765.0,1077.0,898.0,2
1152.0,759.0,706.0,1113.0,1094.0,2
1128.0,740.0,705.0,1113.0,1064.0,2
1015.0,608.0,873.0,1027.0,655.0,0
979.0,547.0,952.0,1039.0,470.0,0
972.0,542.0,1029.0,1056.0,443.0,0
992.0,565.0,912.0,1074.0,547.0,0
1053.0,671.0,807.0,1137.0,570.0,0
1140.0,800.0,679.0,1209.0,782.0,2
1136.0,822.0,653.0,1184.0,744.0,2
1180.0,846.0,646.0,1206.0,791.0,2
1131.0,792.0,678.0,1177.0,749.0,2
1083.0,804.0,702.0,1105.0,615.0,2
1120.0,859.0,640.0,1167.0,681.0,2
1038.0,699.0,765.0,1042.0,515.0,0
1096.0,788.0,699.0,1115.0,583.0,2
1126.0,881.0,648.0,1140.0,728.0,2
1153.0,910.0,622.0,1208.0,827.0,2
1177.0,878.0,641.0,1224.0,844.0,2
1383.0,1119.0,522.0,1415.0,1310.0,1
1363.0,1064.0,536.0,1350.0,1353.0,1
1087.0,803.0,699.0,1130.0,907.0,2
1028.0,703.0,783.0,1070.0,646.0,0
1017.0,641.0,892.0,1044.0,482.0,0
1050.0,660.0,860.0,1071.0,526.0,0
1023.0,672.0,819.0,1069.0,595.0,0
940.0,583.0,942.0,991.0,416.0,0
963.0,617.0,902.0,1006.0,398.0,0
971.0,585.0,928.0,1004.0,394.0,0
887.0,488.0,1184.0,908.0,312.0,0
944.0,551.0,1063.0,985.0,381.0,0
970.0,592.0,909.0,1018.0,509.0,0
1034.0,651.0,861.0,1060.0,601.0,0
1160.0,765.0,711.0,1134.0,962.0,2
1283.0,887.0,607.0,1238.0,1231.0,2
1387.0,981.0,535.0,1368.0,1396.0,1
1325.0,921.0,570.0,1345.0,1297.0,2
1057.0,641.0,803.0,1103.0,616.0,0
1078.0,668.0,855.0,1109.0,509.0,0
1159.0,762.0,742.0,1158.0,590.0,2
1195.0,795.0,710.0,1157.0,718.0,2
1217.0,861.0,642.0,1234.0,898.0,2
1542.0,1200.0,469.0,1520.0,1577.0,1
1407.0,1066.0,525.0,1397.0,1560.0,1
1189.0,837.0,665.0,1204.0,1208.0,2
1208.0,911.0,613.0,1245.0,1244.0,2
1207.0,861.0,649.0,1217.0,1181.0,2
1056.0,699.0,787.0,1085.0,828.0,2
1128.0,771.0,733.0,1178.0,923.0,2
1119.0,778.0,705.0,1187.0,1096.0,2
1077.0,701.0,761.0,1122.0,1106.0,2
1036.0,636.0,845.0,1084.0,976.0,0
1016.0,647.0,824.0,1090.0,937.0,0
1103.0,730.0,735.0,1139.0,1049.0,2
1176.0,880.0,634.0,1257.0,1180.0,2
1430.0,1169.0,481.0,1543.0,1514.0,1
1572.0,1374.0,411.0,1763.0,1771.0,1
1243.0,1006.0,572.0,1349.0,1395.0,2
1101.0,817.0,707.0,1157.0,1024.0,2
1103.0,857.0,681.0,1182.0,946.0,2
1116.0,859.0,670.0,1197.0,864.0,2
1141.0,904.0,646.0,1249.0,889.0,2
1151.0,885.0,660.0,1222.0,903.0,2
1263.0,1008.0,597.0,1308.0,1121.0,2
1324.0,1128.0,540.0,1441.0,1319.0,1
1533.0,1439.0,416.0,1799.0,1829.0,1
1626.0,1531.0,371.0,1937.0,2000.0,1
1639.0,1510.0,378.0,1904.0,2001.0,1
1346.0,1124.0,502.0,1490.0,1598.0,1
1218.0,914.0,597.0,1291.0,1383.0,2
1166.0,880.0,631.0,1280.0,1238.0,2
1095.0,772.0,721.0,1175.0,1023.0,2
958.0,601.0,947.0,1054.0,659.0,0
960.0,582.0,933.0,1062.0,657.0,0
972.0,571.0,931.0,1063.0,764.0,0
911.0,508.0,1048.0,1005.0,667.0,0
923.0,516.0,1049.0,1002.0,667.0,0
981.0,610.0,867.0,1068.0,856.0,0
1038.0,701.0,760.0,1102.0,940.0,2
1370.0,1118.0,495.0,1459.0,1406.0,1
1471.0,1265.0,434.0,1655.0,1617.0,1
1447.0,1167.0,466.0,1514.0,1694.0,1
1329.0,1090.0,508.0,1401.0,1473.0,1
1197.0,989.0,577.0,1297.0,1087.0,2
1198.0,968.0,590.0,1264.0,945.0,2
1171.0,977.0,608.0,1234.0,905.0,2
1191.0,1011.0,620.0,1262.0,903.0,2
1213.0,1060.0,578.0,1292.0,1041.0,2
1258.0,1124.0,552.0,1363.0,1194.0,2
1413.0,1339.0,464.0,1611.0,1533.0,1
1610.0,1573.0,381.0,1890.0,1932.0,1
1710.0,1632.0,346.0,2028.0,2140.0,1
1515.0,1295.0,435.0,1615.0,1871.0,1
1199.0,916.0,613.0,1227.0,1435.0,2
1128.0,818.0,674.0,1156.0,1303.0,2
1108.0,798.0,694.0,1144.0,1199.0,2
1038.0,709.0,768.0,1087.0,1069.0,2
1004.0,646.0,823.0,1054.0,989.0,0
969.0,584.0,904.0,1021.0,899.0,0
938.0,559.0,942.0,1026.0,850.0,0
927.0,549.0,967.0,1008.0,828.0,0
977.0,673.0,830.0,1060.0,902.0,0
1011.0,685.0,823.0,1054.0,902.0,0
1228.0,984.0,588.0,1293.0,1222.0,2
1521.0,1434.0,404.0,1809.0,1784.0,1
1425.0,1178.0,468.0,1477.0,1761.0,1
1339.0,1094.0,509.0,1376.0,1634.0,1
1310.0,1046.0,552.0,1351.0,1527.0,1
1250.0,1012.0,585.0,1249.0,1192.0,2
1181.0,1015.0,617.0,1192.0,1023.0,2
1272.0,1220.0,533.0,1353.0,1251.0,2
1231.0,1064.0,618.0,1188.0,1082.0,2
1286.0,1223.0,529.0,1350.0,1348.0,1
1315.0,1225.0,509.0,1408.0,1365.0,1
1494.0,1460.0,420.0,1682.0,1827.0,1
1494.0,1381.0,422.0,1677.0,1879.0,1
1545.0,1390.0,423.0,1676.0,1915.0,1
1354.0,1094.0,517.0,1357.0,1705.0,1
1301.0,998.0,553.0,1283.0,1610.0,1
1144.0,826.0,661.0,1158.0,1300.0,2
1080.0,732.0,748.0,1087.0,1093.0,2
1013.0,671.0,817.0,1056.0,986.0,0
966.0,587.0,921.0,1017.0,846.0,0
959.0,578.0,909.0,1016.0,822.0,0
919.0,532.0,997.0,983.0,714.0,0
953.0,604.0,903.0,1020.0,838.0,0
1117.0,808.0,669.0,1178.0,1109.0,2
1485.0,1265.0,441.0,1647.0,1676.0,1
1583.0,1457.0,376.0,1808.0,1976.0,1
1448.0,1187.0,471.0,1490.0,1814.0,1
1294.0,1006.0,567.0,1296.0,1538.0,2
1269.0,1016.0,579.0,1273.0,1383.0,2
1247.0,985.0,581.0,1255.0,1184.0,2
1239.0,1045.0,559.0,1312.0,1094.0,2
1199.0,1041.0,574.0,1271.0,986.0,2
1216.0,1013.0,576.0,1277.0,967.0,2
1131.0,925.0,638.0,1158.0,831.0,2
1300.0,1149.0,530.0,1353.0,1182.0,2
1358.0,1331.0,459.0,1518.0,1523.0,1
1492.0,1425.0,417.0,1690.0,1780.0,1
1413.0,1251.0,478.0,1504.0,1682.0,1
1210.0,943.0,611.0,1224.0,1390.0,2
1196.0,902.0,620.0,1185.0,1390.0,2
1101.0,809.0,690.0,1123.0,1201.0,2
1076.0,770.0,721.0,1093.0,1107.0,2
1040.0,736.0,740.0,1099.0,1050.0,2
989.0,667.0,824.0,1048.0,943.0,0
966.0,639.0,843.0,1033.0,903.0,0
912.0,587.0,922.0,1002.0,826.0,0
960.0,668.0,841.0,1038.0,878.0,0
1028.0,784.0,709.0,1110.0,996.0,2
1375.0,1134.0,504.0,1467.0,1470.0,1
1522.0,1466.0,380.0,1822.0,1883.0,1
1400.0,1227.0,465.0,1542.0,1661.0,1
1323.0,1144.0,502.0,1405.0,1568.0,1
1250.0,990.0,579.0,1262.0,1291.0,2
1283.0,1048.0,550.0,1336.0,1226.0,2
1171.0,993.0,597.0,1208.0,841.0,2
1264.0,1081.0,555.0,1323.0,951.0,2
1301.0,1152.0,525.0,1343.0,1151.0,2
1321.0,1175.0,525.0,1366.0,1279.0,1
1343.0,1298.0,477.0,1495.0,1416.0,1
1493.0,1444.0,417.0,1702.0,1738.0,1
1545.0,1403.0,407.0,1743.0,1821.0,1
1477.0,1247.0,456.0,1562.0,1733.0,1
1202.0,864.0,620.0,1255.0,1115.0,2
1236.0,849.0,631.0,1274.0,1131.0,2
1206.0,849.0,640.0,1245.0,1127.0,2
1192.0,832.0,646.0,1253.0,1167.0,2
1044.0,630.0,845.0,1099.0,809.0,0
1053.0,648.0,808.0,1109.0,709.0,0
1023.0,600.0,872.0,1089.0,575.0,0
1005.0,620.0,846.0,1098.0,572.0,0
959.0,578.0,907.0,1079.0,546.0,0
1049.0,686.0,793.0,1159.0,795.0,0
1255.0,983.0,555.0,1439.0,1268.0,2
1285.0,1009.0,517.0,1452.0,1366.0,2
1254.0,973.0,543.0,1403.0,1328.0,2
1253.0,966.0,560.0,1378.0,1251.0,2
1242.0,935.0,584.0,1327.0,1127.0,2
1212.0,918.0,593.0,1308.0,1066.0,2
1165.0,839.0,652.0,1214.0,867.0,2
1136.0,781.0,712.0,1169.0,691.0,2
1233.0,926.0,617.0,1293.0,917.0,2
1177.0,800.0,696.0,1191.0,748.0,2
1223.0,883.0,614.0,1289.0,968.0,2
1360.0,1063.0,507.0,1483.0,1420.0,1
1435.0,1140.0,477.0,1550.0,1530.0,1
1305.0,995.0,552.0,1402.0,1341.0,2
1199.0,869.0,618.0,1306.0,1160.0,2
1217.0,921.0,589.0,1336.0,1261.0,2
1200.0,847.0,636.0,1297.0,1132.0,2
1150.0,807.0,669.0,1243.0,1042.0,2
1086.0,726.0,736.0,1192.0,848.0,2
1027.0,684.0,788.0,1149.0,666.0,0
993.0,640.0,848.0,1110.0,548.0,0
985.0,610.0,851.0,1101.0,604.0,0
934.0,552.0,966.0,1063.0,520.0,0
977.0,631.0,859.0,1120.0,659.0,0
970.0,618.0,888.0,1095.0,611.0,0
1041.0,706.0,778.0,1178.0,756.0,2
1144.0,821.0,651.0,1262.0,988.0,2
1209.0,933.0,581.0,1329.0,1058.0,2
1083.0,727.0,763.0,1135.0,636.0,2
1063.0,678.0,796.0,1107.0,522.0,0
988.0,600.0,912.0,1033.0,415.0,0
1060.0,686.0,830.0,1110.0,445.0,0
1087.0,717.0,786.0,1112.0,515.0,0
1153.0,798.0,715.0,1184.0,678.0,2
1167.0,838.0,660.0,1227.0,825.0,2
1370.0,1072.0,535.0,1428.0,1233.0,1
1403.0,1142.0,492.0,1518.0,1419.0,1
1364.0,1061.0,534.0,1436.0,1397.0,1
1111.0,825.0,679.0,1238.0,975.0,2
1091.0,777.0,711.0,1217.0,891.0,2
1107.0,777.0,697.0,1221.0,945.0,2
1095.0,746.0,716.0,1217.0,916.0,2
1027.0,673.0,794.0,1160.0,770.0,0
996.0,631.0,845.0,1153.0,697.0,0
955.0,582.0,902.0,1118.0,611.0,0
947.0,553.0,944.0,1110.0,693.0,0
1003.0,650.0,831.0,1158.0,750.0,0
1120.0,815.0,660.0,1291.0,1053.0,2
1476.0,1219.0,459.0,1673.0,1561.0,1
1653.0,1573.0,345.0,2147.0,1920.0,1
1403.0,1161.0,487.0,1576.0,1583.0,1
1241.0,1011.0,545.0,1428.0,1274.0,2
1176.0,914.0,621.0,1347.0,1083.0,2
1160.0,862.0,636.0,1320.0,924.0,2
1224.0,977.0,571.0,1424.0,1002.0,2
1175.0,906.0,616.0,1332.0,905.0,2
1235.0,947.0,594.0,1362.0,923.0,2
1288.0,1064.0,539.0,1446.0,1123.0,2
1512.0,1386.0,425.0,1831.0,1602.0,1
1609.0,1544.0,367.0,1999.0,1878.0,1
1537.0,1446.0,392.0,1855.0,1840.0,1
1315.0,1126.0,498.0,1537.0,1474.0,1
1155.0,909.0,604.0,1331.0,1244.0,2
1033.0,759.0,735.0,1185.0,937.0,2
1078.0,808.0,696.0,1221.0,891.0,2
1069.0,799.0,682.0,1211.0,1044.0,2
952.0,648.0,847.0,1107.0,792.0,0
910.0,570.0,964.0,1060.0,670.0,0
878.0,517.0,1069.0,1046.0,689.0,0
899.0,556.0,1001.0,1064.0,717.0,0
939.0,620.0,905.0,1095.0,813.0,0
1001.0,701.0,816.0,1130.0,891.0,0
1303.0,1102.0,536.0,1488.0,1323.0,1
1557.0,1499.0,381.0,1945.0,1817.0,1
1402.0,1263.0,446.0,1640.0,1723.0,1
1380.0,1170.0,477.0,1566.0,1656.0,1
1350.0,1168.0,475.0,1564.0,1539.0,1
1283.0,1061.0,525.0,1434.0,1294.0,2
1293.0,1064.0,522.0,1446.0,1229.0,2
1197.0,943.0,599.0,1294.0,951.0,2
1142.0,924.0,629.0,1236.0,819.0,2
1147.0,914.0,633.0,1233.0,801.0,2
1448.0,1322.0,447.0,1655.0,1492.0,1
1487.0,1350.0,418.0,1698.0,1692.0,1
1476.0,1308.0,428.0,1674.0,1654.0,1
1282.0,1013.0,545.0,1384.0,1287.0,2
1147.0,848.0,636.0,1289.0,938.0,2
1130.0,828.0,645.0,1283.0,973.0,2
1154.0,822.0,656.0,1285.0,1087.0,2
1049.0,683.0,782.0,1190.0,796.0,2
1056.0,672.0,769.0,1184.0,830.0,2
1011.0,622.0,827.0,1158.0,703.0,0
993.0,604.0,848.0,1160.0,762.0,0
976.0,568.0,891.0,1143.0,705.0,0
1050.0,690.0,761.0,1223.0,867.0,2
1143.0,818.0,646.0,1316.0,1122.0,2
1606.0,1360.0,396.0,1895.0,1771.0,1
1592.0,1478.0,360.0,1975.0,1874.0,1
1510.0,1282.0,419.0,1726.0,1812.0,1
1421.0,1172.0,474.0,1513.0,1726.0,1
1169.0,987.0,596.0,1285.0,1184.0,2
1187.0,1014.0,578.0,1315.0,1131.0,2
1171.0,1045.0,570.0,1291.0,1149.0,2
1175.0,1040.0,582.0,1268.0,1185.0,2
1216.0,1050.0,564.0,1311.0,1244.0,2
1239.0,1062.0,558.0,1299.0,1380.0,2
1463.0,1383.0,440.0,1636.0,1727.0,1
1616.0,1610.0,374.0,1909.0,2021.0,1
1663.0,1597.0,366.0,1906.0,2159.0,1
1445.0,1263.0,464.0,1500.0,1844.0,1
1293.0,1052.0,536.0,1332.0,1593.0,1
1354.0,1084.0,502.0,1380.0,1651.0,1
1251.0,973.0,559.0,1277.0,1482.0,2
1222.0,902.0,590.0,1256.0,1384.0,2
1044.0,702.0,746.0,1099.0,1101.0,2
1006.0,659.0,791.0,1082.0,999.0,2
953.0,583.0,889.0,1043.0,895.0,0
959.0,598.0,878.0,1045.0,904.0,0
949.0,607.0,884.0,1043.0,851.0,0
1073.0,760.0,727.0,1128.0,1052.0,2
1499.0,1291.0,444.0,1653.0,1609.0,1
1404.0,1149.0,469.0,1523.0,1614.0,1
1465.0,1241.0,434.0,1572.0,1774.0,1
1474.0,1158.0,469.0,1476.0,1802.0,1
1611.0,1233.0,413.0,1687.0,1741.0,1
1590.0,1219.0,410.0,1677.0,1830.0,1
1422.0,1120.0,476.0,1525.0,1696.0,1
1273.0,988.0,563.0,1387.0,1257.0,2
1296.0,1014.0,543.0,1401.0,1305.0,2
1247.0,989.0,557.0,1383.0,1183.0,2
1359.0,1135.0,505.0,1500.0,1347.0,1
1726.0,1570.0,359.0,2021.0,1947.0,1
1818.0,1675.0,330.0,2143.0,2129.0,1
1667.0,1410.0,383.0,1818.0,1948.0,1
1549.0,1233.0,424.0,1648.0,1804.0,1
1385.0,1045.0,496.0,1462.0,1572.0,1
1320.0,950.0,542.0,1428.0,1426.0,2
1205.0,828.0,622.0,1344.0,1170.0,2
1099.0,709.0,727.0,1263.0,1000.0,2
1106.0,715.0,714.0,1279.0,949.0,2
1099.0,718.0,714.0,1300.0,905.0,2
1042.0,671.0,754.0,1255.0,845.0,2
980.0,621.0,858.0,1190.0,692.0,0
1138.0,782.0,705.0,1321.0,926.0,2
1517.0,1222.0,437.0,1750.0,1470.0,1
1537.0,1374.0,384.0,1941.0,1660.0,1
1296.0,1017.0,526.0,1494.0,1360.0,2
1255.0,958.0,579.0,1420.0,1215.0,2
1367.0,1105.0,503.0,1578.0,1391.0,1
1473.0,1210.0,462.0,1686.0,1521.0,1
1422.0,1175.0,474.0,1647.0,1483.0,1
1378.0,1125.0,502.0,1601.0,1380.0,1
1446.0,1224.0,471.0,1706.0,1450.0,1
1473.0,1235.0,468.0,1702.0,1519.0,1
1619.0,1411.0,417.0,1908.0,1684.0,1
1673.0,1484.0,397.0,2008.0,1812.0,1
1605.0,1397.0,420.0,1891.0,1710.0,1
1460.0,1201.0,466.0,1685.0,1591.0,1
1407.0,1117.0,486.0,1596.0,1521.0,1
1286.0,982.0,550.0,1458.0,1353.0,2
1372.0,1054.0,504.0,1534.0,1463.0,1
1312.0,995.0,527.0,1488.0,1447.0,1
1205.0,867.0,601.0,1361.0,1294.0,2
1167.0,829.0,622.0,1360.0,1172.0,2
1122.0,811.0,641.0,1336.0,1122.0,2
1126.0,779.0,663.0,1309.0,1103.0,2
1121.0,757.0,672.0,1293.0,1113.0,2
1135.0,797.0,651.0,1325.0,1109.0,2
1248.0,939.0,565.0,1458.0,1229.0,2
1325.0,1010.0,513.0,1522.0,1404.0,1
1347.0,1000.0,510.0,1490.0,1450.0,1
1317.0,952.0,541.0,1443.0,1393.0,2
1243.0,912.0,579.0,1406.0,1227.0,2
1169.0,841.0,623.0,1361.0,1040.0,2
1085.0,769.0,711.0,1264.0,820.0,2
1177.0,896.0,616.0,1374.0,1011.0,2
1207.0,888.0,611.0,1382.0,1042.0,2
1269.0,1005.0,553.0,1463.0,1136.0,2
1205.0,996.0,559.0,1456.0,1101.0,2
1218.0,1009.0,553.0,1486.0,1108.0,2
1183.0,914.0,604.0,1387.0,1078.0,2
1242.0,978.0,564.0,1449.0,1210.0,2
1263.0,990.0,553.0,1465.0,1270.0,2
1139.0,865.0,625.0,1362.0,1119.0,2
1166.0,829.0,632.0,1338.0,1133.0,2
1079.0,727.0,724.0,1275.0,1010.0,2
1008.0,669.0,791.0,1241.0,894.0,2
1034.0,707.0,740.0,1267.0,930.0,2
1001.0,675.0,778.0,1260.0,861.0,2
977.0,605.0,852.0,1212.0,841.0,0
986.0,602.0,878.0,1211.0,851.0,0
1082.0,720.0,697.0,1297.0,960.0,2
1068.0,688.0,725.0,1289.0,926.0,2
1136.0,733.0,692.0,1344.0,901.0,2
1184.0,743.0,672.0,1369.0,915.0,2
1179.0,738.0,680.0,1335.0,956.0,2
1182.0,761.0,677.0,1338.0,1019.0,2
1082.0,700.0,759.0,1286.0,842.0,2
996.0,620.0,820.0,1238.0,612.0,0
1024.0,630.0,862.0,1240.0,544.0,0
1093.0,682.0,797.0,1256.0,638.0,2
1170.0,756.0,713.0,1341.0,793.0,2
1153.0,734.0,712.0,1324.0,811.0,2
1220.0,796.0,652.0,1367.0,896.0,2
1218.0,825.0,627.0,1393.0,978.0,2
1172.0,810.0,637.0,1376.0,964.0,2
1182.0,812.0,650.0,1368.0,993.0,2
1160.0,794.0,658.0,1356.0,966.0,2
1106.0,728.0,722.0,1309.0,885.0,2
1031.0,652.0,803.0,1256.0,775.0,0
1015.0,640.0,821.0,1247.0,738.0,0
1003.0,635.0,829.0,1235.0,711.0,0
951.0,583.0,905.0,1212.0,624.0,0
938.0,575.0,955.0,1195.0,585.0,0
933.0,574.0,937.0,1201.0,646.0,0
1010.0,656.0,815.0,1260.0,809.0,0
1025.0,675.0,798.0,1257.0,828.0,2
1086.0,756.0,700.0,1308.0,894.0,2
1111.0,773.0,690.0,1331.0,915.0,2
1129.0,788.0,692.0,1305.0,920.0,2
1097.0,721.0,746.0,1266.0,807.0,2
1029.0,670.0,800.0,1223.0,678.0,0
1071.0,752.0,736.0,1289.0,668.0,2
1053.0,721.0,764.0,1216.0,617.0,2
1055.0,693.0,789.0,1203.0,598.0,0
1176.0,822.0,704.0,1294.0,778.0,2
1293.0,965.0,589.0,1399.0,1062.0,2
1307.0,1063.0,554.0,1432.0,1224.0,2
1163.0,954.0,600.0,1369.0,1118.0,2
1103.0,861.0,660.0,1310.0,964.0,2
1120.0,817.0,669.0,1310.0,1050.0,2
1107.0,810.0,677.0,1311.0,1016.0,2
1078.0,766.0,692.0,1269.0,998.0,2
963.0,646.0,834.0,1181.0,846.0,0
923.0,596.0,908.0,1148.0,762.0,0
853.0,502.0,1117.0,1087.0,592.0,0
883.0,530.0,997.0,1102.0,617.0,0
921.0,575.0,956.0,1143.0,672.0,0
1031.0,748.0,738.0,1245.0,890.0,2
1371.0,1180.0,472.0,1632.0,1354.0,1
1519.0,1461.0,370.0,2005.0,1648.0,1
1409.0,1262.0,434.0,1709.0,1566.0,1
1303.0,1128.0,489.0,1573.0,1541.0,1
1184.0,978.0,567.0,1425.0,1226.0,2
1202.0,1052.0,519.0,1525.0,1126.0,2
1197.0,1040.0,530.0,1519.0,1147.0,2
1234.0,1049.0,523.0,1516.0,1190.0,2
1247.0,1059.0,508.0,1550.0,1212.0,2
1234.0,1060.0,509.0,1504.0,1251.0,2
1339.0,1200.0,457.0,1671.0,1404.0,1
1331.0,1160.0,474.0,1598.0,1419.0,1
1251.0,1097.0,502.0,1541.0,1328.0,1
1267.0,1102.0,498.0,1545.0,1378.0,1
1145.0,938.0,591.0,1376.0,1159.0,2
1010.0,752.0,740.0,1218.0,932.0,2
1025.0,761.0,745.0,1237.0,942.0,2
1024.0,759.0,721.0,1224.0,944.0,2
938.0,679.0,829.0,1144.0,798.0,0
905.0,615.0,885.0,1104.0,776.0,0
826.0,512.0,1108.0,1043.0,636.0,0
879.0,539.0,1045.0,1073.0,678.0,0
901.0,589.0,933.0,1109.0,754.0,0
948.0,702.0,801.0,1164.0,818.0,0
1250.0,1069.0,532.0,1457.0,1202.0,2
1263.0,1138.0,503.0,1533.0,1296.0,1
1319.0,1164.0,489.0,1543.0,1418.0,1
1202.0,1055.0,534.0,1458.0,1293.0,2
1109.0,896.0,629.0,1308.0,1027.0,2
1136.0,962.0,594.0,1350.0,1052.0,2
1082.0,910.0,629.0,1301.0,875.0,2
1070.0,947.0,609.0,1292.0,815.0,2
1070.0,917.0,633.0,1252.0,760.0,2
1123.0,945.0,623.0,1303.0,856.0,2
1271.0,1183.0,493.0,1498.0,1258.0,1
1304.0,1212.0,476.0,1585.0,1383.0,1
1360.0,1295.0,451.0,1639.0,1518.0,1
1278.0,1147.0,505.0,1536.0,1890.0,1
1130.0,933.0,608.0,1373.0,1389.0,2
1066.0,802.0,689.0,1282.0,1090.0,2
1090.0,841.0,661.0,1317.0,1092.0,2
1013.0,754.0,729.0,1245.0,954.0,2
998.0,718.0,757.0,1230.0,951.0,2
923.0,616.0,874.0,1169.0,790.0,0
904.0,565.0,942.0,1144.0,752.0,0
884.0,556.0,965.0,1135.0,708.0,0
936.0,628.0,876.0,1173.0,782.0,0
1068.0,816.0,681.0,1264.0,1011.0,2
1531.0,1394.0,407.0,1860.0,1683.0,1
1184.0,1012.0,567.0,1397.0,1341.0,2
1064.0,848.0,692.0,1212.0,1014.0,2
996.0,759.0,773.0,1119.0,751.0,0
984.0,724.0,810.0,1088.0,630.0,0
980.0,728.0,808.0,1098.0,565.0,0
970.0,710.0,833.0,1094.0,535.0,0
940.0,656.0,913.0,1052.0,471.0,0
963.0,691.0,857.0,1075.0,512.0,0
961.0,702.0,849.0,1070.0,527.0,0
1067.0,836.0,713.0,1206.0,690.0,2
1084.0,866.0,682.0,1219.0,778.0,2
1102.0,912.0,647.0,1287.0,872.0,2
976.0,731.0,787.0,1095.0,622.0,0
895.0,607.0,944.0,1012.0,512.0,0
886.0,568.0,1015.0,992.0,438.0,0
886.0,589.0,975.0,1001.0,443.0,0
848.0,541.0,1067.0,937.0,392.0,0
818.0,497.0,1198.0,885.0,347.0,0
848.0,509.0,1126.0,882.0,341.0,0
826.0,488.0,1187.0,895.0,322.0,0
818.0,473.0,1257.0,898.0,323.0,0
868.0,535.0,1136.0,944.0,395.0,0
901.0,586.0,993.0,979.0,510.0,0
1044.0,845.0,710.0,1158.0,909.0,2
1030.0,828.0,705.0,1130.0,869.0,2
965.0,730.0,799.0,1038.0,652.0,0
948.0,684.0,851.0,1011.0,599.0,0
939.0,687.0,870.0,981.0,550.0,0
925.0,713.0,853.0,957.0,518.0,0
924.0,739.0,834.0,966.0,541.0,0
891.0,669.0,923.0,911.0,456.0,0
897.0,687.0,908.0,916.0,467.0,0
939.0,726.0,890.0,955.0,508.0,0
943.0,770.0,856.0,959.0,583.0,0
928.0,790.0,812.0,951.0,609.0,0
961.0,874.0,747.0,1003.0,757.0,2
867.0,694.0,906.0,858.0,539.0,0
823.0,579.0,1070.0,778.0,420.0,0
835.0,593.0,1072.0,793.0,408.0,0
893.0,675.0,955.0,853.0,560.0,0
965.0,803.0,802.0,951.0,889.0,0
838.0,580.0,1055.0,791.0,516.0,0
835.0,546.0,1111.0,768.0,391.0,0
820.0,536.0,1137.0,777.0,374.0,0
815.0,488.0,1223.0,742.0,326.0,0
842.0,535.0,1140.0,805.0,352.0,0
884.0,587.0,999.0,863.0,566.0,0
922.0,658.0,898.0,922.0,706.0,0
903.0,618.0,933.0,899.0,575.0,0
899.0,631.0,955.0,884.0,505.0,0
890.0,634.0,952.0,856.0,471.0,0
877.0,632.0,993.0,834.0,421.0,0
867.0,613.0,1019.0,817.0,389.0,0
892.0,614.0,986.0,843.0,408.0,0
889.0,603.0,1022.0,853.0,382.0,0
900.0,622.0,1008.0,861.0,387.0,0
910.0,644.0,971.0,873.0,428.0,0
947.0,682.0,906.0,928.0,488.0,0
947.0,708.0,858.0,958.0,556.0,0
936.0,685.0,866.0,942.0,568.0,0
925.0,645.0,904.0,930.0,546.0,0
885.0,567.0,1021.0,872.0,428.0,0
891.0,567.0,1031.0,881.0,418.0,0
904.0,593.0,1012.0,894.0,472.0,0
929.0,617.0,953.0,898.0,544.0,0
951.0,642.0,895.0,929.0,666.0,0
938.0,631.0,882.0,931.0,679.0,0
921.0,642.0,861.0,948.0,768.0,0
850.0,583.0,955.0,914.0,589.0,0
811.0,494.0,1118.0,872.0,470.0,0
848.0,530.0,1072.0,901.0,523.0,0
882.0,563.0,978.0,936.0,660.0,0
936.0,611.0,911.0,949.0,741.0,0
1022.0,715.0,806.0,1004.0,831.0,0
970.0,677.0,888.0,931.0,613.0,0
1000.0,779.0,805.0,1001.0,640.0,0
996.0,781.0,806.0,985.0,631.0,0
928.0,701.0,926.0,902.0,456.0,0
933.0,722.0,899.0,890.0,450.0,0
956.0,783.0,857.0,896.0,516.0,0
968.0,826.0,867.0,898.0,548.0,0
953.0,817.0,872.0,891.0,603.0,0
1015.0,743.0,851.0,981.0,597.0,0
1248.0,1018.0,599.0,1289.0,1167.0,2
1180.0,894.0,636.0,1200.0,1372.0,2
1102.0,812.0,693.0,1178.0,1042.0,2
1116.0,803.0,696.0,1173.0,1055.0,2
1100.0,769.0,722.0,1147.0,1049.0,2
1012.0,683.0,801.0,1073.0,816.0,0
944.0,579.0,925.0,1002.0,598.0,0
912.0,544.0,959.0,1002.0,573.0,0
887.0,508.0,1047.0,974.0,549.0,0
864.0,478.0,1116.0,958.0,489.0,0
888.0,528.0,1077.0,987.0,578.0,0
1031.0,730.0,760.0,1129.0,905.0,2
1384.0,1221.0,470.0,1600.0,1457.0,1
1446.0,1362.0,415.0,1777.0,1705.0,1
1297.0,1102.0,507.0,1375.0,1583.0,1
1314.0,1101.0,539.0,1374.0,1729.0,1
1163.0,1027.0,604.0,1264.0,1269.0,2
1142.0,1063.0,603.0,1241.0,1092.0,2
1003.0,961.0,702.0,1041.0,770.0,2
1071.0,1047.0,654.0,1129.0,816.0,2
